"Model","R2","RMSE","MAE"
"lm",0.228785682912109,11.7959805035811,9.08637853067348
"rf",0.473499621100841,9.75146370030712,7.25143739881796
"xgbTree",0.370424795753313,10.6719285301157,8.15736664714589
"gbm",0.362262932811497,10.7387512945239,8.22706779974271
"knn",0.391663402847787,10.523750104676,7.9082751276561
"gam",0.324377294662005,11.0414451214645,8.44030490661596
"pls",0.182471672472793,12.1448284512382,9.3655796544897
"svmRadial",0.37211237217442,10.6766157870958,8.0128364666155
"cubist",0.446420652093825,10.0112100580418,7.47479546480615
