"ID","longitude","latitude","x_proj","y_proj","richness_true","residuals","local_error_variance","abs_residual"
3,146.6971058,-24.87870449,1465047.88281009,-2773343.18108635,18.29122676,-8.080850820807,53.2018476480175,8.080850820807
4,146.8104515,-24.80100589,1477302.94370444,-2766001.20668016,22.26758041,-7.14311685800772,53.2018476480175,7.14311685800772
6,146.736832,-24.98729764,1467589.91010609,-2785886.02808406,22.26758041,-6.12985301383809,53.2018476480175,6.12985301383809
7,145.6093847,-25.82597727,1345758.92991897,-2866900.55520014,55.33985905,15.8667439604916,47.3993002533916,15.8667439604916
8,145.6097254,-25.82584511,1345794.06790507,-2866889.41044684,47.4341649,7.69203618161693,47.3993002533916,7.69203618161693
9,145.6099261,-25.82573869,1345815.10763169,-2866879.66057349,56.92099788,17.1788691616169,47.3993002533916,17.1788691616169
10,145.6104182,-25.82546351,1345866.86531649,-2866854.16654222,53.75872022,13.6291697023933,47.3993002533916,13.6291697023933
11,145.6113922,-25.78812229,1346408.02343684,-2862701.54607349,37.94733192,-0.890571476563046,47.3993002533916,0.890571476563046
12,145.6118718,-25.78804561,1346456.19898571,-2862698.05227301,44.27188724,5.43398384343695,47.3993002533916,5.43398384343695
14,145.6110984,-25.78766806,1346384.48692833,-2862647.81177248,42.69074841,4.48983631007226,47.3993002533916,4.48983631007226
15,145.4879101,-25.79630727,1334142.37492253,-2862318.62428671,31.6227766,4.57935488678664,47.3993002533916,4.57935488678664
19,145.4884205,-25.77650486,1334426.64346034,-2860116.1389677,36.36619309,11.2181435452159,47.3993002533916,11.2181435452159
22,145.4878085,-25.77680546,1334362.77115697,-2860143.2610803,36.36619309,10.4768679090576,47.3993002533916,10.4768679090576
23,145.7313403,-25.86612415,1357289.32449631,-2872666.26595861,49.01530373,9.03307444898275,68.5550116125059,9.03307444898275
24,145.7314261,-25.86557415,1357304.38813902,-2872605.86633935,44.27188724,4.28965795898274,68.5550116125059,4.28965795898274
28,145.7212138,-25.87701404,1356161.32706719,-2873772.68398757,45.85302607,5.3137007321022,68.5550116125059,5.3137007321022
29,145.6955262,-25.88777307,1353503.11579358,-2874699.66670949,31.6227766,-4.65123204475805,68.5550116125059,4.65123204475805
33,145.7222022,-25.87883749,1356236.72373134,-2873986.44832378,47.4341649,-2.10884056596198,68.5550116125059,2.10884056596198
37,145.7713495,-25.8794787,1361067.67776286,-2874580.59658474,45.85302607,1.41185262799904,68.5550116125059,1.41185262799904
38,145.7501479,-25.87311299,1359057.02803078,-2873645.28528261,45.85302607,1.9146723265806,68.5550116125059,1.9146723265806
39,145.7706968,-25.87986141,1360998.80297084,-2874616.30456608,37.94733192,-7.55500603922058,68.5550116125059,7.55500603922058
40,145.7502029,-25.87262592,1359068.30961484,-2873591.57495279,49.01530373,9.67431629005195,68.5550116125059,9.67431629005195
43,145.592671,-25.82634901,1344108.02069268,-2866766.04697216,44.27188724,1.80518530506372,47.3993002533916,1.80518530506372
46,145.5888063,-25.84351049,1343523.0266052,-2868638.66046845,30.04163777,-13.265981269612,47.3993002533916,13.265981269612
47,145.5888682,-25.84333955,1343531.15830409,-2868620.25388814,47.4341649,4.12654586038797,47.3993002533916,4.12654586038797
48,145.5891221,-25.84296283,1343560.65095047,-2868580.92475904,56.92099788,13.613378840388,47.3993002533916,13.613378840388
50,145.5934298,-25.8271328,1344173.43835107,-2866861.4114618,53.75872022,10.069866197748,47.3993002533916,10.069866197748
53,145.5035649,-25.79175652,1335738.9140673,-2861974.83114244,26.87936011,1.88401043745934,47.3993002533916,1.88401043745934
62,145.7217006,-25.91613004,1355739.09689496,-2878138.41523035,34.78505426,-3.54173740794295,68.5550116125059,3.54173740794295
63,145.7217603,-25.91614863,1355744.74926035,-2878141.1211602,39.52847075,1.20167908205704,68.5550116125059,1.20167908205704
70,145.7515739,-26.04641922,1357109.76488109,-2892980.44024163,22.13594362,-8.6088315185779,68.5550116125059,8.6088315185779
73,145.7498314,-26.0005305,1357491.19586838,-2887846.12069002,18.97366596,-14.0570141061871,68.5550116125059,14.0570141061871
74,147.3970999,-24.93343767,1533757.48253788,-2787648.74873457,28.37224827,1.67913158423588,59.9229808418748,1.67913158423588
78,146.574467,-27.04472885,1425230.82878546,-3013222.32292708,60.08327554,25.7098389789722,172.661476113361,25.7098389789722
80,146.5736508,-27.04459095,1425153.12026803,-3013197.84915642,49.01530373,16.2878819506142,172.661476113361,16.2878819506142
84,146.5868951,-27.04586734,1426426.33348774,-3013487.90855308,23.71708245,-13.7533688572916,172.661476113361,13.7533688572916
85,146.5870303,-27.04747478,1426418.9532549,-3013668.56082544,42.69074841,4.83530333677611,172.661476113361,4.83530333677611
86,146.5445945,-27.11882984,1421377.95123026,-3021148.04674534,53.75872022,14.366625469135,172.661476113361,14.366625469135
91,146.6784487,-26.92543142,1436888.6874417,-3001092.53325301,47.4341649,7.75917372455797,172.661476113361,7.75917372455797
93,146.6788038,-26.92455645,1436934.54759745,-3000999.02637877,50.59644256,11.7544538543408,172.661476113361,11.7544538543408
97,146.6005696,-27.04816391,1427728.33607025,-3013896.59954636,50.59644256,2.46008627559569,172.661476113361,2.46008627559569
99,146.6739958,-27.03769061,1435011.49960848,-3013552.11000332,36.36619309,-5.74212004315802,172.661476113361,5.74212004315802
100,146.6609736,-27.03629656,1433761.52596132,-3013250.55272136,41.10960958,0.621176617354315,172.661476113361,0.621176617354315
104,146.6572394,-27.01429424,1433680.4899659,-3010756.74783959,47.4341649,7.52324282534696,172.661476113361,7.52324282534696
106,146.6564833,-27.01432851,1433606.41763476,-3010752.08205719,41.10960958,1.06517206760064,172.661476113361,1.06517206760064
110,146.6616036,-27.03466393,1433843.83751982,-3013075.68581104,33.20391543,-8.12163187845702,172.661476113361,8.12163187845702
111,146.6739174,-27.03691398,1435013.85086358,-3013464.68405614,42.69074841,-0.679920774546716,172.661476113361,0.679920774546716
115,146.6936516,-27.03573948,1436950.33594149,-3013555.61601243,36.36619309,0.780233117721941,172.661476113361,0.780233117721941
118,146.6330537,-27.73571276,1422075.67554096,-3090885.90492024,26.87936011,7.38027181953754,293.52956974965,7.38027181953754
126,146.7279996,-27.79239911,1430530.45648332,-3098263.43778031,22.13594362,2.35130585754165,293.52956974965,2.35130585754165
128,146.7278068,-27.79237165,1430512.16720739,-3098258.21873093,55.33985905,34.8717112304333,293.52956974965,34.8717112304333
129,146.7271919,-27.78658382,1430527.39211632,-3097606.32381038,37.94733192,15.2301090410233,293.52956974965,15.2301090410233
130,146.7268932,-27.79236082,1430423.96237974,-3098246.78232529,44.27188724,25.0529770318697,293.52956974965,25.0529770318697
133,146.6598006,-27.72835146,1424758.1523027,-3090363.49099766,37.94733192,-5.17762258120432,293.52956974965,5.17762258120432
138,146.6965788,-27.78254791,1427618.89867618,-3096814.10851661,58.50213671,11.3124809242086,293.52956974965,11.3124809242086
146,146.6616979,-27.72831097,1424942.25725289,-3090380.13886908,11.06797181,-27.8732418012248,293.52956974965,27.8732418012248
148,146.6187097,-27.80788456,1419763.31850902,-3098770.10286719,31.6227766,1.08094741979253,293.52956974965,1.08094741979253
155,146.6617462,-27.8111382,1423882.86874727,-3099611.6880563,18.97366596,-10.2553198429166,293.52956974965,10.2553198429166
157,144.7241947,-29.06894807,1222356.86531774,-3219838.53625311,11,-14.7200751085595,61.3718252049605,14.7200751085595
158,144.7243053,-29.06858907,1222371.45880931,-3219799.52818751,17,-8.89210985032613,61.3718252049605,8.89210985032613
160,146.5727924,-28.12994775,1411210.77185288,-3134156.99822205,28.46049894,-11.771853794057,308.141547355486,11.771853794057
168,146.587458,-28.11331082,1412837.44592513,-3132464.80570078,30.04163777,-17.9107625733851,308.141547355486,17.9107625733851
174,146.6138437,-28.0802314,1415805.40872425,-3129070.07188356,39.52847075,3.348265156423,308.141547355486,3.348265156423
175,146.6543998,-28.07170062,1419826.84252351,-3128569.3946885,17.39252713,-29.7992997906977,308.141547355486,29.7992997906977
176,148.6408633,-26.99843087,1626904.82248899,-3032751.40271097,28.37224827,0.225886782537611,63.42290168126,0.225886782537611
177,148.6588596,-27.02105673,1628324.24792684,-3035497.21725223,13.24038253,-11.1171965554965,61.2523512961156,11.1171965554965
184,146.7076312,-28.1826492,1423531.77727673,-3141526.5052837,39.52847075,4.69775834851965,308.141547355486,4.69775834851965
188,146.7318662,-28.15876826,1426175.30154928,-3139135.47184914,67.98896969,33.9993831641063,308.141547355486,33.9993831641063
189,146.7320289,-28.15885885,1426189.81315051,-3139147.38350221,52.17758139,18.1879948641063,308.141547355486,18.1879948641063
190,146.7058809,-28.17072083,1423516.81476723,-3140177.67352256,60.08327554,33.818716532721,308.141547355486,33.818716532721
194,146.5957425,-28.11411182,1413626.08661412,-3132645.72401205,23.71708245,-10.947171919855,308.141547355486,10.947171919855
197,146.6300261,-28.12195377,1416831.48433097,-3133899.51078435,45.85302607,9.72761212541934,308.141547355486,9.72761212541934
199,146.6290307,-28.12126503,1416744.33576659,-3133811.7112346,34.78505426,1.95790963998022,308.141547355486,1.95790963998022
202,146.599644,-28.09433607,1414255.28896287,-3130484.81101063,39.52847075,5.92319113269933,308.141547355486,5.92319113269933
205,146.6048193,-28.11540205,1414484.84961475,-3132889.99117707,44.27188724,14.9290863501103,308.141547355486,14.9290863501103
208,146.6137409,-28.08904151,1415682.68127659,-3130050.84487754,49.01530373,9.06670844486901,308.141547355486,9.06670844486901
210,146.5994304,-28.09428128,1414235.38874763,-3130476.33989966,39.52847075,5.03084849935395,308.141547355486,5.03084849935395
218,146.7564377,-28.17043191,1428392.66018571,-3140709.76938657,41.10960958,9.69712601200765,308.141547355486,9.69712601200765
219,146.7566412,-28.17054059,1428410.86572273,-3140724.15570994,20.55480479,-10.8576787779924,308.141547355486,10.8576787779924
221,146.7572701,-28.15367926,1428689.48623363,-3138852.19975719,22.13594362,-8.97943702797306,308.141547355486,8.97943702797306
225,144.7717791,-29.09778793,1226590.04257698,-3223513.21027698,23,1.32029046070724,60.9542197379728,1.32029046070724
226,148.9837241,-27.13793447,1658154.89465163,-3052673.28881871,17.96909057,-1.02700801085073,61.1537807513253,1.02700801085073
228,145.1010833,-29.20169554,1256913.57926612,-3238308.29427197,35,0.832167343554048,53.7762976688403,0.832167343554048
233,145.0815053,-29.1849853,1255233.41375107,-3236251.49194257,41,3.00982054782155,53.1827205293742,3.00982054782155
235,150.4832864,-26.36807083,1816028.80531318,-2987539.37751253,22.69779862,-4.82687098688941,62.9731394430903,4.82687098688941
237,149.0936335,-27.07147858,1669816.15017152,-3046716.15111908,31.2094731,13.3269444119071,67.1305721850357,13.3269444119071
245,146.8494386,-28.17251556,1437327.39677418,-3141985.01938836,42.69074841,20.1173147210872,308.141547355486,20.1173147210872
247,146.810984,-28.18953794,1433401.06342249,-3143449.77865476,64.82669203,16.9339665608743,308.141547355486,16.9339665608743
248,146.8216096,-28.1900848,1434417.68705219,-3143629.97598143,18.97366596,-25.7794954017014,308.141547355486,25.7794954017014
250,146.8104256,-28.18842685,1433361.68177113,-3143319.70262757,15.8113883,-23.8776883329134,308.141547355486,23.8776883329134
254,146.837703,-28.16597562,1436281.6019525,-3141124.29701224,47.4341649,30.6865392099296,308.141547355486,30.6865392099296
255,146.8376641,-28.1647479,1436293.81378492,-3140987.05545965,9.486832981,-9.68568446006048,308.141547355486,9.68568446006048
265,145.0159789,-29.21905669,1248579.01959152,-3239410.75044097,11,-7.91163869348489,57.6671734935737,7.91163869348489
268,145.0675912,-29.26835578,1252948.21271738,-3245416.31082069,42,17.1706104272679,57.6671734935737,17.1706104272679
280,146.838264,-28.19260596,1435989.45363108,-3144098.00371816,36.36619309,10.0723036946522,308.141547355486,10.0723036946522
282,145.1230494,-29.23782727,1258598.06583136,-3242555.55398509,12,-7.31278041333492,52.6483781564657,7.31278041333492
283,145.0827792,-29.25737709,1254525.2480448,-3244340.51792067,28,6.05132475732738,57.6671734935737,6.05132475732738
285,145.0952799,-29.22910628,1256044.18943448,-3241309.31184047,40,14.2321740402058,52.5301896867838,14.2321740402058
286,145.0776969,-29.25403778,1254077.87318176,-3243918.06925674,21,-3.15222151833124,57.6671734935737,3.15222151833124
293,150.2227858,-26.5477701,1787744.0416995,-3003811.78835739,7.952707288,-12.842836970073,62.9192525996301,12.842836970073
298,150.5161038,-26.48591321,1817321.8023568,-3001084.1449476,36.88392275,9.5002961782206,56.2087729018177,9.5002961782206
308,150.3192386,-26.98586126,1790119.63594404,-3053800.24209023,21.47230968,0.660606983521944,52.2037590522616,0.660606983521944
310,150.2710254,-26.91538017,1786567.39080963,-3045300.15275881,18.29122676,-1.35743157133551,52.2037590522616,1.35743157133551
312,143.8042278,-29.93167965,1125314.97671078,-3307686.19562237,21,-0.00635589779599854,27.198574537109,0.00635589779599854
313,143.8084404,-29.94340508,1125594.09586752,-3309032.24317793,31,10.4867835182103,27.198574537109,10.4867835182103
320,149.7561187,-27.16230925,1732710.98937874,-3065632.80122813,25.53502344,5.62223711337422,48.3601900468892,5.62223711337422
321,148.7083757,-27.67303063,1623598.35591935,-3108644.59791535,13.24038253,-8.51603024152424,83.2451642089033,8.51603024152424
322,148.6975602,-27.66877738,1622615.564082,-3108034.10430838,19.86057379,-4.3774000644926,83.2451642089033,4.3774000644926
324,150.5742719,-26.60536674,1821049.64442809,-3015169.29041568,15.90541458,-11.3287989086406,56.2087729018177,11.3287989086406
325,150.0100089,-27.04153083,1759227.07257062,-3055686.43746387,24.65339259,2.04119563052436,54.3183814527578,2.04119563052436
329,150.2902,-26.993225,1787183.61566866,-3054211.24756278,22.26758041,0.423992511655882,52.2037590522616,0.423992511655882
330,150.2887282,-26.99529231,1787007.70182882,-3054420.18756189,22.26758041,0.403475705505798,52.2037590522616,0.403475705505798
332,150.8445152,-26.53235406,1848557.21411364,-3010949.03646218,12.29464092,-15.5162028205256,59.7343421162293,15.5162028205256
348,143.6038212,-30.58816635,1099588.80570129,-3379214.53059414,19.59591794,1.70550143818694,29.4615170635083,1.70550143818694
349,143.6371791,-30.59085987,1102713.64145053,-3379802.6233477,15.51343504,-2.11297239168354,28.0518403079967,2.11297239168354
355,146.186043,-29.17615147,1360910.01722994,-3246575.61344804,20,-3.62354141309317,37.0732593039326,3.62354141309317
356,146.1855769,-29.19870263,1360585.22470182,-3249084.31607912,13,-6.08103667694617,37.6195908396153,6.08103667694617
360,146.2994279,-29.17092639,1371807.54950684,-3247205.88619333,18,-1.85959365573891,36.1166130115248,1.85959365573891
367,146.3070063,-29.16489176,1372607.17534214,-3246614.69793848,12,-8.42690177362302,36.1166130115248,8.42690177362302
377,146.2005469,-29.2644149,1361197.62740628,-3256568.2214231,28,6.11878907636466,35.999138063837,6.11878907636466
380,146.2164689,-29.26857053,1362665.77842031,-3257201.13960601,25,3.21202199945701,36.8345158194329,3.21202199945701
388,146.2466865,-29.27320276,1365492.35525459,-3258040.07295667,25,7.64923322109766,36.527860650192,7.64923322109766
389,146.2578396,-29.26396022,1366672.34215294,-3257129.20739056,27,6.28255177673007,35.8186546671861,6.28255177673007
391,146.173907,-29.31716677,1357999.52262719,-3262164.43653014,9,-7.38228052394327,30.2017825846345,7.38228052394327
392,146.2063339,-29.28540572,1361488.81347015,-3258969.50623048,20,2.46014576898303,34.6608774082408,2.46014576898303
395,146.2543733,-29.31181034,1365743.94376991,-3262425.19722584,32,16.1702226827656,35.376210249943,16.1702226827656
396,146.2203825,-29.29269051,1362738.87197186,-3259931.23494965,16,-0.957855450530499,35.6592448742051,0.957855450530499
397,146.1457198,-29.24438291,1356211.94676173,-3253752.29722454,21,-1.43068582372206,30.5680060816872,1.43068582372206
399,146.1420226,-29.27430438,1355488.21866811,-3257048.27808834,11,-2.52630488309243,32.5185338167854,2.52630488309243
405,146.1398346,-29.3118434,1354814.35057376,-3261209.33150484,13,-1.19894539967963,30.8321386029265,1.19894539967963
406,150.9713667,-26.30479593,1864685.38207779,-2987550.18865192,40.66688919,11.5892454248151,84.9198279668506,11.5892454248151
411,150.642695,-26.97755103,1821640.00069155,-3057449.9716811,11.1337902,-11.0571123736808,56.2087729018177,11.0571123736808
412,148.6016424,-28.067356,1607552.92486409,-3151157.59598668,3.782966436,-19.5872325249069,64.076341999293,19.5872325249069
416,143.6154776,-30.68319426,1099723.5639451,-3389918.84770722,12.24744871,-1.592349666692,27.0197612920428,1.592349666692
417,143.6226797,-30.62836607,1100961.68980499,-3383862.85415792,23.67840085,7.41291754468528,28.0518403079967,7.41291754468528
424,143.6219706,-30.68900686,1100277.44329044,-3390623.3373537,12.24744871,-2.9547081145304,27.0197612920428,2.9547081145304
425,150.3403466,-26.9366627,1792957.63556499,-3048634.14936651,22.26758041,-0.312725916906821,52.2037590522616,0.312725916906821
429,146.1625185,-29.33971244,1356633.14466528,-3264556.37981049,8,-6.77419330221787,32.5776086692306,6.77419330221787
430,146.1445406,-29.34883089,1354805.09312209,-3265381.94896236,20,5.60932354288637,32.5776086692306,5.60932354288637
434,146.1672952,-29.32229702,1357304.97430174,-3262665.99163087,12,-2.4965756305411,30.2017825846345,2.4965756305411
437,146.171229,-29.35414363,1357284.94780776,-3266257.38557203,18,4.25804992687976,29.3755047736331,4.25804992687976
439,146.1477463,-29.32258876,1355436.13371575,-3262490.96056981,14,-1.33786675214983,30.2017825846345,1.33786675214983
443,146.298176,-29.23694901,1370860.95289132,-3254550.88580648,15,-7.67243280155767,37.0717244575366,7.67243280155767
446,146.3676318,-29.2473859,1377360.74878714,-3256461.10774424,18,-4.82424523701587,39.3013013940197,4.82424523701587
450,146.3848375,-29.26822443,1378740.61791162,-3258969.00893751,18,-3.39473348183647,39.3013013940197,3.39473348183647
452,150.4884287,-27.00787185,1806181.44698141,-3058625.04207908,9.543248745,-13.865060915064,52.2037590522616,13.865060915064
454,143.5838463,-30.83322086,1095215.0305164,-3406386.56853109,28.57738033,6.77688682439842,28.4438013159065,6.77688682439842
455,143.6190757,-30.77725345,1099106.15507365,-3400444.74857063,22.86190427,8.70556457336151,27.0197612920428,8.70556457336151
461,143.5595917,-30.67426689,1094537.29661798,-3388442.74943914,27.76088375,11.7379760189284,29.4615170635083,11.7379760189284
463,143.5131728,-30.62811993,1090619.32973779,-3382896.12102862,17.96292478,-3.14775942725316,29.4615170635083,3.14775942725316
465,151.2086961,-26.52227702,1884183.8945302,-3015151.60920905,24.58928183,-0.440128703317324,86.37454311669,0.440128703317324
468,151.250519,-26.54340415,1887899.54325844,-3018111.82604761,30.22028769,-3.24806805479668,86.37454311669,3.24806805479668
475,146.8533761,-29.02203891,1426652.23160108,-3236682.28414493,28,7.09170622931534,67.787909874516,7.09170622931534
477,146.8039851,-29.18288739,1419843.73097049,-3254051.36262765,19,-2.86379809529426,55.7708079696121,2.86379809529426
479,143.5998963,-30.8605878,1096450.34439227,-3409577.50956848,8.98146239,-3.93599524381813,29.4387643603501,3.93599524381813
485,148.2690753,-28.19932647,1573645.91644587,-3161699.88090102,33.10095632,8.46950957465157,85.9072988235095,8.46950957465157
488,146.2289956,-29.33570898,1363024.62411436,-3264817.74760139,11,-3.3265436504694,33.0616192925375,3.3265436504694
493,146.2540752,-29.33013867,1365486.63735727,-3264464.73803396,10,-3.43434853328469,33.0616192925376,3.43434853328469
495,146.2268545,-29.34508264,1362703.54835884,-3265839.63388058,8,-5.2714663627233,33.0616192925375,5.2714663627233
497,143.3035171,-30.8628277,1068487.7929384,-3407316.22269745,30.21037349,10.6510008211291,28.4438013159065,10.6510008211291
499,143.4085687,-30.89520939,1078068.20889853,-3411812.00842816,17.1464282,-1.70806951418986,28.4438013159065,1.70806951418986
501,143.438824,-30.90656618,1080805.83238649,-3413334.77986641,12.24744871,-4.24585154593146,28.4438013159065,4.24585154593146
507,143.4153038,-30.80175811,1079637.16344436,-3401441.41487225,24.49489743,2.09812359480456,28.4438013159065,2.09812359480456
509,146.9074473,-29.17430632,1429833.87226379,-3254249.33836676,4,-7.85145748416125,57.7635030825196,7.85145748416125
510,146.9051941,-29.15881262,1429821.01979512,-3252498.21264518,6,-6.4104236654548,61.9587087689583,6.4104236654548
512,143.4020637,-30.84904078,1077916.13388308,-3406605.63208972,25.31139401,2.71438262884019,28.4438013159065,2.71438262884019
515,143.3368166,-30.86708589,1071584.96578062,-3408070.28717372,24.49489743,4.00393848068507,28.4438013159065,4.00393848068507
516,143.4009644,-30.87874614,1077515.9056816,-3409910.91412119,24.49489743,4.76385666915779,28.4438013159065,4.76385666915779
519,143.3552076,-30.82643364,1073723.00990723,-3403688.42912607,19.59591794,-1.52075375486928,28.4438013159065,1.52075375486928
530,147.0181776,-29.03988996,1442173.84975938,-3240521.19328941,23,-0.904731237050299,61.9274381857408,0.904731237050299
533,147.0016,-29.01043058,1440976.36172117,-3237052.66351887,32,6.64380178674867,62.9571970291182,6.64380178674867
536,147.0028437,-29.05834002,1440465.67753371,-3242403.3256218,16,-5.9349171474536,64.0424336092665,5.9349171474536
538,147.0347875,-29.04550983,1443687.49892093,-3241334.77478264,16,-8.21544583929274,62.3500629803563,8.21544583929274
540,147.0108875,-29.0617875,1441189.10077493,-3242878.05325027,37,13.4920425101729,61.9274381857408,13.4920425101729
545,146.9148398,-29.06806984,1431927.59341219,-3242497.8462678,7,-11.4135723728556,68.7188870349334,11.4135723728556
548,146.9097709,-29.06082779,1431537.73783747,-3241634.28981332,15,-5.16738905845222,68.7188870349334,5.16738905845222
550,146.9022508,-29.10463386,1430247.16485186,-3246429.96843774,27,5.99472114603398,73.106904447168,5.99472114603398
554,146.9422141,-29.00354031,1435388.32928386,-3235616.60291677,18,-2.09125294800237,65.7054955255273,2.09125294800237
556,146.947867,-29.09351255,1434750.8382491,-3245702.59201026,20,-1.78955395340407,59.1134645161406,1.78955395340407
557,146.8830369,-29.00056832,1429768.14934948,-3234621.94306415,22,4.76789435679999,69.5494129149016,4.76789435679999
565,146.8951935,-29.00010902,1430936.69546393,-3234706.88082099,36,17.9127626082849,69.5494129149016,17.9127626082849
566,146.9602055,-29.07514924,1436170.34934702,-3243795.68390824,18,-0.952717486712672,66.6273827557974,0.952717486712672
571,146.9399238,-29.02235835,1434923.0556805,-3237687.15234191,12,-7.532802304056,65.7054955255273,7.532802304056
576,146.943282,-29.04072752,1435003.68271908,-3239771.13187369,15,-3.59065441843683,65.7054955255273,3.59065441843683
580,146.8880594,-29.0747473,1429281.06838552,-3242941.82190145,42,21.9194895932862,66.6466535547046,21.9194895932862
582,146.8831905,-29.01918892,1429540.0778749,-3236698.05801026,24,6.88716937378616,69.5494129149016,6.88716937378616
585,146.9691031,-29.00682564,1437916.45883375,-3236284.95069067,21,-0.077321436461748,62.8693563659092,0.077321436461748
591,146.962284,-29.17391421,1435074.59684467,-3254820.51423028,7,-5.09819605675888,61.7406426821056,5.09819605675888
592,146.9626404,-29.13205763,1435657.18610238,-3250162.15348768,23,1.94610239246669,61.5571343470525,1.94610239246669
593,146.9653725,-29.13921579,1435824.29873381,-3250990.20243888,31,9.89332773014423,59.4987261328145,9.89332773014423
595,146.8456956,-29.19755713,1423635.41030055,-3256149.77068754,5,-8.52773669852314,54.5077321641694,8.52773669852314
596,146.8575878,-29.21129272,1424591.92147546,-3257812.45235356,6,-6.33097199858747,65.2282494015136,6.33097199858747
597,146.845269,-29.2001339,1423561.1793816,-3256432.0663814,5,-9.43859294621566,54.5077321641694,9.43859294621566
598,146.920147,-29.258459,1429946.67358688,-3263765.33745565,4,-6.31512601685967,64.3392603190248,6.31512601685967
605,147.1419214,-29.07782426,1453498.21690685,-3246148.72498342,21.8633068,1.03316151926515,29.0107639423147,1.03316151926515
611,147.1439813,-29.08143239,1453647.16407681,-3246574.01262791,21.02241038,-0.0467331851179438,29.0107639423147,0.0467331851179438
619,143.3468865,-30.76266878,1073571.91753537,-3396502.83034372,25.31139401,3.52740632835029,28.4438013159065,3.52740632835029
622,146.9810092,-29.08553354,1438022.07116909,-3245186.42197759,21,0.0445496136004238,56.3710727745114,0.0445496136004238
628,147.0042445,-29.15494311,1439329.9688519,-3253179.43075645,26,2.66337232495418,58.2152278665265,2.66337232495418
629,147.0515158,-29.10000252,1444567.9547583,-3247593.49690872,29,9.47114620171224,34.7054527808736,9.47114620171224
635,147.059764,-29.14648185,1444742.81591066,-3252863.67195758,17.65882472,0.0290766067845354,33.1710190086711,0.0290766067845354
644,146.1731878,-29.36799106,1357299.85591979,-3267821.60042922,13,-2.56175357183436,29.375504773633,2.56175357183436
645,146.337623,-29.33666256,1373374.73256243,-3266087.36704148,30,3.03775980805307,36.9879134648056,3.03775980805307
648,146.2964745,-29.33062167,1369525.33809769,-3264972.41291904,18,-4.34743262040205,36.9879134648055,4.34743262040205
650,146.3228516,-29.33059569,1372041.86294387,-3265252.53644309,21,-4.31187146299016,36.9879134648056,4.31187146299016
654,146.2802643,-29.35097709,1367724.32638261,-3267067.31745105,29,7.32700565902945,36.0231907611344,7.32700565902945
657,146.3010119,-29.34940877,1369722.82069023,-3267114.81453983,24,1.62177670987148,36.9879134648055,1.62177670987148
658,146.2874439,-29.29476193,1369112.68716463,-3260879.10166535,27,3.57345139742659,36.9879134648056,3.57345139742659
661,146.3119805,-29.29759817,1371418.54329867,-3261458.36831107,35,11.3917016017958,37.916930734226,11.3917016017958
662,146.7448255,-29.35259946,1412003.16098976,-3272302.08864825,5,-6.13523456948547,65.2505884767477,6.13523456948547
670,143.3755501,-30.92733473,1074636.32041645,-3415118.26292393,9.797958971,-2.97398558266567,28.4438013159065,2.97398558266567
679,147.2291913,-29.04882112,1462222.65829128,-3243914.51131038,16.81792831,-0.0220483840492207,30.1589080312081,0.0220483840492207
681,147.3030075,-29.000838,1469919.35878399,-3239418.04560002,23.54509963,8.49467418343513,32.2611087394641,8.49467418343513
685,147.2271489,-29.05424008,1461955.21585803,-3244494.62497449,15.97703189,1.19939675419798,30.1589080312081,1.19939675419798
687,147.2291614,-29.0352824,1462400.38979588,-3242406.41253079,20.18151397,6.09316772553818,30.1589080312081,6.09316772553818
692,147.2281761,-29.05423834,1462053.39281248,-3244506.1862115,6.727171322,-7.88344423508199,30.1589080312081,7.88344423508199
695,147.1809695,-29.08048509,1457193.4934039,-3246889.88761706,10.9316534,-4.26363199274172,33.2626940195689,4.26363199274172
698,146.930154,-29.24034382,1431138.2661934,-3261859.5704398,19.34061755,6.94516274913294,67.4291982690485,6.94516274913294
699,146.9664346,-29.17509204,1435455.42985636,-3254998.33990419,7,-4.89666837456668,61.7406426821056,4.89666837456668
702,142.7053514,-30.96726174,1011101.92462557,-3414103.28501378,44,10.2550644360528,44.5474666681235,10.2550644360528
704,143.4195924,-30.78401803,1080219.10864957,-3399498.09865057,22.04540769,1.44683221619215,28.4438013159065,1.44683221619215
709,143.4342031,-30.76431587,1081794.79189135,-3397423.19212326,30.21037349,7.18219537638199,28.4438013159065,7.18219537638199
717,150.0816103,-27.65899361,1756403.41215581,-3125250.21889252,19.08649749,-6.13169740474907,56.5471470497657,6.13169740474907
722,147.1847632,-29.15662122,1456543.34809911,-3255412.26339689,33,6.49556233056733,31.2113010323263,6.49556233056733
725,148.6951032,-28.3570174,1612316.95828334,-3184555.37875785,35.93818114,9.75531589301373,68.2886550941082,9.75531589301373
726,146.6739837,-29.38663673,1404811.62127204,-3275313.00739922,21,8.44896893575886,48.4989635917911,8.44896893575886
728,147.3381646,-29.07747356,1472250.6263183,-3248356.76367273,19.34061755,5.40427070955378,32.2995332287352,5.40427070955378
731,147.3668329,-29.03387114,1475575.94189394,-3243832.25894222,7,-8.47894320419879,43.1215338991569,8.47894320419879
734,147.0536367,-29.22681307,1443098.56305394,-3261741.53545665,13.45434264,-0.680646942260614,44.4885054634862,0.680646942260614
736,146.6999032,-29.50176093,1405799.85057557,-3288423.23046727,16.81792831,4.12554850149436,39.9909873077968,4.12554850149436
737,146.7019508,-29.50718065,1405925.01791719,-3289049.50657672,13.45434264,3.78092590016147,39.795931720352,3.78092590016147
749,143.4839241,-30.97073699,1084410.40104448,-3420876.38524473,19.59591794,3.90157041850846,28.4438013159065,3.90157041850846
751,150.2073172,-27.71660394,1767613.79228605,-3133382.0065185,25.44866332,-1.11520745716135,56.960285869302,1.11520745716135
762,147.141461,-29.253155,1451129.06537725,-3265670.0671661,6,-2.670357732303,35.4485522368649,2.670357732303
766,145.416596,-30.065555,1276919.9011484,-3337780.83779725,23,8.63443774230553,43.2077555125248,8.63443774230553
769,145.438959,-30.063724,1279061.99390597,-3337800.41929079,10,-8.58184800267224,42.6808117320808,8.58184800267224
770,145.418976,-30.057622,1277238.82022968,-3336920.22952973,20,5.0766734853967,43.2077555125248,5.0766734853967
771,145.430216,-30.076017,1278088.34152165,-3339083.36055682,20,1.94089265370971,42.6808117320808,1.94089265370971
773,146.6031838,-29.58026941,1395586.58940329,-3296108.69257529,14,7.70596520997277,18.0399928257568,7.70596520997277
775,146.7135131,-29.55241316,1406442.93388275,-3294215.46527504,8,-2.80512046416273,39.3308941743566,2.80512046416273
776,146.6375807,-29.54493529,1399312.40535366,-3292548.64009636,5,-3.1273806201421,32.7623060012122,3.1273806201421
784,147.0197075,-29.36401059,1438056.20411585,-3276639.26865562,13.45434264,1.1304644166362,40.2437549189605,1.1304644166362
790,146.9908598,-29.34957094,1435496.4733223,-3274706.62760362,30.27227095,18.8993066298002,45.4464644926068,18.8993066298002
801,145.501988,-30.122754,1284340.47962704,-3345013.19724548,23,5.52704819514192,51.499126838617,5.52704819514192
802,145.543472,-30.095938,1288589.83579698,-3342441.74594578,19,3.02012472952579,64.18612833331,3.02012472952579
806,145.2259228,-30.23708546,1256851.01232452,-3355013.16104714,18,1.96659192633377,39.6227195230598,1.96659192633377
811,145.262009,-30.238602,1260250.33705978,-3355537.7260955,21,3.1777329328159,38.2279872537722,3.1777329328159
813,145.267295,-30.257467,1260531.64919377,-3357692.99304913,15,-2.83208295017583,38.3029670813538,2.83208295017583
814,145.289718,-30.264573,1262571.68137268,-3358706.59159593,19,0.953397511874197,31.4203665074547,0.953397511874197
815,145.263142,-30.218036,1260596.50329269,-3353256.11721996,16,-5.2446032137225,35.3653895294835,5.2446032137225
818,145.486242,-30.091831,1283213.49740941,-3341407.89218302,11,-4.5654181894588,53.0355461451824,4.5654181894588
823,145.440605,-30.1241,1278507.34907115,-3344547.55335575,6,-11.0384482302356,43.4954503472453,11.0384482302356
824,145.447999,-30.102464,1279462.91545046,-3342209.65763767,20,1.9655210368853,42.6808117320808,1.9655210368853
826,145.442169,-30.130001,1278586.10070576,-3345221.02688365,7,-10.2874056600997,43.4954503472453,10.2874056600997
832,147.26869,-29.22835945,1463596.15324803,-3264360.19131952,10.9316534,-0.497362976187198,36.5748684246318,0.497362976187198
833,147.246498,-29.302095,1460494.47160421,-3272316.91295524,7,-0.118241389060129,31.8496278098175,0.118241389060129
848,145.158189,-30.356959,1249055.7894908,-3367712.95509137,9,-11.2495540008109,40.3162430290198,11.2495540008109
853,145.158337,-30.27241,1250044.08361677,-3358288.33802163,21,1.04671409612567,49.7538160226884,1.04671409612567
857,146.3677409,-29.72167839,1371402.199894,-3309313.45196029,4,-2.10674660538804,50.005432197736,2.10674660538804
863,145.349887,-30.282365,1268059.1765652,-3361285.88464724,9,-4.58183565060074,25.9631180860177,4.58183565060074
865,145.3604,-30.262513,1269286.39919059,-3359177.33805679,11,-6.07882970313287,26.6894988087021,6.07882970313287
868,145.359514,-30.242608,1269435.41230159,-3356949.65659692,28,13.5165971913374,33.1964870606448,13.5165971913374
869,145.346392,-30.309297,1267413.63431419,-3364253.33497152,22,7.01378434973553,33.4535653875422,7.01378434973553
872,145.382806,-30.259126,1271446.96008977,-3359022.58241273,13,-2.04490083135327,26.6984648364513,2.04490083135327
876,145.395787,-30.196746,1273407.51716403,-3352198.19846191,18,-0.55939781621877,38.8159698364802,0.55939781621877
888,145.6626916,-30.0735122,1300158.2003829,-3341149.95106975,20,1.3228558433269,72.8196119965344,1.3228558433269
889,145.6800694,-30.09536182,1301543.79835879,-3343762.21822004,19,-0.700881675580995,78.5683522529575,0.700881675580995
892,145.252087,-30.2886831,1258729.63734132,-3361023.04346779,13,-4.76167175936313,40.3345533613446,4.76167175936313
895,146.5071934,-29.75008536,1384295.06216185,-3313982.26000822,7,-3.65773113450294,47.7963801988221,3.65773113450294
901,146.5081851,-29.75243549,1384359.42442693,-3314254.81409827,5,-1.66736809093356,47.7963801988221,1.66736809093356
902,146.4278213,-29.78563009,1376304.46603667,-3317084.55058483,4,-2.73876906573497,50.6980511489558,2.73876906573497
907,145.7087417,-30.07292596,1304530.61804566,-3341554.04552785,36,16.2949974684672,80.8577655954982,16.2949974684672
911,147.271571,-29.338041,1462404.08048211,-3276606.33061783,7,-0.82407553827093,30.7875973182317,0.82407553827093
917,145.1982969,-30.25572689,1254019.62210022,-3356819.97034698,18,-0.595516124320472,39.6227195230598,0.595516124320472
918,145.152187,-30.265424,1249542.36667318,-3357449.30103189,30,9.66150058831326,49.7538160226884,9.66150058831326
921,146.1017117,-29.97537367,1342980.64179668,-3334754.53198449,19,8.0071928803427,53.8485909741271,8.0071928803427
933,144.9684376,-30.50839578,1229385.97936827,-3382755.2275544,24,3.70392686763703,49.0497278250226,3.70392686763703
937,145.8877499,-30.05882536,1321669.90210145,-3341822.44838021,24,4.68160735085049,52.4581306752528,4.68160735085049
939,145.50484,-30.153216,1284250.47306294,-3348437.45628107,13,-2.99196621098384,42.3834575655578,2.99196621098384
940,145.506022,-30.164526,1284228.68017916,-3349710.03871725,7,-10.8150691417716,42.4230574607587,10.8150691417716
941,150.9925084,-27.40932416,1848397.44457705,-3110386.27111841,8.747978016,-15.3769276249788,37.522326379256,15.3769276249788
943,150.387302,-27.86291069,1782612.76155801,-3152128.48456363,27.42650666,-0.377199960683509,55.1886060063634,0.377199960683509
944,145.456048,-30.262505,1278339.89291897,-3360130.12289069,20,5.49414261796021,47.1963149041953,5.49414261796021
945,145.441669,-30.250456,1277120.74955313,-3358643.27271064,11,-4.91797177571427,37.8601025673419,4.91797177571427
947,145.421323,-30.264789,1275026.29449793,-3360037.69723176,10,-4.47510127062404,34.3558097225873,4.47510127062404
952,147.161891,-29.399555,1451133.87523538,-3282205.39367709,5,-2.51895313182633,38.7728139349473,2.51895313182633
955,150.8867059,-27.49889837,1836695.66218726,-3118798.96052717,7.952707288,-11.8480550832581,44.1148843686432,11.8480550832581
962,145.0312039,-30.44922306,1235990.73728273,-3376763.92342541,25,4.07672945301784,50.8611799189049,4.07672945301784
965,147.7389864,-29.03272387,1511148.39164307,-3248054.70850496,30,17.3949631223511,44.2785520567756,17.3949631223511
966,144.7089882,-30.70652494,1202667.74486371,-3402374.69513652,3,-5.37975034959683,46.7358639426164,5.37975034959683
968,150.3373829,-27.98073565,1775915.73602846,-3164515.37793578,23.06285113,-4.33690685819263,63.4752969327842,4.33690685819263
971,145.333737,-30.355335,1265678.6914552,-3369259.65663955,12,0.305635193841903,33.1336872622495,0.305635193841903
973,146.1941531,-29.99276571,1351532.00819363,-3337667.20869386,27,5.58062522679501,44.7625412138538,5.58062522679501
975,146.2370247,-30.01395728,1355333.05013842,-3340482.39196816,21,2.32529902674567,45.3686826846854,2.32529902674567
977,146.2261536,-29.96903447,1354862.06671133,-3335362.15084538,37,22.0115593811361,44.1059739474162,22.0115593811361
991,146.4688901,-29.86672549,1379177.83390515,-3326561.66813743,4,-1.64084193381237,47.7554912292013,1.64084193381237
992,146.5227635,-29.79921907,1385149.48856734,-3319624.483966,7,0.261294040069332,48.0648343801028,0.261294040069332
994,146.5237594,-29.80086516,1385223.12943356,-3319818.65110975,5,-2.88990735732387,48.0648343801028,2.88990735732387
996,145.0622026,-30.56842679,1237557.25777079,-3390352.7124188,21,2.09723027629772,51.3426900434635,2.09723027629772
1001,145.0581487,-30.52122988,1237714.15873057,-3385052.19854382,16,-1.15982306465472,50.5630449445674,1.15982306465472
1008,144.9100047,-30.62919968,1222499.94095603,-3395662.057001,13,6.15189141758246,50.9242507488698,6.15189141758246
1011,144.8483023,-30.71440527,1215718.33470482,-3404571.8089475,5,-3.172974500701,47.7886119994667,3.172974500701
1012,144.9179437,-30.65156347,1222996.20639215,-3398231.11226546,3,-2.54064620383995,50.8439129676875,2.54064620383995
1013,144.9120447,-30.67984179,1222119.93541907,-3401326.99960284,19,9.10322093300888,50.8439129676875,9.10322093300888
1018,144.846718,-30.56367776,1217264.37960184,-3387753.01822144,29,13.2836896112707,50.2128204419587,13.2836896112707
1020,144.9270388,-30.57487788,1224722.32508089,-3389769.33572908,18,4.10831875361331,50.9242507488698,4.10831875361331
1022,144.4045105,-30.96918119,1171093.77778126,-3428829.29722255,5,-2.74935312247527,24.2858259782476,2.74935312247527
1024,147.6086638,-29.14059825,1497223.74385704,-3258528.58281872,3,-6.6818877034243,36.2118133150565,6.6818877034243
1033,145.7437069,-30.14571349,1306969.02547142,-3350023.66685859,35,18.1130031237626,80.452436046866,18.1130031237626
1036,145.2076146,-30.43686229,1252806.73840573,-3377104.28324675,28,16.0978192429713,47.4556157557401,16.0978192429713
1038,145.181817,-30.379636,1251028.97537899,-3370472.19304383,10,-5.13019317194817,40.3162430290198,5.13019317194817
1039,145.1809298,-30.39139298,1250809.36907908,-3371774.15176079,23,6.65970111709861,41.0125213632564,6.65970111709861
1040,145.170787,-30.370565,1250090.50142742,-3369352.9935765,6,-8.89525703382268,40.3162430290198,8.89525703382268
1045,145.249588,-30.386868,1257353.90052621,-3371943.69649646,9,-9.32860075776208,42.2612722598472,9.32860075776208
1051,146.0990994,-29.99722115,1342463.11840916,-3337161.43091024,22,0.275354784697889,52.713487855515,0.275354784697889
1052,146.0976023,-30.02976056,1341919.43459909,-3340771.34438851,18,-0.627927105375097,52.7134878555151,0.627927105375097
1067,146.3174965,-29.95249243,1363732.39407433,-3334491.07026071,5,-11.346377672769,44.8463579906761,11.346377672769
1076,146.5521861,-29.80738112,1387839.60309902,-3320853.01130891,3,-2.99827755927783,48.3087103928892,2.99827755927783
1090,145.446219,-30.275001,1277262.43750742,-3361424.66408129,15,-0.494119830224466,40.4662012543703,0.494119830224466
1092,145.449339,-30.332057,1276885.7380211,-3367815.37015518,9,-1.46785442622566,37.6686297556984,1.46785442622566
1097,145.375453,-30.268619,1270639.7411348,-3360007.61868806,30,12.2307941316037,26.8034427885884,12.2307941316037
1100,145.367942,-30.274968,1269854.49280873,-3360640.66600195,17,0.632344092227395,26.8034427885884,0.632344092227395
1103,145.260932,-30.382911,1258472.50132134,-3371614.29962286,11,-2.8064119019382,42.2612722598472,2.8064119019382
1107,145.306473,-30.378365,1262831.73429303,-3371556.94409578,14,2.7798988757592,51.881015776049,2.7798988757592
1112,145.312636,-30.428764,1262826.99303121,-3377235.57974537,9,-6.11798275782582,46.878819789798,6.11798275782582
1115,144.4418226,-30.97863814,1174502.2366466,-3430226.13650563,2,-4.85866714029034,24.2858259782476,4.85866714029034
1124,146.1575135,-30.05070565,1347339.26801465,-3343735.57468764,24,6.07105171190523,44.3069405875229,6.07105171190523
1125,146.1519866,-30.04682588,1346863.51924101,-3343245.03278324,15,2.00949964016854,44.3069405875229,2.00949964016854
1130,146.1198649,-30.03602065,1343952.52897492,-3341702.86624438,18,-1.1673358332894,52.713487855515,1.1673358332894
1131,146.1090662,-30.0316074,1342983.40127044,-3341097.58382234,22,2.01717196889106,52.713487855515,2.01717196889106
1135,144.9448116,-30.63476129,1225721.63743655,-3396615.55978434,24,4.93546457706861,50.9242507488698,4.93546457706861
1138,145.8479399,-30.15146718,1316772.67184984,-3351735.19179318,5,-13.4856921584091,60.0852629416069,13.4856921584091
1141,145.0884047,-30.54115467,1240343.5935948,-3387566.73805023,23,6.3235498152622,50.5630449445674,6.3235498152622
1143,145.1105217,-30.56695407,1242136.02671202,-3390657.47681523,26,11.0814356263995,50.5630449445675,11.0814356263995
1145,145.0837263,-30.52569537,1240078.89500241,-3385798.02636335,24,6.06035540286936,50.5630449445675,6.06035540286936
1148,146.4811281,-29.88887538,1380058.48073615,-3329161.23775825,3,-1.88602142457927,47.7554912292013,1.88602142457927
1150,146.3900207,-29.96718788,1370425.93707197,-3336904.23739947,20,8.06985737186597,50.8993428772593,8.06985737186597
1152,146.3592607,-29.93290258,1367939.99439832,-3332755.16408299,3,-8.2327591178843,51.3374140047158,8.2327591178843
1155,146.3620761,-30.00311682,1367324.02421456,-3340607.23403486,16,5.32603528318234,49.5815162684976,5.32603528318234
1159,146.3986595,-29.90775651,1371994.51296052,-3330376.31223384,4,-0.322499886260736,51.8792393397102,0.322499886260736
1160,146.4267056,-29.93388998,1374325.41254492,-3333589.00992157,21,8.90798171101117,51.8792393397101,8.90798171101117
1172,145.459424,-30.355794,1277559.9069998,-3370561.84517885,12,2.50403892287957,48.2078472568791,2.50403892287957
1174,145.485805,-30.303737,1280669.4184121,-3365023.89013135,9,1.83305036041483,52.4587237471102,1.83305036041483
1177,145.510738,-30.297266,1283104.89551514,-3364552.82949757,5,-3.81608657840407,53.3137914429661,3.81608657840407
1179,145.5974411,-30.33467012,1290862.65596461,-3369594.94972982,31,14.5028093056915,48.2247700962219,14.5028093056915
1180,147.020169,-29.622451,1434700.70005355,-3305425.83705333,4,-5.33394153217806,35.0739036427017,5.33394153217806
1181,151.0369811,-27.65479146,1848605.32787548,-3138263.13297225,17.49595603,-5.26917289554457,54.1455576772073,5.26917289554457
1185,144.2268513,-31.12282808,1152728.29943159,-3444343.10046074,12,-8.17989280480487,24.8868259254431,8.17989280480487
1187,144.1956235,-31.09543143,1150085.61841742,-3441007.25564577,4,-13.2761402233997,24.8868259254431,13.2761402233997
1188,144.1778289,-31.11418769,1148212.68297182,-3442938.34404822,17,-4.47985219496279,21.8532581590254,4.47985219496279
1196,146.1742585,-30.10283542,1348279.28856005,-3349720.09791835,22,2.72504443505483,43.3688351274256,2.72504443505483
1197,146.1662135,-30.07458458,1347867.61692951,-3346487.77212256,20,1.75889637103063,43.3688351274256,1.75889637103063
1200,147.247926,-29.518347,1457743.01592655,-3296412.17159421,6,-1.71244337853903,42.6054027518749,1.71244337853903
1206,145.9045084,-30.20686293,1321455.96612211,-3358492.09953864,15,-1.68371610116816,54.9849143777273,1.68371610116816
1207,145.933568,-30.08317199,1325715.97090003,-3345010.28324352,16,-3.39251547990333,55.6381847684296,3.39251547990333
1210,145.9123296,-30.20985167,1322159.92779496,-3358906.04346076,21,5.6444434748022,54.9849143777273,5.6444434748022
1216,145.9245509,-30.24390797,1322901.54213695,-3362827.22603945,29,11.2690949238734,54.9849143777273,11.2690949238734
1218,145.0232764,-30.63144362,1233163.48722903,-3397000.82745855,8,-7.64391840819633,52.4467836527832,7.64391840819633
1220,145.0002522,-30.64369995,1230851.37465157,-3398145.00299762,15,-3.18084204515172,52.4467836527832,3.18084204515172
1221,147.9561759,-29.01313723,1532167.29512579,-3248461.56666696,27,0.422806949939289,46.7636315069027,0.422806949939289
1228,146.9532023,-29.70137087,1427300.05908028,-3313464.17575337,4,-6.62407124476837,27.0808439697682,6.62407124476837
1229,145.0829781,-30.61144151,1239025.98220892,-3395348.88287855,19,0.580970585399037,51.3426900434635,0.580970585399037
1237,144.5713759,-30.89911714,1187567.84543616,-3422558.59742602,7,-2.55772479318233,30.2464073435422,2.55772479318233
1240,150.1149225,-28.15122497,1751813.71050314,-3180376.20657513,11.34889931,-10.9356736533922,58.8261052833494,10.9356736533922
1242,146.5611154,-29.981964,1386461.45365455,-3340396.19334597,25,12.4299578407402,49.2330523408216,12.4299578407402
1247,146.347726,-30.03803367,1365524.91241879,-3344343.40241491,12,-5.52793170193195,48.6609343074606,5.52793170193195
1253,145.484617,-30.376442,1279698.52752119,-3373115.2736536,15,3.20489168898303,48.2078472568791,3.20489168898303
1254,145.5025384,-30.41570513,1280928.73839772,-3377670.69534713,25,7.1893439623173,43.416948229572,7.1893439623173
1257,147.8116551,-29.24349602,1515171.65107924,-3272375.19757966,18,5.21558723500466,42.8657765243016,5.21558723500466
1259,147.7290743,-29.25677335,1507115.50152,-3272876.15955277,7,-3.47159994259849,43.5431649454247,3.47159994259849
1263,146.7334342,-29.88613377,1404032.96953064,-3331605.03617722,5,-3.13503811497,29.1067083680679,3.13503811497
1269,145.6374646,-30.29054715,1295174.72845179,-3365082.76768457,34,18.3262843771766,53.3375216708602,18.3262843771766
1270,145.7968295,-30.18876551,1311480.99980914,-3355365.87856682,22,4.50157656257822,71.4452498935669,4.50157656257822
1273,150.610424,-27.74075305,1806081.0114934,-3141701.17562956,22.26758041,0.703745643341996,56.4294199196705,0.703745643341996
1277,146.9974984,-29.69906423,1431539.05276743,-3313702.92888501,4,-4.3122062405085,35.3152418492787,4.3122062405085
1281,145.432019,-30.380313,1274679.85752548,-3373020.88166655,16,2.834183414526,38.2381180050053,2.834183414526
1282,145.409937,-30.40043135,1272355.77959161,-3375043.06703767,3,-8.63642240845067,35.1427995129489,8.63642240845067
1283,145.396037,-30.384704,1271226.24921158,-3373151.76693135,22,7.4005697942759,35.1427995129489,7.4005697942759
1285,145.6871928,-30.57288426,1296496.00955379,-3397047.86483034,13,-12.523495159068,45.6522511137698,12.523495159068
1287,142.6740376,-30.96783368,1008145.93903168,-3413919.66141452,47,16.0976175564243,44.5474666681235,16.0976175564243
1288,142.6735938,-30.97539939,1008033.39897345,-3414760.67703464,27,-3.57500009578432,44.5474666681235,3.57500009578432
1291,142.6512857,-30.95737286,1006099.62548719,-3412572.60256234,24,-5.24121125274632,44.5474666681235,5.24121125274632
1292,142.6392164,-30.93103927,1005207.59341704,-3409537.99184516,16,-14.0946437294345,44.5474666681235,14.0946437294345
1298,142.651903,-30.96100063,1006123.95656337,-3412982.42236925,36,6.62214466107759,44.5474666681235,6.62214466107759
1302,151.0629754,-27.536987,1853075.48935247,-3125570.36135683,12.72433166,-6.58919963040217,78.535453499823,6.58919963040217
1303,146.8254144,-29.94700501,1411968.86673395,-3339397.54992266,14,0.252963036217364,23.810331949707,0.252963036217364
1305,143.4906207,-30.92269781,1085524.39392882,-3415573.74928077,17.1464282,-1.66310632508864,28.4438013159065,1.66310632508864
1310,143.4989818,-30.93278177,1086210.60191455,-3416769.85031651,29.39387691,12.2833183636428,28.4438013159065,12.2833183636428
1311,143.469718,-30.90191193,1083763.78470216,-3413077.21217005,35.10935298,13.0737176847967,28.4438013159065,13.0737176847967
1320,147.1098679,-29.73070544,1441796.43187949,-3318489.77942564,5,-2.06262510810473,35.931412452824,2.06262510810473
1321,147.1110868,-29.70625483,1442235.7150689,-3315781.14320166,9,-1.46599688336807,36.6427199810784,1.46599688336807
1329,145.6247308,-30.54643472,1290917.3918345,-3393468.38570863,21,5.2967849106422,43.7239399379885,5.2967849106422
1332,147.3716747,-29.67085428,1467464.14078524,-3314807.47482788,8,-1.96375480216166,65.0084045655855,1.96375480216166
1336,147.3685227,-29.58401375,1468333.25689934,-3305104.06205228,4,-7.06589266714324,45.8261595649792,7.06589266714324
1338,147.3997211,-29.58272587,1471316.93179256,-3305319.62841588,20.18151397,4.33830471699294,65.4116083905801,4.33830471699294
1343,147.4221839,-29.69057681,1471996.30847202,-3317583.95879916,39,13.0101576685869,65.0084045655855,13.0101576685869
1348,147.4078978,-29.56194339,1472374.7391017,-3303100.30246342,15.97703189,2.98065418365434,65.4116083905801,2.98065418365434
1359,147.8859871,-29.17691549,1523184.08933141,-3265849.1649372,11,-6.92106143075819,42.7857649174875,6.92106143075819
1367,148.0522608,-29.07404149,1540489.1775367,-3256394.65905675,13,-5.26003831882156,44.8125128944076,5.26003831882156
1373,147.5007067,-29.47057221,1482440.23724466,-3294002.22200689,7,-7.15566684025917,61.8104703629346,7.15566684025917
1374,150.5810843,-28.01077655,1798863.42995972,-3171259.99739749,21.47230968,-2.30765491470381,51.636358235148,2.30765491470381
1375,150.5338988,-28.03113212,1793997.33165072,-3172856.07198118,19.88176822,-2.56246297765527,51.6339863751325,2.56246297765527
1376,147.590559,-29.48463501,1490798.88865753,-3296613.13318084,6,-5.19034114806777,69.2906969265877,5.19034114806777
1377,148.8100795,-28.8720976,1615776.0311953,-3243291.77560623,17.02334896,-3.31133364366928,72.6677743058538,3.31133364366928
1378,148.8048007,-28.87036365,1615297.07581397,-3243032.20810167,36.88392275,16.7264936946623,71.8468431161659,16.7264936946623
1382,142.6459828,-31.52971413,1000265.19514535,-3476400.86254573,24,1.55514578960253,43.9486778811675,1.55514578960253
1383,142.6892756,-31.54653241,1004166.03782729,-3478616.66242316,15,-4.84378801870307,38.8300018409879,4.84378801870307
1387,141.7429253,-31.75070961,913704.147035946,-3494294.1864025,4.898979486,-13.221857197459,22.5501277093388,13.221857197459
1388,144.1082618,-31.1774632,1141002.47432624,-3449369.62784311,8,-8.83324472728083,23.0863021562184,8.83324472728083
1390,144.1331187,-31.17673873,1143345.47867529,-3449511.08628691,18,2.10492759438923,23.2411677298881,2.10492759438923
1392,144.1097182,-31.17923634,1141120.51010933,-3449580.32062196,6,-8.99925485702486,23.0863021562184,8.99925485702486
1393,144.1088491,-31.17815273,1141050.34359035,-3449451.74797503,7,-8.0613358826758,23.0863021562184,8.0613358826758
1396,146.4815945,-30.10768172,1377328.17556391,-3353538.37914315,7,-4.63048587440927,54.3125346228855,4.63048587440927
1398,146.41443,-30.14514047,1370494.67030204,-3356988.23779609,25,-0.174332834019324,53.090685481923,0.174332834019324
1413,143.5584173,-31.45756562,1086499.85375843,-3475806.03210413,11,-6.83848104998936,52.4297346213419,6.83848104998936
1414,143.5547675,-31.47467268,1085984.72090899,-3477682.39596293,4,-9.66740270015984,53.0069026931464,9.66740270015984
1418,141.9480675,-31.84727889,932063.478570089,-3506551.08351163,15.65247584,4.06120292498364,23.4144152378149,4.06120292498364
1422,144.28958,-31.29376047,1156785.48355626,-3463964.35013732,17,0.475380889685905,24.7955250711846,0.475380889685905
1428,147.406863,-29.72328574,1470099.85816116,-3321048.42711252,14,2.66497817835533,64.709446648955,2.66497817835533
1429,147.4108963,-29.7311249,1470377.07027125,-3321967.42641033,15,3.21331783307907,64.709446648955,3.21331783307907
1433,147.4380371,-29.70326756,1473330.54025146,-3319179.31567635,9,0.0108130469308669,64.709446648955,0.0108130469308669
1434,147.4076509,-29.76616855,1469596.19765869,-3325830.77032216,1,-6.4284210245745,64.709446648955,6.4284210245745
1439,147.4199871,-29.7141026,1471470.034036,-3320177.33446864,21,-0.88908172309225,64.709446648955,0.88908172309225
1440,147.3696124,-29.73138118,1466453.70907677,-3321521.43947811,15,3.0252308741425,64.709446648955,3.0252308741425
1441,147.4319327,-29.70928013,1472669.56623393,-3319778.18876767,4,-15.248924995349,64.709446648955,15.248924995349
1443,146.5726332,-30.17475309,1385093.5631939,-3361992.43877036,5,-8.8313227387669,55.5902785800325,8.8313227387669
1449,146.8626449,-29.98677551,1414981.1700449,-3344238.01378842,5,-2.99744020684783,20.9717896272907,2.99744020684783
1451,142.6083473,-31.03675369,1001315.61513213,-3421096.12214066,29,0.492520141841759,44.5474666681235,0.492520141841759
1453,142.68752,-30.99389248,1009172.45758444,-3416934.86460237,32,-3.31453357920582,44.5474666681235,3.31453357920582
1454,142.6074049,-31.05486252,1001058.65236562,-3423110.05925919,23,-6.75141127894214,44.5474666681235,6.75141127894214
1455,148.0902962,-29.2394481,1541789.71253825,-3275258.43069182,18,2.7292002520074,42.9986505760937,2.7292002520074
1459,144.0240204,-31.37830204,1130974.1080134,-3471010.08651771,5,-3.91426990190766,47.0966491515476,3.91426990190766
1460,144.0202168,-31.37594135,1130642.23196386,-3470713.27020193,7,-0.87284911361296,47.0966491515476,0.87284911361296
1461,143.9546588,-31.26919314,1125610.65293694,-3458233.96728894,10,-7.05243904692877,53.6961778378917,7.05243904692877
1463,143.9960688,-31.39726757,1128153.63427159,-3472877.0573524,12,2.40500969093824,46.9574635508868,2.40500969093824
1473,147.4623323,-29.72174008,1475387.75816074,-3321515.82153395,4,-6.84635328533976,64.709446648955,6.84635328533976
1480,147.4826727,-29.7816109,1476507.54878446,-3328414.58162506,28,4.40256760641417,64.709446648955,4.40256760641417
1483,147.4562721,-29.71459538,1474909.013414,-3320650.59816019,3,-5.80508251856063,64.709446648955,5.80508251856063
1484,147.4724024,-29.7525333,1475926.79785863,-3325059.54509527,2,-9.19199376300693,64.709446648955,9.19199376300693
1485,147.4503709,-29.71278353,1474373.15133445,-3320380.81104639,10,-0.161613385828662,64.709446648955,0.161613385828662
1486,147.4951328,-29.77823473,1477735.77803646,-3328182.88241884,19,-6.96839389476533,64.709446648955,6.96839389476533
1491,147.4711517,-29.76032696,1475702.51170808,-3325912.54894209,22,2.85403365808924,64.709446648955,2.85403365808924
1496,147.5033129,-29.77764433,1478520.07692576,-3328211.81550362,25,-1.91622491453801,64.709446648955,1.91622491453801
1497,147.4589821,-29.71488383,1475162.44681736,-3320713.99348541,3,-5.3577813714639,64.709446648955,5.3577813714639
1500,147.4636144,-29.75424381,1475069.44393531,-3325148.43387539,30,12.4088060886,64.709446648955,12.4088060886
1502,147.4745053,-29.73445901,1476371.28307875,-3323072.12190497,12,-7.56912186708744,64.709446648955,7.56912186708744
1503,149.6706582,-28.62283539,1701834.25524124,-3226759.32920641,14,-8.21620073421147,54.4687282707788,8.21620073421147
1504,149.6395274,-28.60450098,1699138.25989254,-3224307.87625461,7,-19.0656112487257,54.4687282707788,19.0656112487257
1507,148.6420597,-29.04142434,1597250.89618337,-3260009.04524418,17,0.936690781218196,82.4553083336143,0.936690781218196
1508,149.4184563,-28.7254887,1676131.72837752,-3234831.85852224,24.65339259,3.89880592312215,44.5060767482127,3.89880592312215
1509,149.3941285,-28.69228755,1674310.72712637,-3230823.05959129,21,-0.552924209487003,40.2866737491642,0.552924209487003
1510,149.4393835,-28.79049393,1677140.6967779,-3242330.55841513,13,-7.16448392352791,44.5060767482127,7.16448392352791
1511,144.3107274,-31.27761185,1158943.85267676,-3462356.09242174,17,2.54075020415576,24.7955250711846,2.54075020415576
1514,144.3165784,-31.27419012,1159529.84687032,-3462027.79861328,16,2.00418161229919,24.7955250711846,2.00418161229919
1515,144.3408256,-31.29164902,1161616.91792651,-3464193.99388948,17,3.05990584030084,24.7955250711846,3.05990584030084
1519,151.0400158,-27.75340308,1847255.17147891,-3149247.32954957,15.11014385,-18.361020515138,64.305699979597,18.361020515138
1520,151.0189549,-27.74060265,1845439.97057389,-3147522.81431817,15.90541458,-14.5150318374321,60.8641439387795,14.5150318374321
1523,149.2301405,-28.79952128,1657004.60356957,-3240603.47000813,16,-2.34486295635167,58.6159337760557,2.34486295635167
1525,149.2303856,-28.88343184,1655762.45092043,-3249933.40986636,8,-12.413669414682,56.5550185270399,12.413669414682
1527,149.2379771,-28.79811937,1657774.81697924,-3240549.30967288,7,-13.5473742556459,58.6159337760557,13.5473742556459
1528,149.2442905,-28.79877242,1658368.42735188,-3240703.8352282,24,3.99074168824313,58.6159337760557,3.99074168824313
1529,150.5029647,-28.31024554,1786504.8782452,-3203406.57856445,34.99191207,13.0929408962888,49.7565575262704,13.0929408962888
1530,143.7252123,-31.43739473,1102341.94670053,-3474985.96466865,35,25.1581735117887,49.5458791971276,25.1581735117887
1536,143.8278706,-31.45651295,1111767.97936569,-3478006.88728826,7,-3.50167831271976,52.3074695492376,3.50167831271976
1538,143.8290727,-31.45873887,1111857.60706692,-3478265.48746535,5,-4.64376812582197,52.3074695492376,4.64376812582197
1539,143.8272014,-31.45842854,1111685.43141605,-3478214.60820894,6,-3.86319704254207,52.3074695492376,3.86319704254207
1540,146.2651179,-30.10628085,1356843.11805938,-3351065.86978147,11,-4.81958708995113,49.4268615005137,4.81958708995113
1541,146.2156707,-30.09601433,1352287.14620848,-3349397.87626938,25,11.6158879544344,45.9343040937337,11.6158879544344
1550,146.2648687,-30.11751444,1356679.20057935,-3352314.63691957,23,4.13516579820331,49.4268615005137,4.13516579820331
1554,144.0343276,-31.35332908,1132203.73551786,-3468317.59020334,6,-4.92461280753431,46.7932510497102,4.92461280753431
1555,144.0393893,-31.35744068,1132635.21567349,-3468820.78884144,6,-3.75505192697119,18.6403152777927,3.75505192697119
1558,149.4075638,-28.69813896,1675506.80226392,-3231649.49979688,13,-7.12502947173446,44.5060767482127,7.12502947173446
1563,143.3740939,-31.57762398,1068024.47689664,-3487638.0491126,9,1.3028640673948,43.4343284487308,1.3028640673948
1567,149.2932604,-28.81462243,1662809.13559856,-3243102.04810653,12,-7.85271073892335,58.6159337760557,7.85271073892335
1568,149.2700399,-28.82705103,1660402.14270982,-3244181.42722687,19,-1.64087864487713,56.5769854134391,1.64087864487713
1570,149.275329,-28.80455031,1661247.80212575,-3241749.2958736,17,-3.867943263085,58.6159337760557,3.867943263085
1576,149.2878307,-28.816483,1662262.08627658,-3243238.18233624,19,-0.116779453876656,58.6159337760557,0.116779453876656
1577,149.2872097,-28.81713411,1662192.88805024,-3243302.47033859,18,-3.19648575651066,58.6159337760557,3.19648575651066
1580,149.3107225,-28.79214771,1664818.44583913,-3240831.53286203,13,-5.60732028211017,58.6159337760557,5.60732028211017
1581,149.3111224,-28.79216793,1664856.36323121,-3240838.99144001,18,-0.607320282110173,58.6159337760557,0.607320282110173
1583,149.3084402,-28.78478848,1664711.79270025,-3239983.86109299,10,-9.03312779541967,58.6159337760557,9.03312779541967
1586,149.3130071,-28.78011796,1665219.12173455,-3239524.28001573,31,9.406338409634,58.6159337760557,9.406338409634
1590,149.2668538,-28.80200424,1660476.25341995,-3241356.12599636,19,0.530750029087869,58.6159337760557,0.530750029087869
1591,149.3453389,-28.78697311,1668205.70175317,-3240707.97473625,27,6.21879427383418,43.7248128077535,6.21879427383418
1592,149.2638843,-28.82809283,1659798.18577,-3244217.23268936,29,10.2838937681257,56.5769854134391,10.2838937681257
1594,149.3481832,-28.81105784,1668111.84114689,-3243421.86344082,29,8.08977680878568,58.6159337760557,8.08977680878568
1595,149.2618984,-28.83149151,1659557.06522545,-3244569.18957467,22,1.13421620849753,56.5769854134391,1.13421620849753
1596,149.3162871,-28.82784918,1664809.18700296,-3244871.99523409,19,-0.105087152063398,56.5769854134391,0.105087152063398
1601,147.8754187,-29.40192407,1519048.27117978,-3290763.50794447,8,-5.31425216985754,43.1081538439199,5.31425216985754
1602,148.2223181,-29.30743431,1553406.82337718,-3284421.58453822,12,-5.88667737724832,39.3507096640535,5.88667737724832
1603,148.2019426,-29.29521057,1551639.58741548,-3282814.1037001,6,-9.1699429512338,39.2731035803121,9.1699429512338
1608,149.6064641,-28.72583997,1694103.74375968,-3237350.74362814,32,8.62594659285983,54.6498108429152,8.62594659285983
1616,149.5211012,-28.72681878,1685926.75510752,-3236330.28244276,13,-10.2072583888683,52.6213406727351,10.2072583888683
1617,149.518758,-28.72678734,1685703.18338924,-3236295.86886856,9,-11.001257331428,52.6213406727351,11.001257331428
1624,149.5266936,-28.73294825,1686367.46035408,-3237085.19810957,20,-6.74267699040269,52.6213406727351,6.74267699040269
1626,150.7978273,-27.9325509,1820982.50871935,-3165648.46118597,7.952707288,-13.3063654223389,58.817628970953,13.3063654223389
1628,150.9080702,-28.1937822,1827262.49714658,-3196210.53560942,30.22028769,9.0863852136235,61.4765988844832,9.0863852136235
1633,150.9700505,-27.85228382,1838876.08066843,-3159208.59504209,10.33851947,-13.4256068771647,66.5159621493038,13.4256068771647
1639,147.4995999,-29.72984529,1478816.33474535,-3322848.84301239,30,9.94482138872356,64.709446648955,9.94482138872356
1640,147.6818871,-29.56905054,1498329.03130424,-3307076.91161844,9,-11.7527268040073,74.1484257151693,11.7527268040073
1642,149.6457862,-28.73157723,1697774.66583356,-3238510.1920474,12,-12.7475556060821,54.6498108429152,12.7475556060821
1645,144.3087596,-31.35637126,1157910.81104642,-3471116.37425885,9,-4.74315743190173,19.1256869090771,4.74315743190173
1649,144.2928568,-31.3509773,1156477.44850805,-3470371.16597,13,-2.50833256206019,19.9955496229698,2.50833256206019
1659,148.7983779,-29.1153544,1611080.48624551,-3270192.98810887,25,5.46995545081664,72.0415187851117,5.46995545081664
1660,149.8954714,-28.61911844,1723402.99184028,-3229360.12112139,14,-6.13400795616027,57.9678673801782,6.13400795616027
1669,144.3517177,-31.31822574,1162351.7005817,-3467255.1258891,13,-0.613096348978262,25.7947319855414,0.613096348978262
1670,144.3459592,-31.32240846,1161766.29824538,-3467668.91620041,8,-5.34208364581703,25.7947319855414,5.34208364581703
1671,149.7067861,-28.74478731,1703401.43589768,-3240789.83309149,29,2.17363605025132,71.2599494693638,2.17363605025132
1681,149.7042076,-28.74363015,1703172.90324453,-3240626.89795405,37,6.65609509245766,71.2599494693638,6.65609509245766
1687,147.3317309,-29.96183813,1459763.37449356,-3346739.49110974,3,-3.27679912801497,50.1617199921959,3.27679912801497
1688,147.3356857,-29.9821334,1459865.64315268,-3349043.57753738,4,-2.10399184588623,48.7759098406446,2.10399184588623
1692,147.9614176,-29.4328639,1526802.01070891,-3295231.48686019,23,9.21949834019653,29.5413276928306,9.21949834019653
1695,149.1956343,-28.89807787,1652222.76644228,-3251111.43038279,40,17.6840724062563,57.332909706943,17.6840724062563
1697,149.1949054,-28.8975484,1652161.12358431,-3251043.15155563,35,13.1585076877079,57.332909706943,13.1585076877079
1704,146.7833855,-30.23124831,1404305.0710289,-3370584.00144019,18,5.89545053103113,58.0973502278504,5.89545053103113
1715,148.6500823,-29.14982849,1596436.3986126,-3272164.85967704,14,-5.33719768878107,71.3020927009662,5.33719768878107
1718,141.4353126,-31.89401701,883725.829418099,-3508122.13854081,26,5.63717844513715,23.4885482511677,5.63717844513715
1719,141.4337544,-31.89335056,883585.653040238,-3508036.99084986,12.52198067,-8.18216640291505,23.4885482511677,8.18216640291505
1728,143.5026631,-31.57187796,1080122.46912949,-3488078.3224902,5,-4.89018510532567,44.0104069452882,4.89018510532567
1729,143.5653797,-31.7019393,1084679.52206023,-3503108.49143073,11,0.0344031988216322,44.0104069452882,0.0344031988216322
1731,143.5357508,-31.59412147,1082996.50791614,-3490838.25880013,5,-5.02544377914497,43.2788105877908,5.02544377914497
1732,149.3395388,-28.97383041,1664815.31861837,-3261398.99025319,18,-0.962673660322029,50.2719996710451,0.962673660322029
1737,147.0807396,-30.16072454,1433352.32329679,-3366035.24046997,17,3.19123884891924,40.7722358387534,3.19123884891924
1740,146.896492,-30.28545982,1414293.84506221,-3377867.06486891,12,0.706370423199965,56.015671360127,0.706370423199965
1742,148.9059204,-29.13703099,1621013.68913804,-3273963.44256938,32,6.18974202265332,72.9572716915721,6.18974202265332
1745,148.8719795,-29.20872027,1616719.48000669,-3281503.619175,35,16.1238110342803,52.0750607125145,16.1238110342803
1754,144.4311962,-31.32408954,1169743.64920121,-3468634.04506857,13,0.986958395590898,25.7947319855414,0.986958395590898
1756,144.4093046,-31.31289023,1167811.81064911,-3467185.65749519,15,2.30446033319583,25.7947319855414,2.30446033319583
1759,144.3615951,-31.30870749,1163381.2723879,-3466284.21011672,12,1.23045558255343,25.7947319855414,1.23045558255343
1765,150.9913461,-27.97219532,1838932.76068992,-3172819.43152169,22.26758041,-6.82537836642647,67.4726701003198,6.82537836642647
1766,151.0190954,-27.90392164,1842735.91689661,-3165644.45523511,16.7006853,-14.1335495813517,66.5159621493038,14.1335495813517
1769,150.1747927,-28.63588838,1749855.68533908,-3235019.51557981,16,-3.12397434162969,45.9726785949465,3.12397434162969
1771,150.1639296,-28.64062246,1748741.60391977,-3235396.46168241,36,11.3864781158005,45.9726785949465,11.3864781158005
1772,150.1634277,-28.60227521,1749303.13179324,-3231131.32904312,8,-6.90241853405577,55.0894384110192,6.90241853405577
1784,147.3721988,-30.09802645,1461765.21564263,-3362359.32431759,29,18.4849183257184,55.0419255230038,18.4849183257184
1786,143.3253663,-31.730273,1061948.31611931,-3504250.50548961,11,-1.25894815345836,43.9048934941508,1.25894815345836
1798,144.4838425,-31.29006808,1175053.45263982,-3465325.6983098,20,5.51533215769224,25.6442168299931,5.51533215769224
1800,148.7148102,-29.30344394,1600359.57028326,-3290056.58998158,14,-3.90670027743644,57.2207020017281,3.90670027743644
1810,143.67831,-31.6633,1095636.29622667,-3499765.27004689,22,6.63579415227492,43.2788105877908,6.63579415227492
1811,148.0341461,-29.5492859,1532088.17445534,-3309055.49858427,12,-1.89629527865639,33.4246431564995,1.89629527865639
1813,147.2144304,-30.16263195,1445973.73211958,-3367754.09152854,5,-3.94601209858097,49.935399088416,3.94601209858097
1814,147.5503393,-29.74691748,1483401.06558654,-3325337.1760141,45,22.1531169109871,67.0270894804953,22.1531169109871
1817,147.5517651,-29.76178426,1483333.99145351,-3327008.31346639,22,-0.57053872167636,67.0270894804953,0.57053872167636
1819,149.8553855,-28.8743395,1715579.54941659,-3257169.6978031,12,-4.230559267421,61.4932506340409,4.230559267421
1824,147.7720012,-29.7355945,1504595.7321845,-3326669.27380913,11,-2.58191340789404,56.3759891261223,2.58191340789404
1825,147.7678027,-29.73555574,1504197.78050822,-3326615.5211958,5,-11.0917158212198,63.7408683072866,11.0917158212198
1826,150.2833956,-28.66697795,1759743.22356549,-3239963.2950046,11,-7.88555884969077,41.398477532787,7.88555884969077
1830,149.0367887,-29.21808729,1632279.00109526,-3284640.59446539,27,7.22178114382317,38.739377350859,7.22178114382317
1843,148.2929808,-29.37677018,1559147.66444774,-3292995.38597734,12,-4.7230723984734,39.6562338784964,4.7230723984734
1858,148.2150249,-29.40212798,1551367.94804859,-3294867.15777807,27,7.70833416774946,40.5763754612032,7.70833416774946
1861,148.2307353,-29.407615,1552784.97869783,-3295668.40621252,15,-5.26296448524421,40.2629968455943,5.26296448524421
1865,144.3674702,-31.39377169,1163011.8662956,-3475817.77001395,12,0.374252805666375,14.4195673486956,0.374252805666375
1867,144.3748573,-31.40258984,1163608.87562324,-3476867.72583587,15,2.2014218063877,14.4195673486956,2.2014218063877
1871,149.3894431,-29.06925967,1668124.75083439,-3272654.870681,18,0.508647756005328,69.7706705231633,0.508647756005328
1872,147.5209242,-30.10862105,1475694.49322168,-3365248.09301177,10,-1.8989647244985,36.7417096194418,1.8989647244985
1875,149.2263955,-29.20750059,1650495.05217839,-3285899.94664769,15,-6.70185166870366,53.3207939349186,6.70185166870366
1876,147.1986427,-30.23927296,1443460.76913943,-3376105.46930141,9,-1.36219095790996,51.0270157467977,1.36219095790996
1877,149.8037796,-28.90834768,1710123.46267442,-3260255.3495816,26,3.94059652556136,62.0630386313599,3.94059652556136
1879,147.3918051,-30.20093648,1462234.15076583,-3374035.80665397,9,-2.3796732395025,55.442464599655,2.3796732395025
1889,146.52138,-30.59875,1374853.48392686,-3408650.01062529,11,-6.82693337031761,98.2751538559007,6.82693337031761
1890,146.5347,-30.53307,1376944.67897959,-3401481.0782525,12,-5.12520276957194,78.5931874736092,5.12520276957194
1891,145.85435,-30.71076,1310595.88505109,-3414112.7351345,13,-1.42342459376878,49.1683760717689,1.42342459376878
1892,150.1363383,-28.69641814,1745217.5816238,-3241215.0082465,17,-3.92498810136489,45.9726785949465,3.92498810136489
1897,150.1548326,-28.76897069,1745832.62098243,-3249524.20927709,10,-7.37279796456181,43.072252876951,7.37279796456181
1901,147.784459,-29.7883957,1505048.51738383,-3332691.15194917,7,-8.35775026259143,59.25204802942,8.35775026259143
1903,148.2040447,-29.51786517,1548681.27045646,-3307608.57610216,16,-2.46542890851986,39.9882478526187,2.46542890851986
1910,150.3220459,-28.63527276,1763946.04724655,-3236976.19121489,3,-15.643803091617,54.2865466505419,15.643803091617
1915,148.0328931,-29.66944603,1530282.58583021,-3322408.41215456,13,-1.90146092512573,27.5416273099093,1.90146092512573
1917,149.2593263,-29.13015758,1654799.35292809,-3277730.29452949,16,-5.77975702248432,50.8301495786717,5.77975702248432
1919,144.12108,-31.53723,1138390.57778787,-3489585.75435039,19,5.72102445675713,13.8953736044323,5.72102445675713
1930,144.2631152,-31.37465825,1153433.92588118,-3472741.57866006,20,6.7785407378074,16.9399465561126,6.7785407378074
1937,149.6021641,-29.06954206,1688397.68307907,-3275480.65329014,32,13.2490167713007,90.5930608969774,13.2490167713007
1939,149.5396065,-28.99523377,1683575.6493635,-3266399.17551952,19,0.650168035926008,73.7678971589243,0.650168035926008
1940,149.5043156,-29.063556,1679162.7404855,-3273525.96498834,16,-6.34004042176933,64.6235549180934,6.34004042176933
1941,149.5218724,-29.05506294,1680966.61021897,-3272813.18946914,29,6.28248992992066,61.6037706918018,6.28248992992066
1944,145.88223,-30.88094,1311155.22802312,-3433352.54046348,18,2.36226828768037,50.281378498647,2.36226828768037
1945,145.88545,-30.84775,1311861.47707635,-3429689.36008433,17,0.231092048276071,62.3202023560872,0.231092048276071
1951,147.5169729,-30.19689328,1474121.81232531,-3375024.35221841,10,-6.57379472457307,44.1684838614845,6.57379472457307
1952,147.5154287,-30.1996066,1473938.988894,-3375308.431914,6,-10.4381800760461,44.1684838614845,10.4381800760461
1953,147.5122001,-30.17796128,1473927.65977193,-3372862.80280415,10,-4.0904123917568,48.4202637915162,4.0904123917568
1958,148.1651351,-29.49519988,1545303.16872816,-3304616.12386577,22,-0.386270966190988,27.1424889144636,0.386270966190988
1965,151.2364709,-28.04245731,1861307.31388094,-3184163.65519289,16.7006853,-8.79998294435179,54.5214980321575,8.79998294435179
1968,143.47867,-31.74872,1076099.489537,-3507589.64871318,12,-1.9420235516003,42.7275455740412,1.9420235516003
1971,148.8541118,-29.37321602,1612590.56632746,-3299565.63973348,19,-1.0009593308926,64.2995697373253,1.0009593308926
1975,148.0742781,-29.61301324,1535005.87247615,-3316626.92649282,8,-4.67098656315603,29.1412468825657,4.67098656315603
1978,150.1868812,-28.87157188,1747260.86810801,-3261354.96477414,9,-14.9483704793668,46.4597196839552,14.9483704793668
1979,150.1869055,-28.87067036,1747277.53377607,-3261255.19759962,18,-4.1827297554113,46.4597196839552,4.1827297554113
1983,149.090519,-29.30612924,1636079.18485917,-3295114.03658144,29,5.3699556789112,40.4349046696987,5.3699556789112
1985,149.1565259,-29.24269545,1643312.59120625,-3288910.81620587,13,-10.1354683640278,32.6937936411274,10.1354683640278
1986,149.0967149,-29.31725191,1636502.34129081,-3296429.64870176,16,-7.65016544012881,42.0444076049523,7.65016544012881
1992,149.9873225,-28.90124224,1727749.27961412,-3261935.70055435,11,-6.55966776189923,44.4216383716693,6.55966776189923
1995,146.4968,-30.61767,1372296.25550241,-3410492.12569118,14,-6.27056260428915,99.9357453749499,6.27056260428915
1997,151.7933139,-27.28728565,1927834.61156708,-3108688.22445809,22.69779862,-6.94334628657299,84.7921190520212,6.94334628657299
1998,151.8336249,-27.28983386,1931685.071362,-3109579.55698427,14.18612414,-14.265708625046,84.7921190520212,14.265708625046
2007,149.8498935,-29.01065848,1712925.8959005,-3272237.33396354,11,-17.1745084745866,61.1920900732792,17.1745084745866
2010,149.8560199,-29.02149116,1713340.70150655,-3273522.67028113,15,-5.73141092788383,57.9465038117794,5.73141092788383
2014,149.8538055,-29.04058841,1712831.23821041,-3275614.09079293,23,1.4038214981763,53.7041849144967,1.4038214981763
2019,147.9344045,-29.86666279,1518180.30523009,-3343172.98501173,10,-2.45108560085787,42.9323517900219,2.45108560085787
2020,147.8937669,-29.83889685,1514714.78864908,-3339601.71314519,10,-1.16540669313387,51.7662637047254,1.16540669313387
2032,149.2910737,-29.26404436,1655798.50298066,-3293020.67937036,34,10.8854801422967,52.7843298151915,10.8854801422967
2039,150.9933748,-28.06739703,1837545.75236208,-3183411.16693259,22.26758041,-3.34185907671504,56.1514206924197,3.34185907671504
2040,147.1791051,-30.35481032,1440078.9949986,-3388743.21339783,11,-1.12726056777631,35.819619871658,1.12726056777631
2041,143.0138897,-31.99366175,1030277.66453742,-3531060.86246446,13,4.25920468630291,18.5601263358505,4.25920468630291
2043,148.445386,-29.46949577,1572316.85913414,-3305176.5739499,6,-12.8672360205872,37.5442685305114,12.8672360205872
2048,150.7867762,-28.73666366,1806702.31693973,-3254724.35958197,21,-2.02307675746049,64.9312193801944,2.02307675746049
2054,150.5613245,-28.67949043,1786103.10311033,-3245209.26135908,10,-6.74369879873714,67.0597130118142,6.74369879873714
2061,146.36664,-30.61792,1360024.12273455,-3409128.09019072,24,7.9250824124361,75.5441500466918,7.9250824124361
2064,150.2922657,-28.83855111,1757844.87211762,-3259134.39349562,11,-13.0727878855973,71.4838367773531,13.0727878855973
2066,150.144323,-28.89142238,1742884.58399989,-3262977.77239104,12,-10.3786452042379,46.4597196839552,10.3786452042379
2069,144.26326,-31.57865,1151258.68308714,-3495475.42639135,16,3.66786435568967,12.6747198214478,3.66786435568967
2079,150.4451835,-28.70170486,1774646.66956475,-3246056.55367364,10,-6.67313919814797,49.2464948686431,6.67313919814797
2090,147.3183026,-30.28190187,1454199.39777563,-3382206.51272538,6,-4.9740735997859,39.4377713287585,4.9740735997859
2092,147.3680146,-30.35850409,1457865.62964012,-3391296.80619888,7,-0.775735262413701,42.7680755490769,0.775735262413701
2094,147.3744343,-30.36105771,1458437.32458425,-3391654.20948036,18,8.1533845912595,42.7680755490769,8.1533845912595
2097,147.3932426,-30.30110012,1461020.59577097,-3385197.79018723,11,-0.221058461953328,42.0161078107053,0.221058461953328
2103,147.3850368,-30.35543202,1459513.97125641,-3391149.3458008,11,-6.9722898624546,42.7680755490769,6.9722898624546
2106,149.4032299,-29.2755115,1666297.66618134,-3295753.1292657,1,-7.80491377809716,53.1636470334058,7.80491377809716
2110,149.3620092,-29.21679904,1663267.40563593,-3288692.06237246,16,-0.271824123325999,54.8509698942231,0.271824123325999
2114,149.334747,-29.24180329,1660292.4252934,-3291115.95601183,9,-3.8812046812022,51.9248574962278,3.8812046812022
2116,149.3415634,-29.23939254,1660977.86243653,-3290936.67166547,11,-3.61778964696387,51.9248574962278,3.61778964696387
2119,149.349612,-29.2382499,1661761.36473084,-3290914.36621878,15,0.715406485698661,51.9248574962278,0.715406485698661
2123,149.394526,-29.26055688,1665697.10792331,-3293977.96656466,17,9.4580183301804,53.1636470334058,9.4580183301804
2124,149.3850222,-29.26154783,1664777.57464134,-3293964.19822962,7,-0.533326595396298,53.1636470334058,0.533326595396298
2128,149.3401625,-29.23704437,1660880.1442943,-3290657.52591143,16,1.4654281142388,51.9248574962278,1.4654281142388
2129,149.3609605,-29.21591539,1663180.98634023,-3288580.21803041,10,-5.92392428284367,53.7789940777614,5.92392428284367
2133,149.6740889,-29.11710938,1694516.99577158,-3281717.30815271,12,-4.22843720060601,94.1611714596628,4.22843720060601
2134,151.1061193,-28.68535751,1838043.30553581,-3253587.58217887,27,2.42115813165317,95.221010238578,2.42115813165317
2142,148.8087473,-29.39565351,1607945.11824082,-3301488.31981081,31,3.714844028004,62.4965700471705,3.714844028004
2145,147.5062659,-30.23618994,1472576.3350262,-3379273.16028628,10,0.761610890998723,29.7120297744112,0.761610890998723
2146,149.76188,-29.21161905,1701410.90743883,-3293382.24593452,29,6.55452196879233,70.5788950357268,6.55452196879233
2152,143.55217,-31.86978,1081747.85821285,-3521703.01106106,15,2.36459843923853,43.3081204342288,2.36459843923853
2155,144.1295,-31.71766,1137264.38523779,-3509766.06816376,16,3.59190808175927,13.8481092238693,3.59190808175927
2156,144.20639,-31.63498,1145334.56546095,-3501240.7661702,15,-1.11746621341944,13.8229348723636,1.11746621341944
2157,146.63829,-30.51542,1386941.57636171,-3400636.61465926,27,7.93617748798356,95.4033493277101,7.93617748798356
2158,139.66085,-32.62558,712846.094924752,-3578670.49601606,4.024922359,-6.5668641853795,20.4262185341897,6.5668641853795
2159,140.56704,-32.37452,798928.629094012,-3556019.96793312,11.18033989,-2.26082186539439,11.9978567164986,2.26082186539439
2161,146.8809652,-30.5824461,1408958.33445644,-3410752.86201252,32,20.3183301081881,87.9714677028763,20.3183301081881
2162,146.8805907,-30.58166971,1408933.14704431,-3410662.32242068,34,22.1633375456826,87.9714677028763,22.1633375456826
2164,149.4107817,-29.2069975,1668060.2028745,-3288238.82801529,37,21.6972785909427,54.8509698942231,21.6972785909427
2168,147.8614238,-30.01261047,1509236.54792998,-3358544.02374459,16,3.2082521755596,28.2697054904857,3.2082521755596
2171,148.5753763,-29.51330039,1584039.94301454,-3311653.64059166,31,17.8414965360158,53.0006240294142,17.8414965360158
2174,148.5488082,-29.48866242,1581872.05798832,-3308584.74614396,10,-3.92317196003751,43.7782769575044,3.92317196003751
2176,150.2610157,-28.93624362,1753301.34205484,-3269551.02071904,19,-1.97611751254874,71.6555063341765,1.97611751254874
2179,148.3378147,-29.77982934,1557650.46002977,-3338371.08599658,21,2.11246680292404,23.7310272977888,2.11246680292404
2183,148.9400632,-29.5010351,1618871.12467576,-3314861.49573753,31,9.08416752587133,58.2451533603674,9.08416752587133
2184,147.2302311,-30.41428892,1444113.68424981,-3395939.18113391,6,-4.49855264932393,35.173939310807,4.49855264932393
2188,147.1729475,-30.40354845,1438850.34956846,-3394097.64958177,12,-0.60310695795126,36.6532802144678,0.60310695795126
2190,147.1750312,-30.40444808,1439035.0688302,-3394221.23216708,12,-0.0195468575927986,36.6532802144678,0.0195468575927986
2193,147.7190234,-30.19594138,1493233.49438093,-3377264.94145789,5,-8.6134871179011,31.721519965701,8.6134871179011
2197,147.5130556,-30.34274614,1471771.30015518,-3391206.58908067,21,-0.0339159932839586,50.5832819403844,0.0339159932839586
2204,147.5243058,-30.35705859,1472638.94080571,-3392928.51224699,29,6.03416059320211,48.0027909973303,6.03416059320211
2205,147.4441068,-30.28018214,1466107.5106742,-3383453.00357808,4,-4.77358796476648,43.6313491276413,4.77358796476648
2207,147.4358329,-30.29013641,1465191.42201735,-3384465.64884197,16,8.02759734762197,45.7870077679119,8.02759734762197
2209,149.2081709,-29.32983946,1646916.98029629,-3299260.87877131,20,1.10736733402122,36.9136209826499,1.10736733402122
2212,149.1846663,-29.36461842,1644157.98567491,-3302823.23737917,11,-4.09192281238951,35.6325771048698,4.09192281238951
2218,140.2406,-32.2207,769638.008031253,-3536850.86899161,10.2859127,-2.02075635977846,13.9684602756314,2.02075635977846
2221,149.895442,-29.13505828,1715320.21127117,-3286664.94631756,10,-12.4547541322576,50.2666350990697,12.4547541322576
2223,150.20393,-29.03340595,1746309.92474971,-3279556.52026923,24,0.482956492903391,75.8909675235358,0.482956492903391
2228,147.6703954,-30.2250757,1488237.73172568,-3379938.55221134,10,-1.44482107317131,27.4437321371106,1.44482107317131
2233,144.22914,-31.62227,1147598.67178408,-3500028.74570944,11,-4.32101651502595,13.702131931045,4.32101651502595
2235,144.2459,-31.63526,1149027.47566895,-3501626.74340716,6,-5.44494158382261,13.0741670401812,5.44494158382261
2237,144.2489,-31.64526,1149200.94808087,-3502767.90891184,6,-5.59000619484144,13.0814551283216,5.59000619484144
2240,144.25977,-31.69004,1149737.40759415,-3507854.82231488,13,1.45906613783833,13.5026337186045,1.45906613783833
2246,144.22862,-31.65901,1147156.99206711,-3504117.6340193,15,3.60972489369929,12.9901071124285,3.60972489369929
2248,150.5638016,-28.79321055,1784492.71579824,-3257865.82090046,22,1.50329275843249,64.8389409381498,1.50329275843249
2250,149.0200816,-29.45337817,1627182.74829316,-3310580.91037166,8,-5.362818129468,45.0887722189994,5.362818129468
2252,148.5183417,-29.6143509,1577158.81851765,-3322184.46285566,14,0.526160631551928,47.9063698658389,0.526160631551928
2253,148.5184364,-29.62066625,1577076.5025031,-3322887.87622194,16,1.65691768712126,47.9063698658389,1.65691768712126
2254,149.6220913,-29.29404025,1686834.91031605,-3300683.82182538,10,-12.7745013946481,95.1415466836133,12.7745013946481
2259,149.3954486,-29.3401725,1664572.88600401,-3302836.2669578,27,11.4352580781758,49.6673047915279,11.4352580781758
2261,149.335418,-29.34589224,1658777.13625199,-3302691.01100664,14,2.9284993899956,36.5395247956671,2.9284993899956
2263,149.3354512,-29.34508874,1658792.48339475,-3302602.15948751,6,-4.1200205478904,36.5395247956671,4.1200205478904
2264,149.3349294,-29.34252673,1658781.72723439,-3302310.70099476,20,10.0721481615603,36.5395247956671,10.0721481615603
2271,149.3084657,-29.32825014,1656481.19199426,-3300380.93041269,13,1.83502632617214,46.2872870219885,1.83502632617214
2274,149.3119795,-29.34213262,1656605.08653044,-3301969.121866,18,7.69663070884286,46.2872870219885,7.69663070884286
2276,149.3027143,-29.32428977,1655994.10321181,-3299866.2859586,17,0.59992873219452,51.0902831825085,0.59992873219452
2277,149.3022911,-29.33300786,1655821.83666975,-3300829.57114762,10,-3.84459490804183,34.0006556575855,3.84459490804183
2281,148.390296,-29.76279483,1562870.96332373,-3337117.7274193,23,6.50553717035501,41.0774942419213,6.50553717035501
2282,148.3960382,-29.74803498,1563627.30175614,-3335546.66971906,17,-0.894649917499653,36.7875713242674,0.894649917499653
2289,147.3446993,-30.3968916,1455149.00715575,-3395302.22480945,14,-1.76119155649826,46.6701441186988,1.76119155649826
2293,147.3641764,-30.37858425,1457233.28384703,-3393487.25415001,24,9.8375746226082,48.1387927482711,9.8375746226082
2296,147.3933736,-30.36892516,1460119.24600324,-3392745.90865012,7,-10.6352829801341,54.1186317346574,10.6352829801341
2300,147.3957232,-30.39676606,1459965.92567057,-3395870.38529974,7,-8.6020850887108,52.1907708143868,8.6020850887108
2303,147.3953482,-30.37859292,1460175.38232086,-3393844.13572428,18,2.04363140168201,54.1186317346574,2.04363140168201
2305,147.3851804,-30.37347961,1459284.52955822,-3393159.03830631,31,16.4148889320224,54.1186317346574,16.4148889320224
2307,147.3686109,-30.4037397,1457313.51789693,-3396336.73006921,18,2.76907506297657,52.0995725485402,2.76907506297657
2308,147.3801413,-30.40942683,1458325.04587878,-3397101.06278016,8,-7.8622469304242,52.1907708143868,7.8622469304242
2310,150.40395,-28.83804213,1768511.55745483,-3260619.26234758,5,-16.4011197684573,71.5628228826981,16.4011197684573
2311,150.4631872,-28.8878853,1773359.10515971,-3266973.16832841,13,-11.4025364166253,65.60252551643,11.4025364166253
2321,147.9701682,-30.11317375,1518124.40938919,-3371018.34864733,15,3.25746595607716,28.7664182531156,3.25746595607716
2322,147.9253364,-30.04034049,1514899.94869698,-3362385.09113925,5,-10.059819482617,28.9447141566658,10.059819482617
2326,151.1433408,-28.55730093,1843741.71286552,-3239919.62733716,27.83447551,4.29494165406433,135.570736009451,4.29494165406433
2327,151.12584,-28.56035409,1842017.70226074,-3240005.84164208,26.24393405,3.15007178716933,119.425356177039,3.15007178716933
2331,147.8966226,-30.13416243,1510877.36842492,-3372480.9717076,18,5.6830740348553,30.3986799512605,5.6830740348553
2333,150.2460842,-29.07395025,1749679.02167824,-3284634.61255539,20,-1.69877437602244,92.7541579391005,1.69877437602244
2334,149.4611827,-29.32146089,1671109.77025043,-3301615.43326416,18,3.3183298893535,59.02137122064,3.3183298893535
2335,148.5909393,-29.56838347,1584718.96661246,-3317971.53780746,13,-2.1349064415655,49.2365002353534,2.1349064415655
2336,140.17113,-32.42612,761690.415960927,-3559359.21369044,7.155417528,-4.78806497364135,10.6585833775619,4.78806497364135
2346,148.2754187,-29.86514415,1550518.60319946,-3347099.66231766,19,3.79610809140833,20.2113825121398,3.79610809140833
2353,148.3341301,-29.81528616,1556794.19215123,-3342269.16014333,19,1.18973457365134,24.6160647603324,1.18973457365134
2361,148.4663959,-29.72459805,1570637.69644443,-3333803.56532189,23,4.52786635389634,42.619249931893,4.52786635389634
2362,148.5165561,-29.70189859,1575723.68766446,-3331897.20615005,11,-5.61222776608307,47.8660903643036,5.61222776608307
2364,148.4607411,-29.73031828,1570018.89443466,-3334370.12313343,21,3.158457434179,42.619249931893,3.158457434179
2370,148.4238891,-29.74097057,1566370.24830022,-3335102.27492834,18,4.2163816037478,40.8060032081146,4.2163816037478
2372,148.4805513,-29.71491174,1572120.12372802,-3332900.60543393,22,4.302794889018,42.619249931893,4.302794889018
2374,147.2608747,-30.54571081,1445250.34501454,-3410908.81107201,16,4.06159164263239,37.1182387313939,4.06159164263239
2377,147.2619153,-30.54496877,1445358.33363165,-3410838.02354234,13,-0.0627739189121055,37.1182387313939,0.0627739189121055
2382,150.7255587,-28.75280363,1800592.97441586,-3255651.08800711,22,3.42970580274806,61.8269577129706,3.42970580274806
2384,150.7275949,-28.70223508,1801615.90969653,-3250068.17005731,6,-13.5535039642245,64.9312193801943,13.5535039642245
2388,150.7267358,-28.74949825,1800759.50346134,-3255300.88091691,19,1.02323766614967,61.8269577129706,1.02323766614967
2389,150.7263648,-28.75905577,1800567.4993828,-3256356.24815353,13,-3.6677913498362,50.1961017308659,3.6677913498362
2395,150.2426403,-29.1898885,1747500.52461871,-3297458.54616683,28,3.15110357237499,76.8795354187141,3.15110357237499
2397,148.8919474,-29.53703425,1613767.61505605,-3318254.30142981,26,9.50434992839483,57.2235901387098,9.50434992839483
2398,147.5091634,-30.36665671,1471079.32743344,-3393821.8548555,13,-4.77456355142826,52.7760124551415,4.77456355142826
2400,147.4935437,-30.39370709,1469238.27457987,-3396651.48067689,3,-12.8800730981309,53.7461714153575,12.8800730981309
2401,147.4045127,-30.36983868,1461158.39250437,-3392974.90301464,18,-4.64749702694026,54.1186317346574,4.64749702694026
2404,147.4881318,-30.41483425,1468441.2384205,-3398939.64572493,23,12.7171284925865,53.7461714153575,12.7171284925865
2408,147.4746676,-30.36490048,1467847.14149171,-3393229.69411441,13,-9.58204813520258,52.7734742253153,9.58204813520258
2410,147.4324899,-30.40026721,1463388.24853549,-3396680.57143657,26,5.496115502163,53.8388118128945,5.496115502163
2415,147.4604148,-30.37909195,1466309.79639973,-3394644.89323417,24,4.15230737483933,53.7461714153575,4.15230737483933
2419,147.4386495,-30.40521072,1463902.69898246,-3397301.13232514,16,-1.26508620217666,53.8388118128945,1.26508620217666
2420,147.4249671,-30.3987127,1462699.35210273,-3396421.4718024,16,-3.26093823999346,52.1964697538341,3.26093823999346
2425,147.4611902,-30.42008477,1465828.33983501,-3399214.37176818,22,3.28615636917709,53.7461714153575,3.28615636917709
2426,147.4719281,-30.39253261,1467214.42732866,-3396272.40199461,20,-3.58109501533184,53.7461714153575,3.58109501533184
2427,147.4542804,-30.41418932,1465256.17157934,-3398479.22643346,16,-3.42219483732895,53.7461714153575,3.42219483732895
2429,147.4404009,-30.38151615,1464388.12188022,-3394685.04206538,25,2.57599341085915,53.7461714153575,2.57599341085915
2436,149.2598283,-29.37205868,1651193.08217571,-3304619.43816837,17,-0.319843659498339,36.1374943483534,0.319843659498339
2439,146.31468,-30.77424,1353167.56813073,-3425980.89213453,9,-6.98775269066869,82.2966171903561,6.98775269066869
2441,146.30756,-30.78971,1352303.63390728,-3427627.82969481,13,-5.74313451471279,82.2966171903561,5.74313451471279
2442,149.5083206,-29.33420047,1675397.64048913,-3303648.18170616,35,15.5300215279725,85.7544599406259,15.5300215279725
2443,149.5037659,-29.33950018,1674883.34764325,-3304177.24310794,26,7.74026486262384,84.7059985111608,7.74026486262384
2447,148.8022004,-29.66583761,1603349.21915436,-3331442.06569169,8,-4.89490725047067,50.7922552978252,4.89490725047067
2452,150.4344141,-28.93244613,1769895.99622085,-3271520.41074138,11,-9.81510724142388,188.553171519557,9.81510724142388
2456,147.6554438,-30.32080486,1485513.32626257,-3390413.70632996,9,-3.464204661557,34.2451064547136,3.464204661557
2459,150.261085,-29.24383843,1748393.40483838,-3303699.98354676,16,-7.79066029787782,76.9726814848699,7.79066029787782
2460,150.2707936,-29.28758659,1748617.30484695,-3308689.23999066,26,3.64028586436463,61.1148831378676,3.64028586436463
2462,148.1729611,-29.91706059,1540075.21196357,-3351634.05682953,10,-5.24800329749087,23.5745258957215,5.24800329749087
2475,149.6301764,-29.33402258,1686987.09437808,-3305231.97223486,10,-14.3419646562877,90.0900772682783,14.3419646562877
2476,149.6203181,-29.32855635,1686134.05175108,-3304494.62250288,16,-13.029716048603,90.0900772682783,13.029716048603
2478,149.61967,-29.32938093,1686059.71354378,-3304577.6665486,22,-6.41522706628356,90.0900772682784,6.41522706628356
2479,149.5921406,-29.38860712,1682530.32558194,-3310793.81041648,22,0.996469743890334,76.9105846925947,0.996469743890334
2481,150.8174323,-28.67032594,1810721.24434119,-3247797.43276178,10.33851947,-7.90461631281034,54.4272668787778,7.90461631281034
2485,148.0874957,-30.07339002,1529778.86698299,-3367993.2512424,10,-1.98827040072804,24.7706841591692,1.98827040072804
2491,144.28412,-31.73082,1151575.76190545,-3512617.29067612,17,2.42260719484987,13.4983801586054,2.42260719484987
2493,144.21799,-31.69809,1145745.16158492,-3508376.33881268,12,-2.77419481464051,12.9901071124285,2.77419481464051
2494,144.23386,-31.69876,1147221.65619871,-3508593.40261203,15,1.7403924240109,12.9901071124285,1.7403924240109
2497,142.7561648,-32.18417488,1004434.63949034,-3550243.33374842,8,-2.93468320952981,15.7620668014675,2.93468320952981
2498,142.696723,-32.24674487,998311.578530395,-3556751.04076572,13,2.1314639452047,14.8734488620356,2.1314639452047
2500,147.859587,-30.23299543,1506003.74745119,-3383036.57077539,4,-6.95572795977377,31.5537116252019,6.95572795977377
2501,147.8824804,-30.23645277,1508118.41652949,-3383691.1682216,16,3.15102937972056,32.5630952337839,3.15102937972056
2506,149.7413156,-29.39557024,1696598.04170685,-3313540.07135792,16,-5.01802670841566,102.45077471241,5.01802670841566
2515,149.767188,-29.36583764,1699518.4797971,-3310581.70401174,24,5.19221628701973,84.4241570980149,5.19221628701973
2516,149.7522928,-29.36066189,1698183.26334828,-3309808.78735589,19,-0.536835881782348,79.4123815332866,0.536835881782348
2517,149.7375952,-29.39203874,1696299.35980595,-3313098.43910356,13,-7.38367892116966,83.341484073155,7.38367892116966
2524,149.4627163,-29.39763878,1670091.51314176,-3310098.94847568,14,-2.28164075574084,68.9503508005153,2.28164075574084
2528,151.1527833,-28.69230122,1842382.49146092,-3255029.93064608,27.83447551,-3.79278684071103,127.828105396742,3.79278684071103
2529,151.1491678,-28.69479653,1841995.51230884,-3255254.56786063,23.85812186,-6.03971365910448,120.505344328554,6.03971365910448
2540,149.2448352,-29.54811324,1647110.57756643,-3323989.20769497,11,-3.287497408943,47.449762653003,3.287497408943
2543,145.7636254,-30.6367966,1302937.9480355,-3404945.75886466,22,0.18521366573264,43.9788064297882,0.18521366573264
2549,150.1916313,-29.22616075,1742070.06452098,-3300788.72617513,11,-5.38580966642652,74.878027244962,5.38580966642652
2563,148.1040347,-30.16123216,1530105.3047205,-3377960.09785057,21,7.21243399106947,28.6835068893131,7.21243399106947
2565,148.0668347,-30.08168064,1527707.99093404,-3368668.04842774,16,5.00897761195997,26.675183297497,5.00897761195997
2568,144.18224,-31.88215,1140441.68213113,-3528560.98023633,13,-3.38306381880396,13.6013409210105,3.38306381880396
2569,147.2119001,-30.60382093,1439860.77161854,-3416821.17262092,5,-7.29978810153896,63.4712963640217,7.29978810153896
2575,140.92537,-32.40853,832026.324273511,-3562101.27044563,11.62755348,-5.16514376877767,14.3018147990232,5.16514376877767
2577,148.277122,-29.9264791,1549806.24108538,-3353941.08932248,11,-4.60867248188618,30.9193709182352,4.60867248188618
2578,148.3327886,-29.9766578,1554360.38035704,-3360197.13783154,14,-0.631600773342907,30.2354410898321,0.631600773342907
2582,145.95691,-30.98966,1316852.79073244,-3446227.14590291,19,-2.06078095327461,36.2907763437099,2.06078095327461
2587,144.1777,-31.96813,1139102.32393468,-3538097.22854237,15,-0.0593136595675308,14.1114893523712,0.0593136595675308
2588,144.17998,-31.94662,1139544.04989047,-3535721.80284377,14,-2.38697274024613,14.3432379732067,2.38697274024613
2595,150.8792242,-28.74750758,1815349.18150225,-3257238.07713801,15,-4.76014693062334,63.9566566490475,4.76014693062334
2597,150.8835917,-28.75990144,1815561.33393163,-3258675.23843496,26,6.34744557343766,56.4345825657462,6.34744557343766
2601,148.7590151,-29.76657092,1597774.54832443,-3342098.5677282,29,13.1303464860874,47.9710634137317,13.1303464860874
2607,142.2554236,-32.33681953,956408.311488547,-3563414.65686541,10.61445555,-5.33730113343883,14.3630489479297,5.33730113343883
2609,147.8714237,-30.27893823,1506483.86385823,-3388285.98699857,13,2.67118109428,31.5802828861223,2.67118109428
2610,147.8487848,-30.30615802,1503968.56225035,-3391046.63142548,13,1.26618419635736,29.6198276229584,1.26618419635736
2611,147.8417213,-30.33146991,1502950.83002917,-3393778.67116782,12,-4.17474765722639,28.8702440716695,4.17474765722639
2612,148.2512559,-30.10993083,1544747.70654205,-3374027.17277203,3,-12.3748425901571,35.0760821556606,12.3748425901571
2613,148.2551519,-30.11189685,1545088.07133984,-3374292.89076193,6,-6.42976563853724,35.0760821556606,6.42976563853724
2614,148.2097678,-30.08224752,1541217.99586711,-3370447.84588941,12,-3.00441053565199,24.6246141497497,3.00441053565199
2615,148.2180339,-30.06842844,1542195.83439331,-3369010.93510213,8,-6.2388992660765,31.5732093566085,6.2388992660765
2621,139.77415,-32.49315,724276.113239096,-3564530.37253077,6.260990337,-4.12872552258231,12.8803192679649,4.12872552258231
2622,140.57518,-32.56661,798246.125114685,-3577499.22054485,12.52198067,-2.33309960045861,12.3057348865092,2.33309960045861
2623,140.56977,-32.58463,797608.251058242,-3579475.30793445,11.62755348,-4.42959681565455,12.3057348865092,4.42959681565455
2625,148.4299454,-29.92679602,1564272.6455506,-3355838.88355979,13,-2.6267583818691,31.4505146481658,2.6267583818691
2630,150.9815677,-29.11681311,1818985.80799012,-3299663.53149196,27,1.22234545192534,62.2701351111046,1.22234545192534
2638,150.9740564,-29.10581828,1818453.78430305,-3298337.01019035,25,-6.53110050525344,66.5819702469995,6.53110050525344
2642,150.9780564,-29.11037203,1818758.72413446,-3298899.07236229,27,-3.50735399454163,62.2701351111046,3.50735399454163
2645,150.9841668,-29.10999489,1819346.25995686,-3298944.24163248,28.46049894,0.14480534630933,62.2701351111046,0.14480534630933
2648,150.9775267,-29.11381075,1818651.25323604,-3299272.96831309,24,-1.09496427177101,62.2701351111046,1.09496427177101
2651,150.9683382,-29.11029726,1817835.47814965,-3298752.46324418,30,8.9012315254446,66.5819702469995,8.9012315254446
2652,150.9776232,-29.12673284,1818445.93191252,-3300707.70787715,24,-0.908871915737674,62.2701351111046,0.908871915737674
2659,147.7787262,-30.38961165,1496202.01435996,-3399505.72308125,3,-8.73447583054283,26.2758125799343,8.73447583054283
2660,142.5673983,-32.33146219,985486.789751515,-3565188.56186255,9,-4.0942966655753,14.2764502431552,4.0942966655753
2662,145.5572548,-31.27092846,1275951.96136708,-3473490.3825103,30,0.231080692103923,99.440947304539,0.231080692103923
2666,145.3802065,-31.26083695,1259468.4306297,-3470609.76640124,34,6.33208379285868,95.0448389252639,6.33208379285868
2668,147.502729,-30.69283531,1466047.45370158,-3430030.76364399,17,5.45356362410374,53.4453665120107,5.45356362410374
2672,147.5073965,-30.69016281,1466522.93360251,-3429787.09637536,18.29122676,8.47422075490707,53.4453665120107,8.47422075490707
2679,147.5191926,-30.64943061,1468186.03381309,-3425392.26508319,33,21.6045699349637,52.323430407304,21.6045699349637
2680,147.5025338,-30.69344966,1466020.75264024,-3430096.85216744,30,9.82957040879827,53.4453665120107,9.82957040879827
2682,148.3858464,-30.11615024,1557381.96570518,-3376352.71631962,14,0.66081481887667,53.4826215084544,0.66081481887667
2684,143.7258,-32.07219,1095885.61646374,-3545735.47813145,15,1.36870316468509,12.4567882434801,1.36870316468509
2689,145.4977557,-31.21249126,1271063.1605004,-3466389.92089579,22,-6.16319878023379,100.32375901753,6.16319878023379
2695,139.95613,-32.4855,741261.776984157,-3564720.48875286,4.91934955,-5.59064669827764,12.1651049044756,5.59064669827764
2697,149.7969729,-29.37884489,1702146.56380852,-3312422.84593769,22,-0.493295217965596,129.782687102755,0.493295217965596
2698,149.8192995,-29.38295172,1704204.04712946,-3313176.59063279,13,-9.25664968288326,129.782687102755,9.25664968288326
2700,149.7840165,-29.37615772,1700957.21342619,-3311951.8434818,20,-2.23481970336226,108.438208444626,2.23481970336226
2701,148.8774203,-29.71080818,1609821.15600529,-3337386.70411274,5,-13.641498533764,55.5006822566473,13.641498533764
2702,148.8970495,-29.72135529,1611526.57032963,-3338806.46813572,18,-0.0784648547081339,44.1583313159491,0.0784648547081339
2703,151.9584064,-27.4226856,1941420.53597741,-3126194.37346244,32.15521471,3.74225650126298,92.5098758308913,3.74225650126298
2704,151.950732,-27.42335925,1940668.34726752,-3126152.42607939,52.0157885,22.588023754313,92.5098758308913,22.588023754313
2707,147.1914702,-30.82402792,1435009.22785763,-3441089.39451852,3,-13.7653249816064,83.1669196567485,13.7653249816064
2716,151.3980626,-28.80535386,1863878.32320819,-3271125.15251178,17.49595603,-19.15412929613,94.983863305288,19.15412929613
2719,149.5332353,-29.46670055,1675733.90137428,-3318694.65223537,38,17.964475779536,87.087525147748,17.964475779536
2720,142.2737561,-32.44015276,957186.105263288,-3575069.30644032,16.32993162,3.42670383074699,13.7661313623321,3.42670383074699
2725,142.2387645,-32.38209519,954452.711365308,-3568336.69377989,16.32993162,4.82037975286636,13.7288651077043,4.82037975286636
2727,142.2109809,-32.37681757,951915.380153032,-3567541.1431989,20.41241452,5.01495878420814,13.4975890795146,5.01495878420814
2733,142.2118163,-32.40515161,951740.11609261,-3570705.5272897,13.88044188,0.491298261322406,11.8852298235987,0.491298261322406
2735,142.2801481,-32.38737357,958254.714948255,-3569234.80785081,7.348469228,-6.60671432826598,15.3669285973162,6.60671432826598
2736,142.2379278,-32.38154414,954379.814256374,-3568269.02234283,9.797958971,-2.00981282777984,13.2245646816989,2.00981282777984
2737,142.2529251,-32.43681674,955279.396659482,-3574541.58952918,10.61445555,-0.140769722002281,13.7661313623321,0.140769722002281
2739,140.80938,-32.64386,819418.258596622,-3587597.16832742,11.62755348,-4.20234644498193,15.8219956680274,4.20234644498193
2746,140.81816,-32.52118,821179.480735161,-3573972.23025569,9.838699101,-6.68066267932627,12.074709278495,6.68066267932627
2749,147.8665009,-30.39572771,1504397.53587248,-3401216.70295111,24,10.845557977969,34.1751574297903,10.845557977969
2754,147.8442709,-30.37806071,1502545.53419461,-3398990.31117816,11,-4.21341333179912,28.0724103845073,4.21341333179912
2755,147.8514344,-30.37201332,1503305.2534923,-3398402.02946745,22,6.47175703891493,28.8702440716695,6.47175703891493
2759,147.8520118,-30.37780292,1503279.42546545,-3399052.7049957,8,-6.82433713533483,28.8702440716695,6.82433713533483
2766,147.8473851,-30.50558744,1501071.07119634,-3413208.91551639,6,-5.81517572744047,30.8967387503259,5.81517572744047
2767,147.8464199,-30.38227888,1502689.79413041,-3399484.70507209,11,-3.68354569686783,34.1751574297903,3.68354569686783
2770,149.235696,-29.59837913,1645484.83410375,-3329456.76363877,13,-3.74427042497467,47.2356737282129,3.74427042497467
2771,149.2403395,-29.59783168,1645933.71218444,-3329455.75015134,15,-1.9730280117328,47.2356737282129,1.9730280117328
2772,149.2247612,-29.68840008,1643090.40127421,-3339318.48144673,14,-3.87513102814,47.2652419027675,3.87513102814
2782,149.6927785,-29.51212171,1690181.88645825,-3325841.5577283,18,-4.85209503822326,107.765481565791,4.85209503822326
2783,149.6209424,-29.57008842,1682469.36911933,-3331331.58222838,14,-6.69285469983701,93.3150308502887,6.69285469983701
2784,149.6203424,-29.56283892,1682524.20949554,-3330518.47388519,33,12.1511517706747,93.3150308502887,12.1511517706747
2785,151.3383287,-29.45218744,1847243.12821893,-3341972.93079552,27,-2.87591972622634,25.9442078972721,2.87591972622634
2787,151.3401526,-29.45001111,1847452.82416209,-3341758.03681202,22.92651304,-3.38961704058768,25.9442078972721,3.38961704058768
2791,151.3358443,-29.45153379,1847018.67928531,-3341864.54691586,25,-3.70815324790934,25.9442078972721,3.70815324790934
2794,151.3371867,-29.44951128,1847180.12768893,-3341659.73949681,22,-2.59388825258402,25.9442078972721,2.59388825258402
2796,151.3380519,-29.44543713,1847331.0372503,-3341220.58839634,22,-2.02546637023308,25.9442078972721,2.02546637023308
2803,151.2821507,-29.41850322,1842485.70975012,-3337427.30380218,19,-19.6294141056268,56.5919144592959,19.6294141056268
2805,151.3353159,-29.43906589,1847179.39317224,-3340474.70798375,44,7.21623971559098,25.9442078972722,7.21623971559098
2814,151.3298788,-29.44185821,1846616.7374072,-3340705.66689865,36,-2.36848131069165,25.9442078972722,2.36848131069165
2815,151.2992191,-29.41998818,1844079.18235246,-3337838.20418496,33,-7.1951701673693,57.1719547133663,7.1951701673693
2816,151.297752,-29.41896785,1843957.28413814,-3337703.90728231,33,-7.19911528912199,57.1719547133663,7.19911528912199
2821,151.3423519,-29.43522216,1847911.43927778,-3340150.34097394,27,-8.21695869164469,25.9442078972722,8.21695869164469
2825,151.3423282,-29.40622067,1848399.720445,-3336934.86144789,34,-2.17195838325333,56.4291013656978,2.17195838325333
2829,151.3123613,-29.44108946,1844969.01510023,-3340367.35139561,32,-9.09905713737098,38.3036190051984,9.09905713737098
2831,151.3081453,-29.41559023,1844999.85252312,-3337479.49607468,33.20391543,-4.26135599664765,57.1719547133663,4.26135599664765
2838,151.3021009,-29.40411686,1844620.33876216,-3336120.20063787,39,1.79231266624898,59.8946833277416,1.79231266624898
2839,151.3461291,-29.37608156,1849270.0396754,-3333648.57174587,23,-12.0764585955727,69.1931536523171,12.0764585955727
2843,151.3262617,-29.38077846,1847306.07915588,-3333881.86093844,9,-26.2851929211085,79.1726366764845,26.2851929211085
2844,151.3245674,-29.43949051,1846153.21662205,-3340366.41616353,42,7.64860291484834,36.4412713181024,7.64860291484834
2850,151.2841994,-29.4453042,1842228.02770725,-3340428.22696092,29,-3.42104343267533,37.0696607522866,3.42104343267533
2852,151.2837548,-29.44293438,1842225.8398915,-3340159.07980218,30,-2.12004697112865,37.0696607522866,2.12004697112865
2856,151.2831358,-29.4374493,1842259.6464316,-3339542.03501126,27,0.161195699105694,37.3370419240066,0.161195699105694
2857,151.2843988,-29.44264492,1842291.77615755,-3340136.27465633,29,-0.641804674746954,37.0696607522866,0.641804674746954
2861,151.3316512,-29.42770738,1847023.97646614,-3339162.50127725,46.64359549,12.124303776484,36.620880937398,12.124303776484
2868,146.45117,-31.0414,1362637.07486083,-3457169.97504015,22,-0.39504099293956,83.3167971535959,0.39504099293956
2878,147.5483922,-30.5638304,1472099.28855536,-3416207.30605615,10,-3.26765642110207,57.4472334732205,3.26765642110207
2884,148.0233849,-30.39514314,1519203.14318802,-3403008.18794551,4,-6.05466314585683,31.810361541359,6.05466314585683
2885,142.1820891,-32.44042403,948661.424686154,-3574415.80061958,12.24744871,-2.08372900395711,13.3870259354641,2.08372900395711
2893,142.1790379,-32.4740444,948078.561917968,-3578140.23584219,13.88044188,3.88529886349806,13.1589236991338,3.88529886349806
2895,142.1812561,-32.50292464,948027.68103475,-3581375.33008377,6.531972647,-3.61212262092233,12.2849645577346,3.61212262092233
2897,149.3094774,-29.60627195,1652366.10443079,-3331286.02140523,19,-3.41885549387368,53.4345147795201,3.41885549387368
2904,150.9541911,-28.87945765,1820316.96991006,-3272943.76713047,23,2.51502466242,146.421109876859,2.51502466242
2906,150.9483006,-28.82975522,1820579.26504396,-3267345.9657586,17,-4.12952111744966,138.935046205597,4.12952111744966
2912,150.9114318,-28.81443677,1817316.2220105,-3265121.5884226,22,0.268804553674002,102.32660465808,0.268804553674002
2915,150.9031853,-28.84762155,1815980.79440737,-3268685.97919144,19,2.10974895700966,88.4657924188535,2.10974895700966
2916,150.9109629,-28.84458426,1816772.75131334,-3268459.59001892,24,7.49846689911833,89.9526120184038,7.49846689911833
2919,150.9491377,-28.88203356,1819792.51872836,-3273157.53718418,54,33.0584694754937,142.132105895104,33.0584694754937
2920,150.9513613,-28.84612446,1820599.80555769,-3269205.55796217,18,0.918907248018662,139.15274351048,0.918907248018662
2922,150.9019123,-28.79453313,1816737.2400552,-3262777.98633343,11,-10.0038574056177,53.9086630640905,10.0038574056177
2927,150.9322505,-28.80091608,1819526.09038482,-3263917.88784692,20,-1.12405925597339,109.191814798131,1.12405925597339
2928,150.9296464,-28.85951673,1818307.24970658,-3270382.0268153,15,-2.19512407290533,119.302749379706,2.19512407290533
2939,150.8744388,-28.84763156,1813239.16315226,-3268278.78189165,13,-10.6912442702123,93.0481815035657,10.6912442702123
2943,150.919341,-28.8726128,1817107.85669691,-3271688.28767532,18,-4.69186798076463,96.7840419670854,4.69186798076463
2954,150.8770093,-28.85579261,1813349.53797531,-3269220.71357183,13,-7.74936592801533,96.112291497491,7.74936592801533
2955,150.8795707,-28.8012536,1814494.56761621,-3263206.09400624,34,8.11906063328534,59.8484995952296,8.11906063328534
2964,147.0545158,-30.85213033,1421762.38574718,-3442684.43397084,21,8.91546049474714,109.039417219632,8.91546049474714
2966,147.0149752,-30.90747492,1417318.36704539,-3448402.18755037,13,-23.8057717317948,74.7205761611801,23.8057717317948
2971,147.0110877,-30.86425329,1417520.70703094,-3443550.56802353,25,5.54354267240629,106.606388108035,5.54354267240629
2993,147.6909099,-30.48304924,1486634.07736878,-3408872.7376798,8,-6.51369663393033,40.6624309970165,6.51369663393033
2996,142.4398451,-32.41971923,972812.606761381,-3574046.63958808,14,4.49752581242197,16.2096941730959,4.49752581242197
2997,142.420698,-32.54737934,969869.48697864,-3588126.32623195,17.1464282,2.66817126388296,25.8851952588084,2.66817126388296
2998,142.4173713,-32.45959895,970359.898792,-3578319.85284037,17.96292478,4.02944520811381,22.7055910669031,4.02944520811381
3005,149.8575103,-29.52637342,1705593.82268813,-3329613.58077539,26,1.57471891743506,123.378100551218,1.57471891743506
3006,149.1182493,-29.71168478,1632642.38742917,-3340540.2672491,12,-8.1091470877378,49.9192904191141,8.1091470877378
3011,147.5185637,-30.76801032,1466516.93332565,-3438573.1788895,11,-8.49392187457791,55.7931462520452,8.49392187457791
3016,147.5045934,-30.70199589,1466098.63968463,-3431071.00084893,17,4.46201199420713,53.4453665120107,4.46201199420713
3021,147.5067229,-30.69984904,1466328.13805078,-3430856.66845321,8,-2.83572810858144,53.4453665120107,2.83572810858144
3022,147.5010641,-30.70001537,1465793.41067956,-3430810.23013872,6,-4.8077685162839,53.4453665120107,4.8077685162839
3026,147.5020799,-30.70057997,1465881.336442,-3430884.68009252,14,0.867132099387401,53.4453665120107,0.867132099387401
3031,147.5244131,-30.76950277,1467046.71472056,-3438806.3136688,11,-0.101889736883333,55.7931462520452,0.101889736883333
3033,150.8426303,-28.91146179,1809153.41471028,-3274909.71058399,18,-5.94498766327846,105.304347133538,5.94498766327846
3034,150.8576891,-28.89479904,1810863.63685715,-3273274.34574343,18,-6.47899593900045,90.8502767244345,6.47899593900045
3037,148.9507766,-29.81621001,1615213.66814702,-3350027.14026599,14,-1.93332223966894,63.8139003104897,1.93332223966894
3039,149.5332278,-29.63177841,1673200.66785517,-3337031.75571907,31,11.7523149372157,79.3678183796163,11.7523149372157
3044,142.3834817,-32.40709124,967686.751489291,-3572211.27211517,14.69693846,0.959882651070014,14.7269811566953,0.959882651070014
3047,142.3829245,-32.53209681,966500.30939274,-3586137.23361671,18.77942136,5.82984939645223,22.5063147314087,5.82984939645223
3051,142.3619532,-32.51052437,964747.866099047,-3583574.94001893,8,-6.0766289323305,22.2511601278558,6.0766289323305
3052,142.3737599,-32.48820681,966047.091797408,-3581177.25544943,9.797958971,-5.66045928172707,23.3210972487304,5.66045928172707
3057,142.3854286,-32.45515584,967431.398197295,-3577582.47246028,17.96292478,3.43674609768069,22.1727493805195,3.43674609768069
3062,142.3726447,-32.48765072,965948.510401502,-3581106.85570594,10.61445555,-4.30545157626453,23.3210972487304,4.30545157626453
3070,148.6111654,-30.01300324,1580176.47577557,-3367652.91951847,25,11.2601965589377,42.5398673978487,11.2601965589377
3075,147.9330215,-30.41567133,1510394.05397338,-3404219.42188471,8,-7.7113698891469,34.9910781086499,7.7113698891469
3087,147.8989194,-30.45975579,1506564.76923558,-3408718.98749226,22,3.23945076315868,41.4309465457117,3.23945076315868
3094,147.8908774,-30.41614637,1506412.98984624,-3403774.65538648,13,-3.51900489108138,32.3270198808425,3.51900489108138
3096,147.8860753,-30.4619371,1505323.6391218,-3408810.1497141,21,2.32380144493461,41.4309465457117,2.32380144493461
3097,147.8935391,-30.46028904,1506050.15574615,-3408714.84881952,18,-1.03118281990739,41.4309465457117,1.03118281990739
3109,150.3134913,-29.34307973,1751786.64236633,-3315434.02613458,27,1.89348244162834,76.4608258427898,1.89348244162834
3110,150.3005226,-29.35505822,1750362.8403219,-3316585.86398922,28,-0.900551922741801,61.1148831378676,0.900551922741801
3112,150.3811167,-29.3472847,1758143.15575089,-3316829.7119841,39,16.0714921884513,128.684376890355,16.0714921884513
3113,150.3486544,-29.33335601,1755283.13326738,-3314837.37084537,16,-8.66264764967934,128.684376890355,8.66264764967934
3120,150.3815043,-29.36231148,1757938.34014073,-3318502.84843892,24,0.0349723571146718,126.289599215925,0.0349723571146718
3121,150.3688825,-29.36260413,1756734.86828028,-3318361.71099809,25,1.00750107425399,128.684376890355,1.00750107425399
3122,150.3677892,-29.35587132,1756739.21465878,-3317599.40207675,20,-5.35724591997766,128.684376890355,5.35724591997766
3123,150.386664,-29.35825428,1758493.64181317,-3318123.55713159,28,1.53559085136101,126.289599215925,1.53559085136101
3132,150.3689511,-29.34552071,1757015.90172058,-3316466.56057852,22,-1.53745949778733,128.684376890355,1.53745949778733
3133,147.087984,-30.85211197,1424908.70346717,-3443055.26287825,14,0.290696762510773,99.6222233028045,0.290696762510773
3134,147.1120245,-30.83946067,1427335.75755944,-3441916.20208309,7,-6.88561731661809,66.830408888563,6.88561731661809
3136,145.371646,-31.33666835,1257778.45269921,-3478970.27309437,31,1.06744973083699,97.3752601780566,1.06744973083699
3141,145.381615,-31.33757932,1258702.07255475,-3479169.90006442,35,7.33189983374535,97.8896355929199,7.33189983374535
3143,145.3846553,-31.33802358,1258981.80034154,-3479249.32953999,16,-11.3644014156986,97.8896355929199,11.3644014156986
3145,145.3666157,-31.28043918,1257964.57083502,-3472658.90608836,23,-3.94744046706546,95.0448389252639,3.94744046706546
3152,148.7440373,-30.02751197,1592531.50072226,-3370915.45593812,19,4.4554709838981,64.2335069143528,4.4554709838981
3153,148.7492095,-30.01264645,1593238.46663127,-3369327.74913349,25,9.21511554094257,57.1647358483941,9.21511554094257
3160,151.0139065,-28.86600447,1826233.32108237,-3272303.60266227,47,17.2353658849153,148.687452152987,17.2353658849153
3163,151.0149965,-28.81995698,1827103.17525154,-3267211.15245308,50,23.8011904902938,146.834545140926,23.8011904902938
3164,151.0318059,-28.84194943,1828340.25118845,-3269891.23374459,46,19.4790606891503,148.687452152987,19.4790606891503
3169,151.0329607,-28.88021586,1827813.26522542,-3274152.52904526,56,30.9726801767309,135.433181919918,30.9726801767309
3181,149.6799736,-29.69518972,1686134.67506662,-3346003.95981818,14,-9.72266393639433,95.5063187302059,9.72266393639433
3182,149.6386521,-29.61619158,1683438.06559982,-3336685.4580343,11,-11.0356725331933,90.7983961530027,11.0356725331933
3186,149.9504901,-29.52176514,1714488.44849874,-3330346.44011882,43,16.3112585776917,101.6973415973,16.3112585776917
3188,149.9555599,-29.53191608,1714810.02548448,-3331541.56752099,26,-4.81798715169584,101.6973415973,4.81798715169584
3190,148.6643741,-30.01502076,1585179.96796087,-3368536.34422928,21,8.02955988482763,43.269501626017,8.02955988482763
3191,148.8689242,-30.01346543,1604548.00476026,-3370917.02487968,24,5.91553215429057,57.6687047599187,5.91553215429057
3208,150.8694619,-28.76087034,1814196.72805569,-3258582.01241525,19,-1.26372886893033,62.9876719066209,1.26372886893033
3210,150.8316719,-28.72052347,1811254.51510644,-3253569.15216289,26,-0.0433993150365808,70.7511007910607,0.0433993150365808
3217,150.8346515,-28.79086312,1810380.00016107,-3261415.99584869,15,-4.11502592121934,68.13310583103,4.11502592121934
3218,150.839681,-28.74164328,1811671.15472563,-3256026.09432518,9,-16.2469052731347,63.0882756820103,16.2469052731347
3223,150.8499448,-28.76988168,1812185.30511607,-3259304.84261134,16,-7.48009809701066,61.2752224847312,7.48009809701066
3225,145.3397376,-31.37553665,1254334.37932871,-3482984.86096368,31,-1.34576842281741,99.4925451013211,1.34576842281741
3226,147.6317153,-30.80073226,1476709.19063108,-3443515.37058668,19,5.61376570679987,54.3207004676287,5.61376570679987
3227,150.6341013,-28.94512829,1788725.88715063,-3275709.11122234,7,-12.6353787793377,174.252296155142,12.6353787793377
3229,149.8027869,-29.63492158,1698710.36074913,-3340938.13291109,43,21.9548316171074,88.454650888246,21.9548316171074
3231,147.2635847,-30.8130733,1441935.18512202,-3440682.81365521,7,-6.3946738472212,63.134202798769,6.3946738472212
3233,149.938272,-30.0460752,1705102.03235809,-3388390.24795621,29,3.30362526059631,104.511138449187,3.30362526059631
3248,149.9348705,-30.0920196,1704060.17224732,-3393444.5860086,58,36.1842394133883,102.431774225411,36.1842394133883
3250,149.9402727,-30.03941082,1705395.52239352,-3387677.21059416,24,-2.849488473102,108.044124288514,2.849488473102
3251,149.9645426,-30.05033715,1707515.72458136,-3389214.18440807,19,-8.31182635119182,117.220942588174,8.31182635119182
3252,149.9260997,-30.08790447,1703296.81847182,-3392870.85726472,19,0.300403077199658,102.431774225411,0.300403077199658
3254,149.9610249,-30.04186694,1707316.63010651,-3388227.00990266,9,-18.8557755366122,117.557615930199,18.8557755366122
3258,149.9390762,-30.06065826,1704949.17308025,-3390019.68080714,29,7.441523080121,104.18921266873,7.441523080121
3262,149.9206531,-30.08360662,1702850.05446948,-3392321.19746011,14,-8.02761104617065,102.431774225411,8.02761104617065
3264,149.9213311,-30.12144252,1702321.03964982,-3396529.90418266,24,-7.24485217304099,93.6110253998185,7.24485217304099
3265,149.9086389,-30.03309812,1702507.0416474,-3386554.57212197,24,-2.09739093419966,104.511138449187,2.09739093419966
3266,149.9336388,-30.03132508,1704895.87796728,-3386691.14936199,28,3.59684865318133,108.044124288514,3.59684865318133
3267,149.9286261,-30.12291227,1702986.38212622,-3396790.26247726,23,-5.87206045116366,94.4424979574027,5.87206045116366
3269,149.960382,-30.04882565,1707146.61429744,-3388990.81156373,11,-9.58316192358617,117.220942588174,9.58316192358617
3273,149.9319488,-30.09282439,1703771.77472342,-3393494.94712705,27,2.53939750066667,94.3204309760391,2.53939750066667
3274,149.8980031,-30.12263617,1700100.98842577,-3396351.75713877,21,-3.96230183257705,93.4220311376415,3.96230183257705
3275,149.9599104,-30.06884826,1706787.58137032,-3391206.93189305,38,10.9156875495444,113.697094489434,10.9156875495444
3276,149.9123192,-30.12508794,1701413.52387846,-3396814.48090008,18,-4.70695629570701,104.411707237033,4.70695629570701
3286,149.8917043,-30.12436242,1699479.58212739,-3396459.56284308,22,-2.73972936542183,93.4220311376415,2.73972936542183
3287,149.9109535,-30.08207237,1701958.46395361,-3392021.64535499,24,1.149120603573,102.431774225411,1.149120603573
3292,147.7766836,-30.65671834,1492322.32977033,-3429186.17341665,2,-14.2412382547631,67.5206032446776,14.2412382547631
3293,147.7532099,-30.67593277,1489848.4178558,-3431048.75930259,19,2.38836287846294,74.9121506680059,2.38836287846294
3296,147.0902277,-31.01452972,1422975.58025549,-3461147.439008,21,6.90407102122607,79.3521274047513,6.90407102122607
3299,147.0681543,-30.91167812,1422259.47383373,-3449460.77406905,11,-5.84623749919257,65.7451130942035,5.84623749919257
3303,145.352251,-31.2976844,1256416.1451036,-3474438.08233167,38,7.92280645695667,94.7657612315882,7.92280645695667
3306,145.3431187,-31.30265473,1255501.92177094,-3474901.82815599,25,-6.14628405328726,97.6381832170989,6.14628405328726
3315,151.4125037,-28.58257426,1869037.88292594,-3246633.6688623,14,-10.6407639459563,102.611124238457,10.6407639459563
3317,148.922862,-29.97901803,1610158.54303012,-3367767.59223088,5,-8.83531944437917,58.6844838828213,8.83531944437917
3320,142.2945943,-32.55237614,958113.4388871,-3587731.56747876,10.61445555,-1.52120092382759,22.489711170859,1.52120092382759
3322,142.2929345,-32.58070709,957704.408636762,-3590875.9365341,8.98146239,-3.76226879321368,22.9604583354075,3.76226879321368
3331,142.2954276,-32.49765173,958683.320561633,-3581639.69409971,13.88044188,0.623786850203343,15.265579456408,0.623786850203343
3343,150.8460017,-29.99822456,1791562.1566881,-3395503.73531451,37,-8.29495311122869,196.410959442722,8.29495311122869
3345,150.8414566,-30.00422144,1791034.43234857,-3396104.99338268,45,0.709276475088998,203.901451222854,0.709276475088998
3349,150.836275,-30.01372599,1790388.92364125,-3397086.31204372,67,23.6288485006933,206.700541038131,23.6288485006933
3350,150.8639489,-30.00760171,1793101.2067735,-3396795.32810087,43,-1.11266518346901,201.012021035209,1.11266518346901
3355,150.8484433,-30.0262668,1791330.45497777,-3398647.50371756,75,26.6644276752587,198.481821602208,26.6644276752587
3356,150.8593884,-29.9945548,1792885.99704402,-3395284.59891908,40,2.94485493917077,196.093341450176,2.94485493917077
3367,150.8601818,-29.98607855,1793100.64635793,-3394355.82432905,58,18.9110913916336,196.093341450176,18.9110913916336
3376,150.8312743,-29.99534841,1790219.63551773,-3394978.35006696,60,15.0294523703256,200.317077177194,15.0294523703256
3377,150.8663574,-30.02678421,1793012.06376545,-3398956.17759505,31,-11.0551138065057,196.627781899404,11.0551138065057
3380,150.8594025,-30.00210595,1792762.8156362,-3396122.1202703,42,-0.453739138963336,198.109604611487,0.453739138963336
3383,142.3665348,-32.58320249,964514.943287881,-3591707.67370681,22.04540769,7.78222975498745,25.6414300822059,7.78222975498745
3387,142.3218157,-32.52181265,960917.171073262,-3584530.31399169,16.32993162,3.60138428469541,22.9334745001862,3.60138428469541
3388,142.3423731,-32.49237002,963092.982335095,-3581404.20812079,17.1464282,3.01725831407731,23.3210972487304,3.01725831407731
3392,142.3412594,-32.51987497,962740.861289723,-3584460.7803116,11.43095213,-0.43534611210212,22.8585161371446,0.43534611210212
3393,142.3451444,-32.47404774,963516.181803921,-3579383.32437398,8.98146239,-3.37162184429157,22.7055910669031,3.37162184429157
3395,142.3887593,-32.59431482,966477.282163364,-3593113.73009486,9.797958971,-5.3500950414801,27.6798450430694,5.3500950414801
3396,142.3876533,-32.5909897,966404.805564246,-3592734.89468667,17.1464282,1.78409506073076,27.6798450430694,1.78409506073076
3398,142.3454304,-32.54542918,962897.232093976,-3587339.68565294,12.24744871,-0.925189695553767,23.3246657346263,0.925189695553767
3400,149.2152005,-29.89052631,1639139.34811003,-3361652.73740886,18,5.60270316494543,49.1516883941074,5.60270316494543
3402,146.7308472,-31.01541667,1389227.51710722,-3457290.70569941,5,-17.1197161452925,85.1532019579175,17.1197161452925
3404,148.6071698,-30.13212478,1578067.56118283,-3380844.41542078,10,-5.68872656002673,70.7572264722746,5.68872656002673
3406,151.2983406,-28.80424171,1854388.40977067,-3269550.65020173,23.85812186,-2.86268073659,147.606477937041,2.86268073659
3408,150.2690964,-29.38520359,1746895.80448211,-3319501.86096517,59,24.2420870930053,60.8298271505965,24.2420870930053
3411,150.2937405,-29.37167117,1749452.73212111,-3318336.98542549,49,9.88110410452201,60.8298271505965,9.88110410452201
3419,150.2652836,-29.4333464,1745764.44804347,-3324793.60036114,34,2.13907212120965,60.5040495444824,2.13907212120965
3422,150.296652,-29.37567209,1749665.21640828,-3318820.95333012,26,-10.0823252009814,60.0974405034296,10.0823252009814
3433,150.5715347,-29.6631438,1771097.89859379,-3354510.21528003,27,-4.29350332380302,52.5594250380564,4.29350332380302
3434,150.5908677,-29.64493146,1773224.71283224,-3352757.8022211,40,3.53833800775234,45.1131916847371,3.53833800775234
3437,150.5850442,-29.65236714,1772552.31981489,-3353501.9452537,36,-0.0259304189379961,45.8954752767152,0.0259304189379961
3439,150.6025202,-29.69526329,1773509.4091114,-3358503.52571402,51,18.4561129507763,88.1354669790854,18.4561129507763
3440,150.5883803,-29.65278874,1772861.39863898,-3353595.01080711,35,0.268553575521672,45.1131916847371,0.268553575521672
3443,150.6067664,-29.68843938,1774022.40850902,-3357805.42978509,28,-5.60566568337265,79.0796416130131,5.60566568337265
3448,150.584789,-29.62184445,1773024.27972423,-3350112.00904136,36,5.32879801439566,30.7318324851628,5.32879801439566
3450,150.5952134,-29.62590395,1773945.7343722,-3350707.10814249,22,1.33648755145787,30.8284591117871,1.33648755145787
3451,150.6067592,-29.66781722,1774357.31320764,-3355517.47750177,27,-5.62355652643866,48.1107332970992,5.62355652643866
3454,150.6023834,-29.64053059,1774386.92676314,-3352429.43585275,41,9.55853174490067,50.108748467528,9.55853174490067
3456,150.5913791,-29.65523385,1773105.62931021,-3353907.90091807,24,-6.53883468785833,45.1131916847371,6.53883468785833
3461,150.5861253,-29.61744855,1773222.32311658,-3349642.84004995,26,-4.75371215777832,30.7318324851628,4.75371215777832
3470,150.5737373,-29.61438988,1772098.46696118,-3349131.59617923,30,5.33271666642867,43.1141116101135,5.33271666642867
3472,150.5814908,-29.6463485,1772313.61838201,-3352784.90123032,27,-3.25935267957635,45.8954752767152,3.25935267957635
3474,150.6036576,-29.69000664,1773702.60502861,-3357936.13803454,40,6.01973211247333,79.9155474189689,6.01973211247333
3476,150.5766661,-29.62734332,1772165.46751335,-3350609.39410568,36,9.599588980724,44.381816051371,9.599588980724
3484,150.5769885,-29.66184542,1771635.43202902,-3354441.78280903,23,-3.16015654409735,45.8954752767152,3.16015654409735
3485,150.5958936,-29.64680889,1773670.16635782,-3353035.86129461,40,9.14957695086533,45.1131916847371,9.14957695086533
3486,150.5654412,-29.64468346,1770820.62990247,-3352377.61178219,25,-3.44636978280134,52.5594250380564,3.44636978280134
3488,150.5812972,-29.66609183,1771974.43061228,-3354972.66043789,26,-2.90737430290166,54.7829802779904,2.90737430290166
3497,150.5661388,-29.66289142,1770591.03813655,-3354407.42092957,20,-7.94509003733046,52.5594250380564,7.94509003733046
3498,144.17006,-31.98701,1138188.92125098,-3540131.91924234,11,-5.10102104787436,14.1114893523712,5.10102104787436
3503,148.8017467,-30.04388734,1597747.90609346,-3373455.94192714,19,0.569450268891998,66.4428107947577,0.569450268891998
3505,148.782617,-30.03539637,1596063.94759037,-3372273.17413707,23,5.46055103759564,64.2335069143528,5.46055103759564
3506,147.5421421,-30.90086267,1466927.93177956,-3453617.49022898,8,2.18368641880693,51.3858815311236,2.18368641880693
3512,147.5042854,-30.91317,1463205.54278539,-3454551.88979554,15,3.49641380497327,42.2752494553114,3.49641380497327
3515,147.4717439,-30.79676616,1461724.90336944,-3441234.61776157,30,6.3691430265748,46.2134752531959,6.3691430265748
3517,147.504971,-30.83039717,1464392.54193856,-3445355.23731101,12,2.70857933183437,38.8424550974798,2.70857933183437
3518,147.4953392,-30.93378643,1462085.97173173,-3456741.95167431,11,-0.960349177464902,41.0506503612364,0.960349177464902
3519,147.5418644,-30.84037221,1467724.20169539,-3446887.87034058,18,4.90927613415443,45.1750814412571,4.90927613415443
3523,147.5422904,-30.84545954,1467695.06856046,-3447458.48134364,15,0.885778713345061,45.1750814412571,0.885778713345061
3524,147.4908699,-30.84565566,1462860.51254407,-3446890.53000433,29,16.7994205400405,45.606914905525,16.7994205400405
3526,147.4891421,-30.79570008,1463375.02215562,-3441315.23108387,37,10.5861099371405,46.2134752531959,10.5861099371405
3529,147.5934832,-30.72488238,1474150.09726857,-3434639.1768996,18,7.69633113807817,56.4546776781868,7.69633113807817
3531,147.6035723,-30.73653014,1474940.14308022,-3436050.93434696,18,6.72489086658911,56.4546776781868,6.72489086658911
3532,147.5980547,-30.71926691,1474656.74675029,-3434067.45067688,3,-7.47632003433556,56.4546776781868,7.47632003433556
3534,147.6735247,-30.76739744,1481096.09969283,-3440292.67429081,14,-1.63315425187996,51.9302707767104,1.63315425187996
3535,147.5978223,-30.71884388,1474640.65708332,-3434017.72381351,3,-9.45620659682654,56.4546776781868,9.45620659682654
3538,150.0929827,-29.61972865,1726456.92114351,-3343141.42134447,13,-12.4408489512188,129.866509596738,12.4408489512188
3542,150.2051656,-29.69491256,1735891.97276249,-3353007.01386195,37,9.21823825722078,114.491267850463,9.21823825722078
3544,147.1822527,-30.92600515,1432788.21156007,-3452329.38520018,8,-3.22217543728283,64.2182640043322,3.22217543728283
3546,140.12107,-32.59763,755812.21627381,-3578197.4715252,13.86362146,2.23664793435003,12.4947906186811,2.23664793435003
3549,149.9218353,-29.6639171,1709540.7846318,-3345745.66430686,15,-7.31292255513935,99.1363701295224,7.31292255513935
3557,149.5386809,-29.76652994,1671650.0452973,-3352070.34039511,20,-0.255974049660672,87.5417370579705,0.255974049660672
3561,146.9519898,-30.91168697,1411345.07657687,-3448173.50260864,7,-3.14224010051903,113.7972422813,3.14224010051903
3563,146.9059621,-30.89181028,1407279.40837355,-3445454.30031894,11,1.5640329127611,138.771785496531,1.5640329127611
3568,149.935636,-29.78324768,1708976.30284526,-3359178.78042981,32,7.00523290822756,78.5484227937346,7.00523290822756
3569,149.904094,-29.74859032,1706533.37755953,-3354909.43160683,43,18.6919690537251,81.2316512787788,18.6919690537251
3572,149.9114697,-29.7370191,1707413.0864623,-3353723.28951386,38,15.2196808114495,74.3112894475322,15.2196808114495
3573,145.23396,-31.05743,1248107.45030766,-3446517.72602009,14,-13.1419825643546,103.553474699287,13.1419825643546
3575,149.5922047,-29.72715532,1677325.29272024,-3348398.69441851,29,5.57169355033867,105.906569082202,5.57169355033867
3580,142.1284826,-32.51931186,942978.908848643,-3582811.04288829,7.348469228,-4.80893396917373,12.2849645577346,4.80893396917373
3583,142.1673763,-32.50792513,946693.550115704,-3581829.68606973,17.1464282,4.41082564881591,12.2849645577346,4.41082564881591
3588,142.2154323,-32.55959774,950697.151404816,-3587944.8934234,4.898979486,-6.90503426525152,17.7197532999044,6.90503426525152
3589,142.1804343,-32.53126499,947699.110558628,-3584527.5580868,11.43095213,-1.16014582360749,10.3690172922352,1.16014582360749
3590,142.2137554,-32.55688084,950565.679782013,-3587629.66239945,13,1.31719578831794,10.7635945554595,1.31719578831794
3596,142.1387578,-32.51181358,943999.996593957,-3582051.27112795,12.24744871,-0.257802203338885,12.2849645577346,0.257802203338885
3597,142.2054353,-32.55515686,949808.378718737,-3587375.67134554,9.797958971,-1.21482060020914,10.7635945554595,1.21482060020914
3599,142.1123748,-32.54181674,941283.44260474,-3585200.30391428,15.51343504,4.25910711196953,12.2849645577346,4.25910711196953
3605,142.1629297,-32.53792265,946013.89916751,-3585139.75553001,5.715476066,-3.11168850949899,10.3690172922352,3.11168850949899
3606,142.2051504,-32.53542342,949957.952411298,-3585174.53365806,9.797958971,-5.01869893962877,10.7635945554595,5.01869893962877
3611,142.1998773,-32.56487965,949205.51608106,-3588417.81111448,8.98146239,-1.55733555534213,17.816446428867,1.55733555534213
3619,147.2231715,-30.96835034,1436067.6736016,-3457498.68692958,22,7.58321493535119,63.9794101081708,7.58321493535119
3630,140.20766,-32.56663,764082.427450724,-3575254.24425045,11.18033989,-0.731307602066341,11.9175622783821,0.731307602066341
3631,151.0961053,-28.90590137,1833403.1013762,-3277906.39967325,21,-4.43364710752058,156.509065878067,4.43364710752058
3633,151.0918934,-28.90519206,1833013.5805674,-3277767.28714159,38,12.3851674028998,142.261864960432,12.3851674028998
3634,151.0320674,-28.8949648,1827482.56997481,-3275775.78777261,29,2.87175730800594,130.78563438088,2.87175730800594
3635,151.0758282,-28.92332586,1831180.06282519,-3279548.26963207,46,14.3991858927122,140.835741407158,14.3991858927122
3637,151.0513336,-28.99138728,1827711.96230196,-3286746.8264016,30,-0.488196039569537,135.558100048501,0.488196039569537
3639,151.0669196,-28.91868656,1830408.61967838,-3278906.01666526,24,-4.54691922109566,128.881606516724,4.54691922109566
3643,150.060444,-29.61308553,1723477.71925971,-3341964.61638495,28,3.7350609848616,125.268369608755,3.7350609848616
3651,149.8975869,-30.13217808,1699912.3587979,-3397405.35054873,16,-4.13324078819184,91.5252871465986,4.13324078819184
3652,149.892027,-30.1492919,1699119.94888993,-3399230.97356342,16,-8.93139278938468,80.3736140526259,8.93139278938468
3653,149.9154763,-30.21680847,1700274.40201964,-3407036.79180409,16,-15.3218171840553,23.566927247556,15.3218171840553
3664,149.929401,-30.14667679,1702686.87535448,-3399438.29701961,24,-0.22355855447266,87.1024894544579,0.22355855447266
3667,149.8778537,-30.13864593,1697949.23068622,-3397860.85451911,21,-3.69535419635405,88.6817010007013,3.69535419635405
3671,151.6175959,-28.18893217,1895383.86681735,-3206009.98691554,23.64354023,-4.78968529380498,79.0491795359213,4.78968529380498
3673,146.23244,-31.02753,1342271.24055572,-3453310.671891,26,8.68401490482563,46.9339376240334,8.68401490482563
3674,149.3096366,-29.810423,1649289.2193743,-3353969.04774125,9,-7.90959861025351,57.7096339716567,7.90959861025351
3676,149.6805716,-29.73712023,1685542.7587558,-3350668.40578815,41,15.6683272307603,110.382635694833,15.6683272307603
3686,150.7385274,-28.77669635,1801439.35774195,-3258485.25841839,15,-0.404519575607003,62.1174823126722,0.404519575607003
3688,150.7660595,-28.76637272,1804236.61380286,-3257728.2086171,22,2.226064317398,64.4568946282403,2.226064317398
3689,150.7523962,-28.76462121,1802961.16138354,-3257340.95945445,15,-4.32995777081333,61.8269577129706,4.32995777081333
3692,150.7293767,-28.76181317,1800809.83774053,-3256704.68740121,16,-3.40245477632059,62.1174823126722,3.40245477632059
3695,150.7363531,-28.77445343,1801268.59688148,-3258205.7090277,10,-6.95545435184788,62.1174823126722,6.95545435184788
3697,150.7389803,-28.75474322,1801842.49112398,-3256055.55257583,21,0.456263128167336,61.8269577129706,0.456263128167336
3700,150.754069,-28.77209263,1802998.25038374,-3258193.64047478,29,11.8024878777612,62.1174823126722,11.8024878777612
3703,150.7619436,-28.78936621,1803466.32605252,-3260221.54992492,30,12.9315480949035,52.4895507713969,12.9315480949035
3708,150.7625184,-28.82956201,1802861.3846194,-3264689.92819822,27,6.82748074077333,55.0848451323196,6.82748074077333
3718,147.2963178,-30.91857567,1443600.94223737,-3452787.11836695,4,-9.79172283604746,56.1260510252465,9.79172283604746
3719,147.3824375,-30.94113343,1451385.82851531,-3456271.58981313,26,7.62946504165637,43.9925797674711,7.62946504165637
3720,147.3790476,-30.9309923,1451203.94632591,-3455105.30405185,7,-6.92209924877174,48.3424766168162,6.92209924877174
3721,147.3581167,-30.93195426,1449225.46336813,-3454974.68729691,13,-1.347919081221,48.6284496442186,1.347919081221
3728,147.5448478,-30.88900387,1467343.28895473,-3452329.91780265,4,-4.12166705698237,48.9226999659338,4.12166705698237
3730,147.6038036,-30.88502298,1472935.05917906,-3452565.69977347,8,-4.32363205141947,53.1789941549117,4.32363205141947
3731,147.5438916,-30.92159054,1466810.42575535,-3455942.38673043,14,1.1176182554759,49.6451732143185,1.1176182554759
3732,147.5463219,-30.839,1468161.73493182,-3446786.49652902,14,2.34289110511839,45.1750814412571,2.34289110511839
3741,148.7914889,-30.11344482,1595756.17815302,-3381057.83150216,30,11.2246317830364,81.7749334288215,11.2246317830364
3750,150.0670922,-29.51494306,1725659.08338056,-3331158.91452075,51,26.3684967574415,134.643398643738,26.3684967574415
3752,147.7992919,-30.74049708,1493292.04799323,-3438765.67852638,6,-8.570097153124,57.8367580652635,8.570097153124
3754,147.7993515,-30.74771523,1493197.89430695,-3439568.91676737,5,-8.2117751296149,59.0629337069773,8.2117751296149
3758,147.7087765,-30.79065053,1484090.96694659,-3443287.32344516,10,-13.7291041934332,45.9863826417277,13.7291041934332
3763,149.8724352,-29.78259853,1703003.84331024,-3358262.75664081,34,4.019839456534,87.0066031374022,4.019839456534
3766,139.76013,-32.80745,720838.961378195,-3599516.83081096,8.497058314,-3.41053888329047,21.3337489778728,3.41053888329047
3771,145.69724,-31.54792,1285757.88634427,-3505730.26921793,18,-6.396465277184,96.303219441846,6.396465277184
3776,148.5439928,-30.23642752,1570588.15643259,-3391659.0658455,10,-4.92106660163293,68.1474495328454,4.92106660163293
3777,150.8065126,-29.66309316,1793346.61846176,-3357782.59415122,11,-21.8254433235568,81.9157360821653,21.8254433235568
3778,150.8191092,-29.65042719,1794747.55643973,-3356554.62162486,24,-7.11789887469333,70.4439128154577,7.11789887469333
3779,150.8108786,-29.67087888,1793631.85924589,-3358707.44910728,20,-11.7147933605867,84.5785813681652,11.7147933605867
3782,150.8718279,-29.59778463,1800607.48076772,-3351457.62830113,38,6.59188619490708,85.0641582045575,6.59188619490708
3788,150.8635516,-29.6289665,1799309.17032852,-3354799.46721617,34,1.49268933490401,75.5705767894927,1.49268933490401
3790,150.8659513,-29.65784744,1799059.90962971,-3358036.46296538,42,11.7926901797412,77.861213126508,11.7926901797412
3792,150.6689078,-29.33715522,1785640.93238779,-3319697.1137517,67,30.6083229742875,259.741572160981,30.6083229742875
3803,148.9493264,-30.07633633,1611218.61742805,-3378915.28346743,34,12.486982650265,70.2649740648869,12.486982650265
3806,147.7143331,-30.79621574,1484536.78010452,-3443970.66784568,29,9.17671849917525,45.9863826417277,9.17671849917525
3807,147.6742624,-30.80724918,1480619.05116171,-3444732.45551329,17,-2.24978244459614,41.7540756571138,2.24978244459614
3813,147.4696298,-30.90142593,1460109.87769739,-3452849.45217257,6,-14.818766319524,45.1333444810103,14.818766319524
3816,147.4887416,-30.90849253,1461809.1761348,-3453853.82069942,17,2.47693315660724,42.2752494553114,2.47693315660724
3821,147.4660758,-30.89139597,1459911.7613335,-3451693.47184073,16,-5.6923441390915,48.0810780133082,5.6923441390915
3828,150.8921714,-29.26376592,1808053.35196725,-3314695.38937357,25,-9.14261558669881,80.867526153966,9.14261558669881
3830,150.9184346,-29.30211701,1809913.8580034,-3319321.38082532,43,9.82667472811749,75.162731920396,9.82667472811749
3838,147.1431905,-31.00585849,1428061.34403213,-3460773.92638341,18,7.15903181039334,70.2512350505605,7.15903181039334
3840,147.1515371,-31.07050891,1427987.97399018,-3468057.72077675,16,0.701494412300111,81.2901641201102,0.701494412300111
3841,147.1920358,-31.1073565,1431297.26945851,-3472608.84574418,5,-10.5622666745733,83.4861046430995,10.5622666745733
3844,140.31237,-32.66467,773104.072201426,-3586820.25465533,15.65247584,3.76963884881374,14.0369656612696,3.76963884881374
3848,149.8940898,-30.22655386,1698105.50799831,-3407833.97935107,20,-0.816356703179334,23.14349212932,0.816356703179334
3849,149.8798594,-30.23288299,1696664.94814422,-3408347.38732642,25,0.655601653391031,28.9645754437993,0.655601653391031
3850,149.902418,-30.22758704,1698874.48028047,-3408059.37360169,22,-0.802477369377989,23.14349212932,0.802477369377989
3852,149.8747237,-30.23806432,1696099.80199084,-3408854.27772325,18,-6.62547717592965,29.0947145388653,6.62547717592965
3859,149.8785967,-30.23837604,1696460.02826938,-3408940.29980248,25,-0.257250682718659,29.0947145388653,0.257250682718659
3860,149.8973864,-30.23413771,1698297.60258718,-3408719.52904482,28,2.43342436843367,60.5642274557472,2.43342436843367
3863,142.1704322,-32.60070582,946152.65551073,-3592191.5419116,15.51343504,4.78269723158727,19.6419831516428,4.78269723158727
3868,150.5412941,-29.26063747,1774762.14411551,-3309428.23562646,28,-2.02131347324199,324.244027924207,2.02131347324199
3872,150.5397406,-29.263216,1774572.66993748,-3309692.8036933,74,44.070146483525,324.244027924207,44.070146483525
3875,150.5333838,-29.30981931,1773212.92836411,-3314776.22734973,66,36.9252536021332,262.366096721246,36.9252536021332
3879,151.0730634,-29.16958807,1826808.2689038,-3306822.64632339,15,-11.4415101867384,40.2574627149713,11.4415101867384
3880,151.0333214,-29.15865187,1823212.09604453,-3305041.97131005,28,1.32584342334047,49.2893123261407,1.32584342334047
3882,151.0960778,-29.1296922,1829662.49433988,-3302727.20252616,15,-6.77525612418227,56.3467701741235,6.77525612418227
3884,151.044411,-29.13922537,1824590.09100071,-3303045.61219718,17,-8.85820650351235,66.3772380286485,8.85820650351235
3886,148.4830439,-30.35152124,1563174.49435733,-3403703.88601868,2,-12.9403790791474,93.1404930123058,12.9403790791474
3893,151.3893095,-29.57504767,1849992.58262838,-3356330.04685493,27.66992953,-11.9312158211281,53.2277942273007,11.9312158211281
3895,151.3883347,-29.58442008,1849741.4041175,-3357354.82459982,42.69074841,3.3176676587702,50.0168775015333,3.3176676587702
3896,151.3924591,-29.60204537,1849833.01322207,-3359368.21404057,36,-6.30740661754263,49.8572080946028,6.30740661754263
3898,151.3852599,-29.58302921,1849473.88312262,-3357156.13643692,30.04163777,-5.50778836311445,50.0168775015333,5.50778836311445
3902,151.3805732,-29.57526621,1849161.72802745,-3356227.79197073,40,4.50602727287856,53.2277942273007,4.50602727287856
3908,151.3747368,-29.58583332,1848430.12167274,-3357314.66671976,42,2.04304687831563,50.0168775015333,2.04304687831563
3915,151.2665545,-29.55282057,1838743.82797287,-3352093.89106801,47,4.08663185034897,81.9193073797712,4.08663185034897
3929,151.3877643,-29.57484845,1849849.66117729,-3356285.58937531,35.57562368,0.991931015599917,53.2277942273007,0.991931015599917
3930,151.3520583,-29.57108941,1846532.56344439,-3355352.36022754,39,-3.766759036835,65.0345464718697,3.766759036835
3931,151.3822027,-29.57405892,1849336.46925868,-3356117.55416294,28.46049894,-6.56833371758675,53.2277942273007,6.56833371758675
3935,151.3863149,-29.58159831,1849598.01760185,-3357012.80014784,42,6.50055403100998,50.0168775015333,6.50055403100998
3940,147.5665484,-30.93714838,1468726.04076121,-3457932.5707944,11,-3.58896033712481,44.0065969311923,3.58896033712481
3941,147.496431,-30.94048644,1462097.6705121,-3457499.46040271,11,0.376767659918587,41.0506503612364,0.376767659918587
3944,147.5642298,-30.95230829,1468301.98604291,-3459591.51450454,3,-11.4576748288013,45.2829052327778,11.4576748288013
3948,150.5854452,-29.02539544,1782783.19912371,-3283936.77938781,53,22.7419403208119,282.267554682938,22.7419403208119
3954,140.86523,-32.73188,823922.801811956,-3597770.64684838,11.18033989,0.136918999727889,16.1196901061847,0.136918999727889
3958,149.6310274,-29.84316224,1679214.00259155,-3361792.16487915,20,-3.58692735573487,110.451293989712,3.58692735573487
3961,149.6718027,-29.84393961,1683060.73387338,-3362415.05297925,31,9.4182027402906,101.995473265509,9.4182027402906
3970,142.241261,-32.60904602,952653.114266417,-3593647.21260571,14.69693846,3.49550681140212,21.817668456887,3.49550681140212
3971,150.7544173,-29.13322841,1797106.44055958,-3298269.89158155,11,-21.463043670091,358.868138145173,21.463043670091
3979,142.3598726,-32.59848231,963758.087573147,-3593359.8315167,25.31139401,13.6679932373806,28.0296597385245,13.6679932373806
3981,146.7778191,-31.10460046,1392484.68951537,-3467724.57675573,10,-6.5861866350265,85.3769371571083,6.5861866350265
3983,148.7938837,-30.21135669,1594543.87288112,-3391968.31494559,19,2.48917609383857,85.6612241377764,2.48917609383857
3985,148.36914,-30.48310644,1550547.43576267,-3416941.01418067,6,-9.96550608613917,99.5179399506778,9.96550608613917
3986,148.2761315,-30.42346104,1542634.4548576,-3409185.21429942,16,-1.43687417078683,64.8812944119328,1.43687417078683
3989,149.3002904,-29.94409787,1646380.85906394,-3368698.18454359,21,5.10132128422806,69.5166842677237,5.10132128422806
3993,147.360865,-31.07822935,1447518.28625614,-3471272.03836254,16,2.52438118216854,45.3076708527204,2.52438118216854
3997,147.7021038,-30.87911333,1482248.73439385,-3453045.55056911,3,-10.4867269498001,41.6000705051132,10.4867269498001
3998,147.6906096,-30.88097977,1481143.55171891,-3453119.75430079,4,-9.1795305424446,51.599611599736,9.1795305424446
4012,149.7868149,-29.83888236,1694022.53623037,-3363373.60782777,31,4.21092832621968,86.5318910725855,4.21092832621968
4017,150.471799,-29.2531789,1768277.14531647,-3307636.84909468,9,-19.8899923389508,194.629664000253,19.8899923389508
4020,146.1282,-31.5204,1326389.52167172,-3507073.54735804,15,-8.05592576832627,138.755752802814,8.05592576832627
4031,149.9735083,-29.85520832,1711429.76577514,-3367674.37802146,21,-4.27700052769119,105.588109880257,4.27700052769119
4032,149.9364187,-29.8068506,1708680.06883158,-3361809.59092572,38,9.24910710471702,95.9256526181033,9.24910710471702
4033,149.8751488,-29.80950655,1702839.9786759,-3361286.39688736,19,-7.76831220278965,81.9834055922336,7.76831220278965
4034,149.9480241,-29.82102205,1709555.86969422,-3363538.10051423,25,-2.63363615004801,101.950220863824,2.63363615004801
4039,149.9869003,-29.8605514,1712612.45040464,-3368446.96483041,36,9.39316209460454,96.9799460197427,9.39316209460454
4041,149.9798447,-29.79474881,1712979.98077543,-3361047.65132442,39,10.5874906543027,68.3811119722584,10.5874906543027
4049,149.9636463,-29.82818483,1710921.52570904,-3364542.39480708,44,10.013151704195,101.90947179503,10.013151704195
4050,149.9949401,-29.79576019,1714392.71397168,-3361362.41218316,21,-6.25343713804133,66.2018230558657,6.25343713804133
4053,149.8893126,-29.86214784,1703356.68884886,-3367319.52666405,28,1.50661824141285,78.1560607762199,1.50661824141285
4054,150.0005662,-29.79441499,1714946.34675185,-3361288.5919251,42,13.4237628762207,72.4090126299963,13.4237628762207
4057,149.8860494,-29.86740518,1702965.75918379,-3367859.68723378,47,22.774863291683,104.716163435097,22.774863291683
4062,150.6641477,-29.43103984,1783656.17470294,-3330047.20808456,28,-3.23169410403371,107.844079909177,3.23169410403371
4063,150.6341576,-29.36972413,1781809.91513814,-3322825.59895917,10,-24.2187357583103,264.942396258935,24.2187357583103
4073,145.304073,-31.60240983,1248352.79891981,-3507896.53968701,4,-40.1328695901269,94.0971617475675,40.1328695901269
4075,149.0839593,-29.9927494,1625190.1804081,-3371333.2157994,12,-9.23225595896434,55.7324590043178,9.23225595896434
4077,150.7507198,-28.943412,1799868.2468464,-3277156.53560951,23,6.83404982568594,169.048891236102,6.83404982568594
4080,150.7315651,-28.94410081,1798031.51447159,-3276963.24648675,16,-0.91439612850926,183.406755940135,0.91439612850926
4082,150.7192827,-28.89607542,1797647.47019558,-3271461.29789112,9,-4.5354135418602,105.509324031829,4.5354135418602
4092,150.2563709,-29.88522455,1737702.40437874,-3374824.23721001,32,-14.3699099771593,133.059849637853,14.3699099771593
4097,150.2726065,-29.84689247,1739849.80257562,-3370791.41603001,48,10.4583866638353,125.23208659319,10.4583866638353
4099,150.2537883,-29.84879501,1738039.84559445,-3370746.40405471,36,-3.22654748831165,141.295691566604,3.22654748831165
4102,150.2528144,-29.85601743,1737832.44855764,-3371534.6594389,28,-13.618920435641,140.044918076009,13.618920435641
4110,151.2869778,-29.41060949,1843076.58415064,-3336621.76067752,29,-4.62875363705634,57.1719547133663,4.62875363705634
4111,151.2646035,-29.34269052,1842098.93813839,-3328768.73372541,44,13.5277380242684,82.5583842654212,13.5277380242684
4117,151.2292696,-29.32982536,1838962.20170831,-3326833.2259361,16,-10.690023491507,68.9861063107531,10.690023491507
4118,151.2670288,-29.39710532,1841412.25398802,-3334836.8792198,23.71708245,-7.07709930069935,75.9791327831374,7.07709930069935
4123,151.265122,-29.39410284,1841281.98153656,-3334476.50394097,26.87936011,-4.13925546360158,75.9791327831374,4.13925546360158
4127,150.3891298,-29.38911674,1758231.36561633,-3321582.82306297,15,-11.9788857333787,58.2473290915715,11.9788857333787
4128,150.4046183,-29.3924774,1759647.89941551,-3322169.05081374,30,1.349619365914,109.174931717375,1.349619365914
4140,150.4059498,-29.39155618,1759789.15354396,-3322085.1505898,24,0.476828887650008,109.174931717375,0.476828887650008
4141,150.40615,-29.39137966,1759811.00420666,-3322068.31745599,16,-7.52317111234999,109.174931717375,7.52317111234999
4143,150.4143337,-29.39402846,1760545.35455121,-3322475.04176331,22,-1.40244884461399,109.174931717375,1.40244884461399
4145,150.3582828,-29.38705627,1755335.44215819,-3320929.9553932,24,2.84096981878402,58.2473290915715,2.84096981878402
4146,150.4122871,-29.37885214,1760595.48123488,-3320762.52459947,23,-3.06204158663166,127.212010832181,3.06204158663166
4148,150.3422577,-29.39214971,1753732.01398166,-3321275.19949471,26,5.83634517245001,60.0974405034296,5.83634517245001
4151,149.3227726,-29.97058568,1648105.84226266,-3371930.37046989,31,13.239979217043,83.1483161504154,13.239979217043
4153,149.3899108,-29.96929393,1654473.6666246,-3372654.67457926,18,-6.42421648746255,102.404166017877,6.42421648746255
4154,149.3968623,-29.9761766,1655026.19228587,-3373509.17650971,16,-8.05166933992567,96.9105603560482,8.05166933992567
4158,140.08845,-32.66234,752322.763540576,-3585223.53897319,9.391485505,-4.11048635973145,12.4947906186811,4.11048635973145
4160,151.3101239,-29.47998503,1844100.1242596,-3344647.12763575,18,-9.05986511737161,37.7005695371566,9.05986511737161
4161,151.2265131,-29.50970341,1835676.22213268,-3346737.77787262,34,2.85996579789414,45.8475899846768,2.85996579789414
4168,147.486109,-31.04575288,1459702.7723429,-3469086.02335818,7,-4.37467756346834,49.8765626065655,4.37467756346834
4171,150.0556015,-30.26130104,1712782.25062976,-3413846.243684,13,-24.757413274427,128.646848964852,24.757413274427
4180,140.17051,-32.66742,759908.681744819,-3586275.85874779,12.96919427,-0.198695814716018,12.4947906186811,0.198695814716018
4181,140.19421,-32.64142,762296.180805853,-3583516.89266298,14.31083506,2.09345504837599,12.4947906186811,2.09345504837599
4187,148.9395946,-30.16013986,1609056.98114833,-3388104.23392075,10,-12.6129449953293,76.9474584640597,12.6129449953293
4194,148.9598715,-30.17329893,1610776.48086481,-3389821.82901332,24,1.343628023587,77.7521917948922,1.343628023587
4201,149.9900755,-30.37560392,1704809.51905982,-3425653.60321506,32,0.367684969466659,61.1619699812325,0.367684969466659
4202,149.9896292,-30.37666023,1704750.89064721,-3425764.86186376,22,-9.40174945756734,61.1619699812325,9.40174945756734
4203,149.9864015,-30.37312688,1704502.61576759,-3425329.71354568,19,-11.4684838258743,60.8656445476109,11.4684838258743
4205,149.9749142,-30.37158549,1703445.42890736,-3425005.45528704,31,1.20459806284099,60.8656445476109,1.20459806284099
4206,150.0590171,-30.38999632,1711071.95398126,-3428172.26105776,33,-5.46797961801401,124.572254776997,5.46797961801401
4207,149.9912625,-30.3732591,1704958.14539305,-3425409.24903456,28,-1.13736257329368,60.8656445476109,1.13736257329368
4208,149.9905588,-30.37303173,1704895.47662975,-3425374.62772942,25,-2.06115152074101,60.8656445476109,2.06115152074101
4210,149.9909895,-30.37010002,1704982.14010749,-3425055.05565892,34,5.659443568985,60.8656445476109,5.659443568985
4211,150.0006024,-30.34841523,1706228.40844297,-3422777.11006485,28,-4.48817417592265,65.270165010436,4.48817417592265
4215,150.0418059,-30.37741483,1709650.54138878,-3426545.83146262,13,-10.747191062552,108.07835192264,10.747191062552
4216,150.0195821,-30.38210372,1707484.72011976,-3426768.89748216,40,5.49676018309832,59.2815161078943,5.49676018309832
4217,149.9916264,-30.36710948,1705089.14380674,-3424731.70716005,20,-9.45315519877201,65.270165010436,9.45315519877201
4218,150.0563892,-30.39471672,1710750.10148288,-3428660.82392635,19,-14.6939775960653,106.406619588461,14.6939775960653
4220,150.0410817,-30.3765958,1709595.29212321,-3426445.26134157,24,0.0892418963833492,108.07835192264,0.0892418963833492
4221,150.0020372,-30.2930638,1707234.79116661,-3416653.98159482,61,26.953345935539,120.924055739896,26.953345935539
4224,150.0344661,-30.34872396,1709412.05946453,-3423264.05311563,19,-13.8026335652087,111.455364730481,13.8026335652087
4226,150.010693,-30.3478123,1707188.02106901,-3422845.00706063,44,14.6086581818613,65.270165010436,14.6086581818613
4228,150.0398841,-30.33489575,1710140.31180349,-3421802.14599768,20,-9.512447821217,136.606033505303,9.512447821217
4230,150.0610371,-30.3663149,1711636.03435095,-3425571.70565886,30,-2.48533281221466,126.945660299221,2.48533281221466
4235,149.985746,-30.38576713,1704242.12622628,-3426723.60403114,26,-1.85950870418068,59.2815161078943,1.85950870418068
4236,150.0493158,-30.33240364,1711067.79063582,-3421651.90205799,13,-18.649849713309,134.254615520985,18.649849713309
4242,150.0147034,-30.34243907,1707650.27135437,-3422302.36151665,18,-14.3982794656593,65.270165010436,14.3982794656593
4245,150.0147582,-30.34063671,1707683.82176518,-3422103.09403823,35,2.57633691674801,99.3938670070094,2.57633691674801
4246,150.0273644,-30.38547358,1708164.13279156,-3427246.85274613,27,-2.26034980794833,107.607222595181,2.26034980794833
4248,150.0288475,-30.38870877,1708252.73074121,-3427625.65959599,38,6.35557744951599,108.768978502795,6.35557744951599
4253,150.0136644,-30.34241532,1707552.81009695,-3422285.83866398,21,-9.67891244019099,65.270165010436,9.67891244019099
4254,150.0241546,-30.34346635,1708524.02954065,-3422542.71553288,36,4.64050107825167,114.903870598002,4.64050107825167
4257,150.0040708,-30.35084393,1706516.75619318,-3423092.93997995,39,9.57164557884268,65.270165010436,9.57164557884268
4264,147.1096413,-31.16143747,1422856.23330564,-3477702.803688,9,-6.0031406418706,95.4075048240477,6.0031406418706
4268,150.9074957,-29.87547638,1799394.52348637,-3382756.52844744,31,-3.67041932892732,54.888918725479,3.67041932892732
4274,150.8088525,-29.87576961,1790070.09865529,-3381403.29186333,40,-2.80468636329465,57.9562524213904,2.80468636329465
4278,150.807499,-29.86740183,1790079.82780728,-3380456.3176563,51,5.66420906143199,57.9562524213904,5.66420906143199
4282,150.8486252,-29.88630283,1793654.25959005,-3383129.25883181,40,4.60794081808896,100.072245990111,4.60794081808896
4285,150.7773406,-29.92646464,1786260.34278838,-3386584.43534919,38,4.71760202084051,71.2330389432411,4.71760202084051
4287,150.7515759,-29.11270062,1797172.84943175,-3295952.31033163,19,-13.2307589672483,376.351547662886,13.2307589672483
4292,150.7240748,-29.08414183,1795023.80456385,-3292396.91906058,63,33.2454444860635,365.224674993845,33.2454444860635
4296,150.7727352,-28.98538934,1801276.89002098,-3282124.53913056,9,-17.9999233673659,308.587022741463,17.9999233673659
4299,150.7385941,-29.00385596,1797721.82010173,-3283692.6576657,26,-3.0544581115205,312.812288495808,3.0544581115205
4301,150.7359412,-29.01397022,1797303.36005307,-3284777.60371562,8,-28.1139185515822,387.192998613049,28.1139185515822
4304,150.7203219,-29.07500192,1794816.28234881,-3291330.04236722,5,-21.5547477830846,367.059584405232,21.5547477830846
4308,150.8200409,-29.07278018,1804344.37381386,-3292488.18646649,28,0.490069763126609,291.118328742669,0.490069763126609
4309,149.4262221,-29.95343017,1658148.7254763,-3371363.45397646,25,3.1995619890365,77.9648036094245,3.1995619890365
4315,149.80825,-29.91896096,1694803.36935961,-3372548.9304136,26,-3.01480777592632,59.6158873210685,3.01480777592632
4317,149.7685406,-29.90950115,1691195.69981457,-3370972.40950616,41,14.7827521328852,67.3049235640473,14.7827521328852
4318,149.7484133,-29.898143,1689468.68433266,-3369444.99017013,28,2.68738045450716,75.859806466823,2.68738045450716
4320,149.7485233,-29.89762659,1689487.10522389,-3369389.10606667,12,-13.7970998196597,75.859806466823,13.7970998196597
4321,150.8665258,-29.45510707,1802459.45817898,-3335557.49606613,42,13.0536475000035,83.6966222862476,13.0536475000035
4323,148.0465214,-30.72622434,1516737.5590299,-3440091.42040503,26.24393405,13.7625502858682,47.7785183273197,13.7625502858682
4330,150.8067962,-28.79414458,1807667.95149123,-3261385.66362724,21,1.56293600468066,66.3869623452858,1.56293600468066
4331,150.7919122,-28.79226881,1806278.50878414,-3260967.01084306,32,13.0117552826783,65.5751422472378,13.0117552826783
4332,150.8219023,-28.75776588,1809708.42230364,-3257563.02407294,25,5.47763500223235,57.7286805167505,5.47763500223235
4333,150.7909058,-28.84092024,1805382.6836472,-3266351.12276983,18,-2.04690209459015,69.7430682742736,2.04690209459015
4347,150.8049987,-28.85682649,1806465.22706728,-3268315.2550195,36,16.3414277814582,67.3259591990685,16.3414277814582
4348,150.8259156,-28.79723706,1809441.419925,-3261999.45662369,32,11.3151062621617,75.673533823815,11.3151062621617
4349,150.8451865,-28.87112638,1810062.02897593,-3270470.69907173,32,12.9601920302107,94.9111809343784,12.9601920302107
4352,150.869929,-28.84163239,1812908.10118753,-3267549.18345616,35,13.283535589133,55.9372057947439,13.283535589133
4353,150.8500277,-28.82870269,1811223.22378168,-3265832.35639721,23,2.609077570792,69.7082826343191,2.609077570792
4355,150.8179456,-28.76630497,1809190.16663428,-3258454.46070705,30,10.6339155680275,57.7286805167505,10.6339155680275
4361,150.7839613,-28.78897564,1805573.90203626,-3260489.20601994,8,-12.7414241366673,56.5952246376141,12.7414241366673
4363,150.7970707,-28.76272268,1807256.6384676,-3257761.51488558,23,3.89534306232417,55.0402737895765,3.89534306232417
4364,150.8687934,-28.83851962,1812851.17563725,-3267187.71146719,26,6.52739770758835,55.9372057947439,6.52739770758835
4368,150.8183681,-28.85418857,1807783.66106331,-3268211.67531187,16,-3.55948902890315,71.563890815151,3.55948902890315
4373,150.7800902,-28.82280578,1804648.66099293,-3264188.33739944,23,3.07812244458833,53.5964668970317,3.07812244458833
4384,146.8064361,-31.13702222,1394749.24210867,-3471643.60429419,27,13.1033456742284,86.2091831257167,13.1033456742284
4389,150.7612942,-29.56202605,1790724.06982952,-3345937.66141639,33,4.61739031183966,65.537607418671,4.61739031183966
4394,150.8536238,-29.08816372,1807286.9920621,-3294669.58336202,52,22.4674152615079,235.47023626462,22.4674152615079
4396,147.7463418,-30.9384371,1485586.56251121,-3460154.68274839,12,-2.33115235407886,37.8033037278067,2.33115235407886
4400,147.7330507,-30.92785702,1484484.54839433,-3458823.99632612,4,-10.6088065097031,37.8033037278067,10.6088065097031
4401,143.57297,-32.43547,1077966.11191316,-3584895.97095824,18,5.97711512336922,11.3460035418745,5.97711512336922
4404,147.5129568,-31.06309032,1461985.75747801,-3471320.63763439,9,1.17059957364307,47.0289685196325,1.17059957364307
4406,147.5128282,-31.0625675,1461980.79049007,-3471261.03883437,10,2.85710047158713,47.0289685196325,2.85710047158713
4409,147.518502,-31.0457711,1462740.83562576,-3469458.54790489,9,-0.663119460694704,46.5964784165301,0.663119460694704
4412,147.8794878,-30.84076646,1499440.19874207,-3450852.40685711,16,2.00717062166592,56.301765267977,2.00717062166592
4413,147.9640778,-30.92344338,1506231.87408401,-3461037.51010668,1,-12.326824776797,48.5174298852742,12.326824776797
4415,151.1945021,-29.62931237,1830635.42674431,-3359539.49751241,25,-9.726170298399,66.4185522010882,9.726170298399
4416,151.1352554,-29.56247351,1826145.6730308,-3351280.86350764,28,-5.64352077263301,52.7323981717765,5.64352077263301
4422,148.5737825,-30.39508514,1571099.89735477,-3409658.57491484,6,-17.5251566705729,95.7515398618232,17.5251566705729
4426,148.6205338,-30.44355834,1574801.91038288,-3415620.84838964,24,-2.00871862675735,110.519746297916,2.00871862675735
4428,146.5756271,-31.29627886,1371072.13342027,-3486862.00663253,7,-5.46845917238393,124.942411540215,5.46845917238393
4432,146.09187,-31.52304,1322960.10211756,-3506990.59077855,18,-2.95716409963623,138.755752802814,2.95716409963623
4434,142.4293169,-32.71320858,969158.372238713,-3606666.0999942,24.49489743,10.2462641376821,27.1442036516375,10.2462641376821
4436,142.3787557,-32.74091494,964218.991532183,-3609369.74294988,7,-6.7785705525061,27.9633865364397,6.7785705525061
4438,142.3579274,-32.81570771,961611.314599409,-3617543.45989399,13.88044188,0.391027915052735,26.4328864801364,0.391027915052735
4441,150.4273131,-29.55604581,1759166.10636479,-3340634.0596993,22,-13.4777168142064,51.0376464351351,13.4777168142064
4442,150.4287738,-29.55703028,1759288.71453197,-3340763.42206962,30,-4.94708429999236,51.0376464351351,4.94708429999236
4443,150.4280053,-29.55559918,1759238.9276104,-3340594.02804986,32,-3.73033166725104,51.0376464351351,3.73033166725104
4453,144.20184,-32.17899,1139104.00042554,-3561793.91687599,14,0.542545401436065,14.5055371232369,0.542545401436065
4454,144.20894,-32.18508,1139699.80539531,-3562535.31392836,16,2.1454717942237,14.5055371232369,2.1454717942237
4456,151.3827802,-28.98368794,1859397.96013872,-3290675.86390563,22,-8.2883152812934,87.4147325244373,8.2883152812934
4458,151.3616657,-28.92785314,1858333.48140048,-3284177.75892928,29.42501696,-5.86352466955366,86.928419825105,5.86352466955366
4459,143.63469,-32.47825,1083264.17427055,-3590181.44322719,10,-2.80839556950867,18.6431334793206,2.80839556950867
4460,151.4004832,-29.65032678,1849773.56022733,-3364836.00409911,30,-8.48112044165266,73.9598185369926,8.48112044165266
4461,151.3712449,-29.67198917,1846640.30386821,-3366814.10752957,39,0.790823990841673,74.3483344297238,0.790823990841673
4462,151.3774511,-29.65676203,1847485.37219504,-3365216.02037044,40,2.09852776955732,61.2862254880706,2.09852776955732
4463,151.3474661,-29.68045609,1844247.63573887,-3367409.12599533,32,-11.8887980011896,64.8876132977491,11.8887980011896
4471,151.3809647,-29.65514283,1847845.23022488,-3365087.35967941,40,1.71356885495769,61.2862254880706,1.71356885495769
4473,151.3778726,-29.6057208,1848390.03486845,-3359564.49446003,36,-6.56296895341131,49.8572080946028,6.56296895341131
4475,151.3660699,-29.60922339,1847213.54534401,-3359782.03498326,60,17.359446642181,62.8293248885,17.359446642181
4478,151.3560408,-29.61130112,1846229.09850605,-3359867.37494378,53,10.9166887163006,59.6153422048999,10.9166887163006
4480,151.3326976,-29.65681104,1843250.31227721,-3364575.01110597,46,-0.47765437224809,61.0850453114917,0.47765437224809
4481,151.3255958,-29.64524415,1842773.82359267,-3363190.37767802,58,18.3490483943137,61.0850453114917,18.3490483943137
4483,151.3818676,-29.60282104,1848817.31773922,-3359300.8759633,45,3.57715519251562,49.8572080946028,3.57715519251562
4484,151.3552454,-29.61004606,1846175.05247666,-3359716.75925927,33,-3.41841630484967,62.2758682532674,3.41841630484967
4493,150.0008087,-29.71692167,1716189.50654705,-3352689.13255699,20,-5.8174993573044,69.5224867056537,5.8174993573044
4495,149.9921938,-29.7771449,1714425.77544217,-3359259.05311973,30,6.18708701180283,66.2018230558658,6.18708701180283
4496,149.9965153,-29.76292383,1715058.70200985,-3357738.34438632,30,6.87640457931265,61.2294514141439,6.87640457931265
4498,140.30508,-32.78009,771589.035493884,-3599648.44304874,14.75804865,2.4284071723237,15.349002034498,2.4284071723237
4501,148.7083779,-30.40424752,1583652.32740464,-3412338.55379122,22,-0.156110329591336,97.9854215105759,0.156110329591336
4509,147.0956644,-31.21303273,1420865.01810384,-3483285.08167676,9,-2.49615928812006,105.651057551247,2.49615928812006
4512,150.7105632,-29.53834552,1786304.14267651,-3342600.50684911,28,-5.43741346667266,27.3176512037268,5.43741346667266
4515,150.7488845,-29.50923829,1790413.71234158,-3339907.92445973,31,-6.07790284242667,37.8268255975951,6.07790284242667
4517,148.5301976,-30.4593284,1566062.4374394,-3416262.86132849,30,12.3032192189052,106.894874889088,12.3032192189052
4521,148.5880558,-30.55641044,1570104.48753559,-3427761.04466913,11,-14.4031126906458,119.767700082821,14.4031126906458
4522,146.36975,-31.34921,1351123.16653047,-3490557.51398505,23,4.04898020174743,112.056647498591,4.04898020174743
4528,150.9544191,-29.10185681,1816651.28175773,-3297618.20417024,17,-6.56043129627276,146.600170960621,6.56043129627276
4534,150.9257399,-29.03140001,1815089.13075219,-3289394.73616448,53,21.4146191862223,172.181055477772,21.4146191862223
4536,150.9439618,-29.00140877,1817320.88077223,-3286326.74644388,28,-2.20982206190667,181.250221334913,2.20982206190667
4537,150.9450074,-29.01028519,1817273.35071619,-3287326.30581713,47,16.37614251299,168.585696563065,16.37614251299
4538,151.0055187,-28.99094067,1823356.59247155,-3286042.62670694,29,-5.62647420515189,214.799128084479,5.62647420515189
4539,140.14838,-32.75206,757250.309198488,-3595584.86850361,17.88854382,1.73832859903303,13.2645692047889,1.73832859903303
4540,146.9161216,-31.23740245,1403725.13988503,-3484010.5533148,3,-18.4692459443449,74.2898754610218,18.4692459443449
4541,146.9434243,-31.23741741,1406282.626796,-3484312.48071067,1,-20.9752194672361,112.929277084368,20.9752194672361
4543,148.2107994,-30.73550582,1532050.72502884,-3443083.23080061,4,-11.2034360374141,75.5459140904291,11.2034360374141
4554,148.8099378,-30.27681628,1595096.74613467,-3399442.49471763,20,1.75784974973,93.8895747624321,1.75784974973
4561,149.447716,-30.04247016,1658822.19313969,-3381531.5839938,9,-9.70118992863353,106.238098857884,9.70118992863353
4564,149.2217219,-30.1466244,1635898.09654025,-3390185.72389685,21,3.10290908810459,97.0103600615303,3.10290908810459
4568,149.0332539,-30.25883305,1616430.29824473,-3400251.37199592,15,-4.17500268981487,59.8293463680981,4.17500268981487
4580,150.0971061,-29.7215903,1725235.23056323,-3354504.39865112,32,10.1677563156513,97.8715360898445,10.1677563156513
4581,150.2162232,-29.75045176,1736054.24788726,-3359321.47903113,20,-11.2432154108504,98.1159062039363,11.2432154108504
4586,150.2336665,-29.71674203,1738242.96335261,-3355817.35460853,25,-3.39227580199332,117.420257234224,3.39227580199332
4594,150.2187727,-29.7027215,1737056.18531399,-3354058.67678669,27,-3.11128295249454,109.917871590554,3.11128295249454
4596,150.1177721,-29.76237562,1726545.79046456,-3359310.7550713,36,0.835579948778964,100.040147460891,0.835579948778964
4597,150.1199746,-29.77426567,1726565.81965461,-3360660.27951923,26,-10.895822645027,57.4999812081403,10.895822645027
4598,150.1988906,-29.72476813,1734822.43792134,-3356235.4600138,57,32.005609360263,97.1285798233882,32.005609360263
4603,150.2063396,-29.73159263,1735419.02774682,-3357094.07436625,26,1.58595012471166,97.1285798233882,1.58595012471166
4605,150.1675837,-29.76211771,1731264.72383695,-3359956.22361488,27,-7.11849354229167,106.267087060807,7.11849354229167
4606,150.1401216,-29.78821597,1728251.27299979,-3362481.09940571,38,4.29043730284734,46.3626447530822,4.29043730284734
4607,150.2103493,-29.76740345,1735228.23981515,-3361123.07514176,19,-6.34004354094967,98.5940227071752,6.34004354094967
4609,150.22349,-29.72876084,1737087.8356885,-3357012.86211175,38,9.41144098567132,110.831261392208,9.41144098567132
4610,150.2288497,-29.7592495,1737109.13986255,-3360469.52714461,18,-9.13796311704034,102.980474992055,9.13796311704034
4614,150.1677452,-29.75344463,1731417.83406191,-3358995.77369352,20,-8.362211570143,100.468348770536,8.362211570143
4615,150.1795321,-29.76401476,1732365.47813627,-3360328.74664288,28,-0.796796790283672,102.026613799516,0.796796790283672
4616,150.213507,-29.76499873,1735565.398576,-3360899.07942162,34,8.68200983605365,102.980474992055,8.68200983605365
4617,150.2094715,-29.76693223,1735152.66840494,-3361058.8541194,20,-6.00429470884334,98.5940227071752,6.00429470884334
4624,150.2189352,-29.73871135,1736498.04500664,-3358055.31318134,11,-11.8917567636253,97.1285798233882,11.8917567636253
4625,150.1965575,-29.73365856,1734460.03662852,-3357190.52771447,33,10.76700044289,100.974420500891,10.76700044289
4636,150.2184314,-29.74990457,1736271.98634255,-3359290.75746044,27,-1.77026520566402,98.1159062039363,1.77026520566402
4638,150.2246102,-29.75667117,1736748.98295531,-3360125.73434564,14,-12.2390465642833,102.980474992055,12.2390465642833
4642,150.1655368,-29.73721843,1731466.61174305,-3357164.85732941,37,8.11974521127651,98.295342117353,8.11974521127651
4647,146.7417297,-31.26514085,1387029.18866494,-3485191.11845085,5,-12.518079909384,113.57580722381,12.518079909384
4648,140.84202,-32.88115,820615.610263676,-3614261.6206997,21.91346618,8.56933412899888,22.1093324834805,8.56933412899888
4652,148.752671,-30.37656752,1588232.08247844,-3409812.76620017,8,-13.7866271827671,110.651272627388,13.7866271827671
4653,148.7745613,-30.38678258,1590145.56498199,-3411220.07112019,16,-7.18070166235757,106.494041710047,7.18070166235757
4657,150.787549,-30.1439739,1783651.55785067,-3410847.52081851,52,14.7891177257557,132.339545092762,14.7891177257557
4663,150.4195009,-29.50813955,1759197.34337067,-3335210.15693007,20,-3.44844654112316,50.6154054423129,3.44844654112316
4666,150.4842607,-29.50991366,1765310.55258875,-3336300.32436263,17,-4.17964449409883,40.4377249787104,4.17964449409883
4671,150.3475765,-29.58933919,1751072.23758082,-3343233.38891371,40,13.8858639525833,79.75621601228,13.8858639525833
4672,150.3515184,-29.53007411,1752397.20783099,-3336710.12529727,24,-0.52776382650546,80.3538965427829,0.52776382650546
4674,150.3062629,-29.55911044,1747640.42102664,-3339312.79821435,16,-8.39378128186004,86.4357656496592,8.39378128186004
4684,148.7016774,-30.55587724,1580805.74177742,-3429102.95744864,9,-21.9327760147855,123.291005867147,21.9327760147855
4690,150.7872955,-30.30323407,1781011.98774994,-3428502.48392218,52,7.47480960347235,86.2194230127767,7.47480960347235
4691,150.7854814,-30.30881657,1780749.5826033,-3429096.1361185,51,7.418954842843,77.2454349803351,7.418954842843
4694,149.8692917,-30.15936916,1696817.51061329,-3400047.35836394,24,-4.46146240085899,21.0334453952305,4.46146240085899
4696,149.8047727,-30.13093923,1691173.45767439,-3396036.02706646,10,-13.1130249868173,18.2008290570402,13.1130249868173
4710,151.1773337,-28.95391205,1840337.90655058,-3284399.19612487,41,9.86255456991167,131.845304499772,9.86255456991167
4712,150.5878279,-29.70835672,1771905.73791782,-3359752.26255781,30,-7.46728563725865,89.7917288902483,7.46728563725865
4716,150.580077,-29.70954988,1771152.7039184,-3359777.15647608,34,1.85215301921433,88.5548049970915,1.85215301921433
4719,150.6088233,-29.71877764,1773723.38600797,-3361199.70659493,36,7.69508248685567,94.8662408576684,7.69508248685567
4726,150.5945121,-29.71275429,1772466.89801058,-3360332.85596998,24,-8.09886233834332,93.419716258406,8.09886233834332
4727,150.6091826,-29.70419761,1773994.67886169,-3359587.20110426,27,-7.50963664878835,91.5863414003039,7.50963664878835
4730,150.6026627,-29.72113832,1773101.93110718,-3361376.0808443,36,3.46263344045633,94.8662408576684,3.46263344045633
4740,150.6056879,-29.7273544,1773287.08865291,-3362107.67381964,56,27.7398757329503,113.834661338784,27.7398757329503
4741,150.5539466,-29.72518052,1768425.72718871,-3361149.29989181,21,-12.2572967729633,88.6266203521684,12.2572967729633
4746,150.5388635,-29.72662373,1766974.82641851,-3361100.72013057,43,10.3916777180733,88.5698911319665,10.3916777180733
4751,150.5706906,-29.71484452,1770178.26178942,-3360234.46774223,45,15.968229829339,88.5548049970915,15.968229829339
4752,150.6116577,-29.73567092,1773716.66668115,-3363113.16252628,40,9.33715778694602,117.384369489458,9.33715778694602
4753,150.5875405,-29.72857634,1771549.8441743,-3361991.46748579,30,6.12983861383867,113.136922465703,6.12983861383867
4759,150.5766594,-29.72791689,1770530.81851606,-3361767.46574602,34,3.64479189327272,108.109554114207,3.64479189327272
4763,151.7229604,-28.08953854,1907197.62527253,-3196559.4246574,28.37224827,-4.30904121642097,111.189892038117,4.30904121642097
4764,148.3927155,-30.79048522,1548361.11860698,-3451386.06644671,16,1.90027113295656,128.208554991558,1.90027113295656
4772,150.7200213,-29.48141092,1788132.82773111,-3336416.62186252,21,-12.5383825726797,52.7966121449301,12.5383825726797
4773,151.2594494,-29.80493503,1833825.3658843,-3379940.23136501,42,2.54490091093199,87.0740821873885,2.54490091093199
4774,151.2644284,-29.80177942,1834349.00177996,-3379661.91685745,42,3.56519364440368,94.4162698058291,3.56519364440368
4782,150.5853135,-29.34684527,1777544.39500161,-3319606.55676143,50,22.0171578272011,256.000813247188,22.0171578272011
4783,142.1348748,-32.84098319,940723.630234608,-3618698.05646764,8.164965809,-3.12447575438909,26.3438120634354,3.12447575438909
4787,148.4506194,-30.69700278,1555145.11610574,-3441702.05953063,13,-0.305834738078685,139.242236039268,0.305834738078685
4793,147.4583997,-31.22385542,1454696.0222999,-3488570.69640363,42,14.9588772014531,46.7214684765779,14.9588772014531
4795,147.448093,-31.20682966,1453960.8446421,-3486560.63954878,20,-7.8287972401796,46.2464140702583,7.8287972401796
4797,147.4507849,-31.23212913,1453871.15571542,-3489403.77729049,28,-0.363882397042076,45.9427865641997,0.363882397042076
4801,151.2274169,-29.58087052,1834565.32139535,-3354641.00504426,17,-14.220235989614,81.6174312637988,14.220235989614
4810,151.2200656,-29.56566779,1834124.70929317,-3352849.95674835,31,-0.103569669662143,78.9846837873805,0.103569669662143
4811,151.218005,-29.58719585,1833567.78514129,-3355207.16111679,33,0.72566707376,80.8381265612001,0.72566707376
4813,151.2136324,-29.58783009,1833143.09512187,-3355214.72930693,26,-1.88976709517365,80.8381265612001,1.88976709517365
4814,151.211598,-29.58084603,1833067.78688641,-3354411.2241255,22,-6.43599493966332,80.8381265612001,6.43599493966332
4817,151.2156977,-29.5663761,1833699.1378785,-3352865.78608861,17,-10.1755691823043,79.3382630768482,10.1755691823043
4823,151.2168015,-29.58021224,1833571.17730423,-3354415.62776637,18,-15.9252592721573,80.8381265612001,15.9252592721573
4829,151.2148385,-29.58645852,1833280.34315404,-3355079.97221497,27,-9.35815359531063,80.8381265612001,9.35815359531063
4831,151.2164631,-29.58740973,1833418.19153794,-3355208.7449232,18,-19.1766124967791,80.8381265612001,19.1766124967791
4834,151.2151735,-29.58736532,1833296.82785392,-3355185.31487729,35,-2.25791232238031,80.8381265612001,2.25791232238031
4835,145.71167,-31.8112,1283950.57252343,-3535174.04693272,12,-12.1161758855587,97.6206823184081,12.1161758855587
4837,145.72363,-31.82222,1284933.97006932,-3536520.40877738,10,-15.5145669454961,97.620682318408,15.5145669454961
4842,143.65199,-32.53286,1084314.38004513,-3596408.23452175,16,4.3552874524634,27.7866951779025,4.3552874524634
4845,148.0617301,-30.95245305,1514989.57681621,-3465416.30782801,7,-3.35197491186879,46.4542493736698,3.35197491186879
4851,148.7271988,-30.51653068,1583783.17213815,-3425047.54869012,48,18.7186329082409,119.70696813049,18.7186329082409
4857,151.2490673,-29.07209145,1845180.03875622,-3298539.67255092,21,-4.33793481755367,94.8213494176369,4.33793481755367
4864,151.1960416,-29.03185297,1840811.04507513,-3293312.49858488,16,-14.5165536308468,71.9523064845947,14.5165536308468
4867,151.1951921,-28.99490332,1841350.54789971,-3289202.55184531,37,4.66662157244632,126.337467861649,4.66662157244632
4870,151.1824249,-28.99133839,1840194.85347742,-3288623.23958147,40,3.94281438239033,135.216308653669,3.94281438239033
4871,151.1934671,-28.99081052,1841255.02839942,-3288723.79569209,30,-3.67185779191767,135.216308653669,3.67185779191767
4872,151.17374,-28.99787998,1839258.25960445,-3289223.65432272,45,12.7077083515861,126.337467861649,12.7077083515861
4879,147.9417716,-31.10315769,1501632.84235868,-3480748.05150975,10,2.29954156700292,26.715237504148,2.29954156700292
4884,149.4792656,-30.20975381,1659245.42291918,-3400518.21917938,13,-6.30560455812547,91.3846683695592,6.30560455812547
4887,147.633095,-31.23294906,1470929.55955041,-3491581.7939427,24,-4.06621874610269,36.3842625440177,4.06621874610269
4891,150.620739,-29.14312699,1784226.89357778,-3297494.56212211,76,44.4443577728839,407.703740493242,44.4443577728839
4892,150.6077455,-29.13936604,1783051.90620068,-3296895.80485925,42,9.971783495574,407.703740493242,9.971783495574
4896,150.6092368,-29.1472956,1783064.70595104,-3297796.56316154,34,4.25284471107086,407.70319088494,4.25284471107086
4897,150.6087494,-29.13151711,1783275.19539462,-3296038.81684544,28,-0.553212832545423,398.944422891008,0.553212832545423
4901,150.6007222,-29.13289127,1782489.03322546,-3296079.2862035,18,-11.7246551385727,398.944422891008,11.7246551385727
4904,150.612133,-29.13716185,1783505.24051812,-3296712.44835084,29,2.939195267853,398.944422891008,2.939195267853
4907,150.7691864,-29.72783951,1788750.20282273,-3364440.78758804,36,-0.162258826949305,159.263214262806,0.162258826949305
4908,150.6889584,-29.7036388,1781554.55054245,-3360635.32328478,43,12.0555118173527,118.79743356277,12.0555118173527
4909,150.7004807,-29.79037979,1781226.53245976,-3370417.79605275,27,-9.03368093028499,144.431300117665,9.03368093028499
4911,150.6862441,-29.79152049,1779861.53945312,-3370345.90909797,11,-23.5814326627257,146.136068020897,23.5814326627257
4917,148.6649659,-30.64028275,1576120.52707413,-3438026.83356281,29.42501696,-7.13491684577195,106.445609148028,7.13491684577195
4919,151.1737642,-29.51525096,1830584.86039242,-3346595.98215121,22,-7.78024857719181,40.9127508804849,7.78024857719181
4921,149.9163868,-30.0290304,1703302.51205021,-3386206.31534814,22,-3.89984325775667,104.511138449187,3.89984325775667
4922,149.9583207,-30.02307917,1707356.35910675,-3386105.47203241,33,5.32554654667387,120.726242380631,5.32554654667387
4926,149.892035,-29.91484883,1702789.42899774,-3373206.5105552,21,-1.0561058352454,92.7429544997509,1.0561058352454
4928,149.879996,-29.92460042,1701498.65832675,-3374128.68344637,17,-7.86048970913413,104.282180476805,7.86048970913413
4934,149.9173078,-29.95924125,1704483.16607154,-3378471.59676798,46,1.67004415075569,94.4509751385528,1.67004415075569
4937,149.7440877,-30.16850446,1684863.54415313,-3399404.36407049,16,-4.865398213136,23.8775342892576,4.865398213136
4939,149.7149248,-30.1084768,1683042.25555781,-3392355.8462524,14,-10.9127607936698,24.2522174693666,10.9127607936698
4942,148.545925,-30.73883056,1563499.20446546,-3447512.76397886,19,-1.00646453197207,139.465045111614,1.00646453197207
4943,148.8234751,-30.43514226,1594043.92013843,-3417202.60455301,12,-8.30256674736997,94.0673941627496,8.30256674736997
4948,148.8199572,-30.48393577,1592994.67926672,-3422579.55125654,45,11.457918603609,77.5325001102133,11.457918603609
4949,149.0700842,-30.3607554,1618382.81887303,-3412039.58499199,33,3.10296244938593,49.286740171355,3.10296244938593
4951,149.0621707,-30.34949575,1617805.05785084,-3410688.6534308,7,-20.9753678286578,40.1379554880868,20.9753678286578
4955,151.6894,-28.30187,1900321.49255246,-3219596.88109552,41.61263,10.4615814710587,92.1847867489082,10.4615814710587
4959,150.6051315,-29.3716144,1779023.32269359,-3322630.82841562,34,-3.15315142549736,277.132109458195,3.15315142549736
4964,140.03385,-32.87932,745727.201734571,-3609103.31493128,9.391485505,-3.94064554141462,13.1929548282127,3.94064554141462
4966,151.0705429,-29.89667396,1814443.08507034,-3387412.94504382,29,1.5161970042915,70.5628575387803,1.5161970042915
4969,151.0314729,-29.93859916,1810055.77554288,-3391506.88798042,37.15676251,14.2205487092547,73.0216005209594,14.2205487092547
4970,151.0272059,-29.9448507,1809548.95579599,-3392139.54339309,38.73790134,16.0008876193773,69.6817716069294,16.0008876193773
4971,151.0271703,-29.94665456,1809515.58736474,-3392339.03134729,23.71708245,-0.662281979388172,69.6817716069294,0.662281979388172
4973,151.1042518,-29.9237694,1817173.79151081,-3390895.95564582,34,3.23544644094133,65.5229712678297,3.23544644094133
4976,151.0032963,-29.94900139,1807222.91909894,-3392261.29147254,31.6227766,2.342919457435,63.0994390750566,2.342919457435
4988,151.0420054,-29.92973412,1811197.66749312,-3390673.30574065,15.8113883,-7.53707730161534,81.4306636183008,7.53707730161534
4989,151.0342424,-29.95578225,1810031.27518816,-3393451.18411955,25.29822128,5.67115591196868,81.0423845906238,5.67115591196868
4999,151.0916014,-29.89760307,1816416.23288215,-3387815.19590322,23,-8.28971567729115,64.5448614680336,8.28971567729115
5000,151.0356329,-29.93775906,1810462.47671682,-3391472.69304136,40.31904017,16.359951513071,87.2399947725185,16.359951513071
5002,151.03758,-29.94410347,1810540.69194024,-3392203.67950761,27.66992953,4.39429804291064,84.0581107125994,4.39429804291064
5005,151.0961189,-29.89231803,1816931.06982819,-3387293.51366336,24,-11.1166852170323,64.5448614680336,11.1166852170323
5006,151.0668577,-29.89661999,1814095.96838373,-3387354.62773447,28,-10.705757167014,83.2401728823988,10.705757167014
5010,151.0335263,-29.93953203,1810234.10061126,-3391639.40837154,28.46049894,4.92177141250201,81.9062273837961,4.92177141250201
5011,151.0192069,-29.93029556,1809035.8848766,-3390412.53025594,21.34537421,-1.1175683533355,69.6897821821701,1.1175683533355
5012,151.0021885,-29.95259334,1807058.6696066,-3392643.86741554,28.46049894,-2.50829008000333,62.7262853314499,2.50829008000333
5014,151.0950275,-29.89362854,1816806.12256546,-3387423.28066268,20,-16.9943099532873,64.5448614680336,16.9943099532873
5017,151.069088,-29.89049956,1814408.6313266,-3386707.74351196,41,5.27835021053733,70.5628575387803,5.27835021053733
5018,151.0285796,-29.92772954,1809963.47067416,-3390260.78640238,22.92651304,-1.88242114683434,68.3114210017386,1.88242114683434
5022,151.0342069,-29.95758611,1809997.90576288,-3393650.67025854,22.92651304,1.11241742086136,72.965854708627,1.11241742086136
5023,151.0131622,-29.93893778,1808321.5250867,-3391285.12739495,55,24.384410337542,72.2536912330173,24.384410337542
5025,151.0022065,-29.95169142,1807075.35286181,-3392544.1245213,31.6227766,3.52230087269966,62.7262853314499,3.52230087269966
5037,151.0181893,-29.92937807,1808955.06638278,-3390296.39795384,23.71708245,1.42291613607099,69.6897821821701,1.42291613607099
5040,147.3086898,-31.30815028,1439547.16418336,-3496245.93632395,9,-11.1822071267271,81.6731701674408,11.1822071267271
5044,151.3493471,-29.36372314,1849784.39784403,-3332325.06626444,21,-12.3773216161301,90.6039326445158,12.3773216161301
5049,150.9606546,-28.90865982,1820448.79380579,-3276275.41779608,15,-6.19122385461782,153.36503507099,6.19122385461782
5050,150.9165288,-28.91479139,1816141.77052127,-3276327.61232114,37,12.3328127015173,97.3076705169716,12.3328127015173
5055,150.9441693,-28.90898658,1818872.21658256,-3276076.86241207,16,-3.74968572424351,132.369123132778,3.74968572424351
5061,150.9449174,-29.48815356,1809346.39615351,-3340330.97316938,40,6.7437620249415,68.4962519207599,6.7437620249415
5062,150.9250114,-29.50146791,1807238.82820464,-3341525.91673585,24,-7.09624616819333,64.5212856615363,7.09624616819333
5064,150.9334347,-29.46249678,1808682.61526452,-3337322.76258749,37,4.57945135553548,81.0029424756164,4.57945135553548
5065,150.9200164,-29.51171119,1806595.83314512,-3342591.36497369,30,-1.50354554321184,65.5165238939018,1.50354554321184
5066,150.9287652,-29.4649955,1808198.44899153,-3337533.8032002,41,8.47169477364449,79.8988861884402,8.47169477364449
5067,150.2102887,-29.6960669,1736358.76927454,-3353204.7546811,41,2.41756971068232,114.491267850463,2.41756971068232
5069,150.2306767,-29.69128936,1738365.75197268,-3352951.75782332,20,-13.0909404967153,109.870645628946,13.0909404967153
5071,150.2184408,-29.69264868,1737185.27204532,-3352936.19036515,34,5.88733091236101,114.491267850463,5.88733091236101
5074,150.23707,-29.66075623,1739458.29696092,-3349649.94890813,31,4.1192418249544,109.870645628946,4.1192418249544
5078,148.4697729,-30.86906438,1554467.50325278,-3461052.37511446,2,-12.8577505410425,114.877913468199,12.8577505410425
5079,148.4553509,-30.88366251,1552903.79191091,-3462498.7885483,2,-13.6222748091451,99.239844918301,13.6222748091451
5080,150.6734554,-29.57657357,1782162.39390292,-3346323.20285464,30,-7.3685883518173,36.5508889463808,7.3685883518173
5083,150.6471617,-29.56357047,1779882.89654629,-3344514.06606915,35,2.14681484881482,31.4759591119463,2.14681484881482
5090,150.6010727,-29.49695449,1776598.64981812,-3336481.62444795,24,-2.20642395485365,42.4997497688844,2.20642395485365
5092,150.6165909,-29.50229455,1777983.34696933,-3337289.99805431,33,3.256394692246,42.9423018674421,3.256394692246
5093,150.5918206,-29.4992319,1775684.19059683,-3336605.6828147,22,-3.133526977402,42.4997497688844,3.133526977402
5096,150.6523245,-29.56253423,1780389.08790366,-3344471.04038093,34,3.51251566836958,31.4759591119463,3.51251566836958
5097,146.464894,-31.55300435,1357453.18782443,-3514237.21867833,9,-10.7588517330805,100.081517197163,10.7588517330805
5108,148.8384488,-30.54162216,1593886.28078457,-3429218.65476938,40,9.59495072152376,83.2361118592551,9.59495072152376
5110,148.8777268,-30.54893749,1597474.62853505,-3430521.86438104,32.60609988,2.9456164096141,82.2630728631404,2.9456164096141
5114,148.8855884,-30.52101068,1598626.81449373,-3427517.9991059,43,9.5440231388468,71.7398355991453,9.5440231388468
5116,148.9086677,-30.54542935,1600437.95483243,-3430519.4250716,23,-7.35240582227069,54.8443277810355,7.35240582227069
5120,148.8705556,-30.55328983,1596735.60856881,-3430915.68507668,28,-1.43571553274957,81.2816179703459,1.43571553274957
5122,148.7120126,-30.69833087,1579696.29021445,-3445056.61682259,36.58245352,7.98341175938918,115.507556771153,7.98341175938918
5124,150.9100717,-29.5388651,1805204.13418605,-3345462.46248355,29,-1.78907023095667,71.1461377417102,1.78907023095667
5127,149.1452353,-30.34274615,1625735.08973648,-3410993.39053046,13,-10.9834345077143,79.4355352551656,10.9834345077143
5133,150.7847838,-29.12312393,1800161.30717313,-3297576.31784251,19,-3.60755761663865,350.292097110626,3.60755761663865
5135,150.9046743,-29.06841764,1812471.44431961,-3293202.2053373,75,47.967405820695,176.014807460903,47.967405820695
5136,139.44497,-32.97141,690530.616134496,-3616063.02587713,7.155417528,-2.21118556967684,53.5572623165754,2.21118556967684
5137,149.3487871,-30.29820402,1645593.92188762,-3408652.62198939,47,24.7991336626969,113.063259103829,24.7991336626969
5139,147.8476715,-31.1335853,1492393.09597318,-3483026.90805402,8,-6.2064909421057,26.1658704411013,6.2064909421057
5142,149.832306,-30.23052917,1692218.57579798,-3407455.41925637,26,3.03696732334832,27.7460672434069,3.03696732334832
5144,149.8379474,-30.23384319,1692698.74359997,-3407898.00055233,13,-9.71266629935902,32.2463957037154,9.71266629935902
5146,149.8337189,-30.23343873,1692306.40583538,-3407797.08782201,24,1.99613113687199,33.9767727982917,1.99613113687199
5147,149.8413847,-30.23526576,1693000.60125037,-3408101.44699427,24,0.82478502708631,33.9767727982917,0.82478502708631
5148,149.8465842,-30.24268347,1693375.01067376,-3408993.68882934,32,9.54670536066565,33.9392055364756,9.54670536066565
5149,149.867199,-30.22717244,1695560.64329094,-3407545.47710349,21,0.00137369801068843,23.14349212932,0.00137369801068843
5150,149.8517458,-30.23510364,1693979.90981624,-3408220.79590929,19,-3.15036219053501,33.8850358853969,3.15036219053501
5151,149.8450796,-30.23949648,1693282.91098749,-3408620.00648466,20,-1.61598159012133,33.9392055364755,1.61598159012133
5155,149.8456099,-30.23519204,1693400.07766466,-3408149.26272316,20,-2.79776230487101,33.9767727982917,2.79776230487101
5158,149.8313391,-30.23773807,1692015.00391763,-3408242.78062628,25,2.77257237815367,33.9392055364755,2.77257237815367
5165,151.3613523,-29.37469342,1850737.55376398,-3333715.12364093,21,-11.6620679787751,60.2560063733318,11.6620679787751
5174,151.349269,-29.43711279,1848535.22986839,-3340460.00444203,34,0.193954806824657,25.9442078972722,0.193954806824657
5182,151.4300121,-29.4594032,1855810.88376155,-3344101.564676,45.85302607,7.2605124837316,51.2861413010187,7.2605124837316
5186,151.3482072,-29.44920899,1848229.91414112,-3341785.61497867,20.55480479,-1.11990187906747,25.9442078972722,1.11990187906747
5189,151.3488461,-29.44795365,1848311.71696498,-3341655.69267631,24.50765187,3.84604038148627,25.9442078972722,3.84604038148627
5191,151.3587789,-29.44573042,1849290.91777162,-3341552.97079239,16.60195772,-4.48917525258757,28.9474125182278,4.48917525258757
5192,147.0562611,-31.42557778,1414375.09941045,-3506481.84590158,15,0.101051788366943,92.9770602152104,0.101051788366943
5193,147.0527319,-31.41246057,1414217.74368448,-3504984.33965054,5,-7.93213835799357,92.9770602152104,7.93213835799357
5196,149.8876569,-30.33880521,1695743.19700683,-3420206.84981664,39,8.36009632639534,80.880540794096,8.36009632639534
5198,149.8943962,-30.34275048,1696316.16503287,-3420734.16732393,27,-3.840165588722,82.0168717187282,3.840165588722
5202,149.8919143,-30.34144365,1696102.87665094,-3420556.18256876,22,-9.08455845261133,81.1355321976875,9.08455845261133
5205,146.7340878,-31.36798424,1384988.18531253,-3496547.49472911,4,-10.2035685531938,117.420840357661,10.2035685531938
5206,146.7193153,-31.38509573,1383385.48558459,-3498290.64474192,5,-8.37202019276533,117.42379635987,8.37202019276533
5207,148.5639728,-30.87337355,1563246.23254192,-3462680.49907365,2,-14.6488692500854,127.468795257777,14.6488692500854
5210,151.2554472,-29.91994167,1831511.1204824,-3392630.70744719,50,10.9554960247777,171.577763760666,10.9554960247777
5213,151.2505472,-29.91235833,1831176.20651241,-3391719.91782767,60,25.8401804658727,171.262940904815,25.8401804658727
5217,151.2163336,-29.91405606,1827917.77643562,-3391418.14030669,57,26.6703678020613,150.611248713927,26.6703678020613
5218,151.2245763,-29.96719237,1827802.87653477,-3397425.91877519,41,3.44645932260332,168.90173080719,3.44645932260332
5223,151.2568139,-29.92668056,1831526.68206332,-3393397.24361821,41,1.06288607216568,168.352040743661,1.06288607216568
5226,151.2140589,-29.89505049,1828022.2886439,-3389278.87518448,8,-23.4868290546213,150.620990565849,23.4868290546213
5227,151.2446344,-29.90464599,1830747.77841981,-3390780.31936887,29,-4.07471916444766,165.469756807885,4.07471916444766
5234,151.2165052,-29.89723096,1828216.63914562,-3389555.58119525,32,3.32561968012082,150.620990565849,3.32561968012082
5240,148.7885997,-30.66665236,1587359.12771717,-3442486.9317024,40.55880717,13.3234315340163,98.6133780888303,13.3234315340163
5243,148.8095978,-30.70919551,1588707.64837412,-3447473.54928617,27,0.133075340158324,101.206226022752,0.133075340158324
5244,148.8046114,-30.72624328,1587988.57460744,-3449305.11965192,48,15.41453197239,112.01879543921,15.41453197239
5247,148.818163,-30.70104676,1589632.32672138,-3446674.97425139,38,11.10702458231,85.8398146027566,11.10702458231
5249,148.7871827,-30.68888288,1586899.56497946,-3444938.70020182,45,15.598282087803,96.3996650148521,15.598282087803
5252,150.6097194,-29.56687079,1776280.62734378,-3344359.10698978,33,0.0336644361717333,43.2284833555568,0.0336644361717333
5254,150.5446683,-29.56645912,1770121.98529203,-3343410.54689678,51,18.434273996905,39.2499476358959,18.434273996905
5257,150.5556542,-29.54519207,1771508.38744977,-3341203.11171483,31,-6.90107140086035,39.078746223538,6.90107140086035
5264,150.5994702,-29.5582511,1775449.49739103,-3343260.29376417,23,-4.83671504193199,43.2284833555568,4.83671504193199
5268,150.5948275,-29.55866323,1775002.75076916,-3343241.50711166,23,-5.36263563410112,43.2284833555568,5.36263563410112
5271,150.6024283,-29.56711817,1775585.59990634,-3344285.19980997,30,1.55213317377768,43.2284833555568,1.55213317377768
5272,150.578405,-29.55028183,1773582.37670524,-3342083.49905321,29,-0.81103567014766,40.8902042987561,0.81103567014766
5273,150.5843336,-29.57600954,1773726.15672266,-3345020.34131109,32,3.79811999001467,43.3801759064229,3.79811999001467
5277,150.6076765,-29.57779461,1775909.23182177,-3345542.67904736,17,-12.8793581990207,45.5085529415551,12.8793581990207
5286,150.6074249,-29.56090258,1776160.30118993,-3343665.04354383,29,-2.73864710049465,43.2284833555568,2.73864710049465
5287,150.6077311,-29.57241903,1776001.89278237,-3344947.02987963,35,0.269992112357997,43.09722352359,0.269992112357997
5288,150.5467706,-29.53797388,1770783.33313129,-3340279.04595543,42,10.0540238577903,39.6322990444283,10.0540238577903
5289,150.6061529,-29.56320709,1776002.24020311,-3343903.0421147,28,-2.305605596115,43.2284833555568,2.305605596115
5302,151.4177654,-29.79841223,1848894.67717598,-3381499.08397464,12.64911064,-22.5688938034883,126.731699094077,22.5688938034883
5303,151.4069957,-29.88681266,1846377.32194672,-3391140.36860785,34,-1.41353374863635,160.58859911749,1.41353374863635
5314,151.425768,-29.19607357,1859881.83637763,-3314848.56124375,21,-13.2735616383524,410.544456445885,13.2735616383524
5316,151.43173,-29.2135004,1860152.11169745,-3316867.31087528,36,4.36755849581731,390.730177849199,4.36755849581731
5319,151.3945144,-29.19208372,1856980.23480795,-3313951.59416737,17,-13.512537926706,408.747870995164,13.512537926706
5324,151.4473737,-29.1750294,1862292.33313813,-3312830.33799198,32,-2.40587172455768,391.790040487307,2.40587172455768
5325,151.4560943,-29.18285883,1862987.74499444,-3313825.44199991,61,25.7112703089123,430.119177335147,25.7112703089123
5326,144.17958,-32.43212,1134337.55038994,-3589775.25891279,14,0.779790043635103,24.4265259272763,0.779790043635103
5329,150.7745769,-30.48918718,1776763.35815122,-3448940.94270762,39,-2.15924644783895,73.9179858937921,2.15924644783895
5331,150.802461,-30.49240269,1779330.30769235,-3449685.47545385,38,0.230071242895342,41.7689941348325,0.230071242895342
5336,150.7131072,-30.44133397,1771770.51027111,-3442782.11211383,51,16.7120010359234,107.508431593098,16.7120010359234
5340,150.7421491,-30.39839965,1775203.83937684,-3438425.18122513,42,3.00548050991267,64.3075152176802,3.00548050991267
5352,150.7384615,-30.3888164,1775014.03652567,-3437311.4510448,42,3.12887146889597,74.5704137238278,3.12887146889597
5355,150.7701913,-30.47688031,1776553.21363873,-3447515.64448152,47,8.301946395324,77.2183803778315,8.301946395324
5359,150.7640445,-30.46832274,1776115.97264545,-3446481.49346752,44,5.20377981212632,76.70904932139,5.20377981212632
5360,150.7251558,-30.3963429,1773639.49380689,-3437961.12593915,31,-8.138322150625,101.381732398599,8.138322150625
5362,148.8696643,-30.60354313,1595910.32325764,-3436486.71109917,30.22028769,5.02926060619468,84.5431780651493,5.02926060619468
5369,141.207672,-32.95877501,853869.13366972,-3625308.99047708,17.1464282,3.41669199942231,15.9254588132084,3.41669199942231
5372,141.2129551,-32.95321856,854402.936760055,-3624725.16361444,13.06394529,-2.05562502627135,15.9254588132084,2.05562502627135
5374,148.5893944,-30.88235833,1565501.60667802,-3463989.84992422,16,-8.51066146971873,124.232374843855,8.51066146971873
5377,148.6174138,-30.85996912,1568456.13846085,-3461846.49575157,39,22.1463780363901,124.232374843855,22.1463780363901
5380,150.9488245,-29.69196047,1806339.54536577,-3362989.08589107,20,-12.5341378441167,67.7933667785264,12.5341378441167
5394,148.079864,-31.07635369,1514948.83150589,-3479399.82931338,20,1.72939514965126,19.8658526350969,1.72939514965126
5402,148.0851698,-31.06634845,1515586.7890234,-3478351.00250287,23,5.24437073310112,19.8658526350969,5.24437073310112
5410,148.0881001,-31.05951188,1515957.60108268,-3477626.10342679,16,-0.245412010522962,19.8658526350969,0.245412010522962
5415,148.0866136,-31.06796935,1515699.30837302,-3478548.24167072,20,2.64010889228076,19.8658526350969,2.64010889228076
5420,149.0495577,-30.4896036,1614526.9380934,-3426091.39619573,16,-5.05764324892487,41.1352268696685,5.05764324892487
5424,147.3208683,-31.36667756,1439902.85001332,-3502889.55327539,22,6.27609359100347,83.3222051931223,6.27609359100347
5426,147.276819,-31.41307513,1435163.02004954,-3507551.60938329,3,-13.5799249319928,100.432142189094,13.5799249319928
5431,150.2961431,-30.50944055,1731476.10293016,-3444617.7397271,20,-9.91687531724667,113.572968344083,9.91687531724667
5433,150.293075,-30.59482202,1729822.43116835,-3454045.97440615,29,-0.751747177299336,143.491092801343,0.751747177299336
5434,150.2961174,-30.59676125,1730077.14250077,-3454302.24680174,35,8.98901978361167,143.491092801343,8.98901978361167
5436,150.2811894,-30.51827439,1729929.44652772,-3445394.97653002,23,-4.36515336519634,126.271525374753,4.36515336519634
5438,149.1741669,-30.33414929,1628591.02931157,-3410407.03520567,16,-9.55463038973767,85.0557008054151,9.55463038973767
5440,148.3288208,-30.96261419,1539901.07151426,-3469738.72402686,15,-1.2500330673853,68.9236849623868,1.2500330673853
5441,148.326217,-30.97269156,1539512.99401547,-3470826.95879439,10,-5.5544569748958,68.9236849623868,5.5544569748958
5448,146.5117405,-31.56576486,1361668.68008415,-3516155.02784632,52,32.6527833803593,99.0161108629434,32.6527833803593
5452,150.4572417,-29.68097008,1759986.60459396,-3354908.61354409,30,1.34926476893859,58.3117478299734,1.34926476893859
5457,141.3365619,-32.97293604,865685.02474664,-3627754.26418001,18.77942136,6.99171448867453,11.4237534757276,6.99171448867453
5465,141.3373863,-32.9673863,865806.600688738,-3627141.5097335,14.69693846,2.29136897585108,11.4237534757276,2.29136897585108
5466,141.354605,-32.96766336,867398.083778094,-3627289.17834158,8.98146239,-3.70579537769601,14.0052062665869,3.70579537769601
5468,148.731831,-30.90190907,1578580.38158804,-3467914.09136807,16,-3.34818336878139,114.957194837115,3.34818336878139
5473,151.2065683,-29.10740732,1840543.68174888,-3301842.88709463,29,4.16472977729934,84.413166645439,4.16472977729934
5482,147.6936104,-31.29510897,1475741.97417702,-3499188.15451583,6,-8.4485505291794,57.1817732963066,8.4485505291794
5485,147.6516333,-31.30254674,1471712.69063118,-3499530.52436954,21,4.13404297235148,54.6270416986062,4.13404297235148
5487,147.4320578,-31.43817074,1449337.53775334,-3512093.57047131,9,-7.70395661184986,86.4150012237943,7.70395661184986
5488,147.4762417,-31.46322222,1453127.9537499,-3515379.67631996,15,1.38398649285463,93.1133805305496,1.38398649285463
5491,147.8160312,-31.23574405,1488016.00152399,-3494010.9105472,8,-4.16138654320157,47.6428654135512,4.16138654320157
5493,151.3107977,-29.9006566,1837061.33609388,-3391287.89706068,43,12.488649632227,163.164267818491,12.488649632227
5499,151.3453921,-29.91781449,1840037.0052587,-3393687.39565457,34,-0.952846711460978,147.618734121645,0.952846711460978
5503,151.4130755,-29.98002048,1845369.53027882,-3401557.46166421,57,26.4468518761197,129.551434445831,26.4468518761197
5510,151.4149223,-29.95117854,1846033.22218433,-3398387.97431824,29,-2.296576045244,140.475350737171,2.296576045244
5513,151.4329716,-30.00001894,1846906.50143326,-3404061.07368367,39,5.78742976104469,99.8572303111441,5.78742976104469
5518,151.3621728,-29.92595512,1841483.07728928,-3394831.38783905,34,0.593520490682224,149.569512663668,0.593520490682224
5519,151.4233979,-30.00234076,1845964.22068467,-3404179.99228944,15,-22.8889548896897,126.609981087145,22.8889548896897
5523,151.3710956,-29.92872162,1842278.34063893,-3395266.6291359,32,-1.53988122690533,149.569512663668,1.53988122690533
5526,151.3097901,-29.90491978,1836894.24596745,-3391745.91846996,63,29.139675688862,165.314974332033,29.139675688862
5528,151.3769554,-29.9309923,1842792.89161594,-3395602.78831113,36,-0.0748202074146818,147.9557878329,0.0748202074146818
5529,151.3649575,-30.00072531,1840480.16472711,-3403157.81283196,38,-2.885787424216,128.910384534248,2.885787424216
5540,151.4288983,-29.96252981,1847159.06109666,-3399847.89051236,42,10.2752654034087,137.915760073403,10.2752654034087
5545,151.3700038,-30.00908883,1840814.48167662,-3404157.36238092,34,-11.743905322928,126.131660887051,11.743905322928
5547,151.3228388,-29.91193535,1838007.55206854,-3392711.15397639,45,15.0073249074097,148.473265426691,15.0073249074097
5550,151.299902,-30.00605429,1834254.45429465,-3402812.77541921,35,4.36306992553699,143.531077233817,4.36306992553699
5556,148.8530145,-30.73069429,1592470.41222645,-3450401.98899791,23.06285113,-1.00948749480432,69.9209299465265,1.00948749480432
5566,150.8298336,-29.31071145,1801357.52487637,-3319022.50572934,25,-7.02476519780202,82.1554342331858,7.02476519780202
5573,150.8594014,-29.20895527,1805844.13423942,-3308151.66760104,24,-3.15921959655167,80.2107412697319,3.15921959655167
5579,150.8637987,-29.28638306,1804984.57806741,-3316803.0932043,46,18.5721986612623,70.6178615585234,18.5721986612623
5580,150.8332978,-29.2836562,1802132.20513916,-3316070.00685805,49,17.0828089589797,82.238444990844,17.0828089589797
5581,150.8260376,-29.28728238,1801382.81196606,-3316369.88591128,31,3.84508731874132,82.238444990844,3.84508731874132
5585,150.8231129,-29.21306351,1802326.96474191,-3308094.98123877,21,-4.63099695039368,89.0456554136581,4.63099695039368
5586,150.9096436,-29.31274331,1808903.23053044,-3320375.57586513,34,6.11048309393666,67.7774915872236,6.11048309393666
5591,150.9782829,-29.20528571,1817204.71530916,-3309430.30396244,24,-10.6868236466373,49.477829001926,10.6868236466373
5594,150.9507512,-29.20434343,1814603.50234718,-3308934.45274999,25,-3.95173719063217,49.4778290019259,3.95173719063217
5595,150.9845104,-29.12714339,1819094.18585825,-3300851.2955696,22,-8.38538425098436,62.2701351111046,8.38538425098436
5597,150.9824012,-29.1898198,1817852.92739139,-3307773.41711127,44,5.69102950957135,49.477829001926,5.69102950957135
5598,150.9913487,-29.14222395,1819494.08952975,-3302621.43724605,36,1.95810614439932,61.4955185006481,1.95810614439932
5599,150.9540894,-29.2050622,1814908.88249829,-3309061.59971897,30,0.996472589501497,49.4778290019259,0.996472589501497
5601,150.9102628,-29.12438796,1812077.50183144,-3299490.48203658,44,12.6806966386863,166.733288440349,12.6806966386863
5609,150.9832041,-29.19082441,1817912.57006975,-3307896.27305757,48,12.6637513592047,49.477829001926,12.6637513592047
5610,150.9836153,-29.19083061,1817951.55514171,-3307902.81203129,28,-7.33624864079529,49.477829001926,7.33624864079529
5614,151.0121088,-29.184941,1820757.99449948,-3307655.32077613,28,2.38961396810127,46.6656704722245,2.38961396810127
5616,150.9990262,-29.17030957,1819757.49033057,-3305846.03923714,32,3.96129928690167,47.5984853935919,3.96129928690167
5623,150.9805424,-29.16398676,1818105.10347546,-3304881.54875168,34,-0.360524162633993,65.4022002981243,0.360524162633993
5624,150.9766563,-29.12835136,1818327.1001758,-3300873.47748464,24,-7.73485116982841,62.2701351111046,7.73485116982841
5625,151.0005047,-29.15237628,1820196.09385841,-3303877.95943292,36,1.66366645915399,61.8400040734569,1.66366645915399
5626,150.9852777,-29.18995337,1818124.14725347,-3307829.16579464,46,12.4900307190006,49.477829001926,12.4900307190006
5629,150.9740094,-29.18779824,1817088.75376038,-3307429.80174279,26,-2.43513694647499,49.4778290019259,2.43513694647499
5631,150.9791631,-29.18715435,1817589.36260725,-3307431.69286991,38,4.43851189669,49.4778290019259,4.43851189669
5635,150.9713683,-29.12865938,1817819.02763085,-3300832.39150184,18.97366596,-13.0249795917947,62.2701351111046,13.0249795917947
5642,150.964101,-29.16888067,1816460.62894245,-3305190.51917635,28,-10.0055971853107,49.6364203614528,10.0055971853107
5650,150.9852472,-29.1862536,1818182.68529749,-3307418.35459218,33,2.24552256767763,49.477829001926,2.24552256767763
5653,150.9903646,-29.1927367,1818561.46972986,-3308210.29204829,37,2.89915116530766,49.477829001926,2.89915116530766
5662,150.9953686,-29.15220926,1819710.4762159,-3303786.2669847,31,-0.648030398292317,61.956954425206,0.648030398292317
5663,150.9695414,-29.15362469,1817231.02971485,-3303575.64537473,53,18.73949937064,61.502449138792,18.73949937064
5664,150.9717702,-29.15528256,1817415.45994584,-3303791.24604073,40,6.63912904107466,61.502449138792,6.63912904107466
5665,150.9723227,-29.16900546,1817240.27038925,-3305321.28431382,37,-3.47415477566967,57.7886844724477,3.47415477566967
5671,150.9768069,-29.15003534,1817981.49786556,-3303280.87208748,42,6.92116530190732,60.5824502426324,6.92116530190732
5672,150.9730847,-29.13021922,1817956.39425279,-3301029.83850659,49,19.2614260941493,62.2701351111046,19.2614260941493
5675,150.9805276,-29.15424196,1818265.47767859,-3303800.42954326,41,6.37563634350536,61.502449138792,6.37563634350536
5676,150.9559247,-29.13013896,1816325.58360809,-3300776.85949643,26.87936011,-3.85923213755196,72.3402032457938,3.85923213755196
5678,150.9575649,-29.13034443,1816478.18258519,-3300822.9714359,25.29822128,0.840884109788988,67.5950080211945,0.840884109788988
5679,150.9561605,-29.1286087,1816373.38455453,-3300610.46619503,32,7.06938132479069,72.3938237771735,7.06938132479069
5683,150.9659649,-29.14734474,1816995.1111225,-3302828.18079236,46,14.9033270819433,63.4532065801086,14.9033270819433
5686,150.966234,-29.14933382,1816987.7042103,-3303052.64462054,38,2.13440000477367,63.0332241409916,2.13440000477367
5693,149.4598265,-30.35684087,1655165.58784138,-3416598.14023413,23,-3.00716717284235,100.355919332711,3.00716717284235
5695,149.4613809,-30.34996541,1655417.01766367,-3415854.885105,37,10.5740346569053,100.355919332711,10.5740346569053
5697,149.4596362,-30.35588833,1655162.20469495,-3416489.9126429,24,0.586682769594987,100.355919332711,0.586682769594987
5700,139.1791,-33.03346,665507.962804694,-3621572.28090456,24.49489743,3.22954268438141,61.6020037929854,3.22954268438141
5705,149.0089613,-30.56440759,1609592.64714022,-3433887.38982108,17,-6.25388156819599,51.1103679131309,6.25388156819599
5706,148.9620644,-30.53818551,1605569.82825333,-3430384.79510408,13,-10.6360851251973,30.5401830456524,10.6360851251973
5708,149.007229,-30.59922869,1608911.78535392,-3437732.94680377,18,-2.44498748291765,51.3816108967738,2.44498748291765
5710,148.9910115,-30.56193194,1607940.8397132,-3433386.39379944,21,-1.70794463406916,58.0341492822662,1.70794463406916
5718,150.0737707,-30.40977129,1712148.0179027,-3430564.0359875,20,-8.18695370918367,95.7042986151449,8.18695370918367
5725,150.0709093,-30.36901675,1712522.68216764,-3426003.79401531,62,33.0175994737543,126.329480225973,33.0175994737543
5728,150.1014084,-30.41248954,1714705.61798037,-3431236.29658342,48,15.1842009955357,95.5695967558045,15.1842009955357
5731,148.8332469,-31.36741283,1581243.83925436,-3520853.6750796,27,-0.812872074236271,116.181257048798,0.812872074236271
5734,150.4867621,-30.17491615,1754796.55134383,-3410113.66170342,39,0.673198219532352,146.886335747094,0.673198219532352
5739,146.714051,-31.74236973,1378296.8434331,-3537962.74591547,19,3.797598912096,126.800534730687,3.797598912096
5741,142.394042,-33.06320812,962709.555102777,-3645375.51888956,17.1464282,2.27738201363483,32.4405407263747,2.27738201363483
5743,148.6133528,-31.03730278,1565499.09625038,-3481493.41281231,15,-5.60137284246693,174.564752868996,5.60137284246693
5745,151.1658865,-29.76430309,1825664.58060059,-3374095.9068656,30,-6.74611111396469,84.7439394084412,6.74611111396469
5746,151.175515,-29.75082214,1826800.87858496,-3372738.99989841,28,-11.3903537868325,81.1092918238918,11.3903537868325
5749,151.1594762,-29.83171205,1823929.33081694,-3381477.41817537,23,-12.486436811119,92.4112177525554,12.486436811119
5750,151.1589402,-29.8315963,1823880.62710819,-3381456.93394214,38,2.31502985554764,92.4112177525554,2.31502985554764
5752,151.1565855,-29.79244209,1824313.9450729,-3377082.62267367,36,-0.499072209546675,82.1545670675313,0.499072209546675
5753,151.1577759,-29.83301463,1823746.8640181,-3381597.54862578,30,-3.84901742231401,92.1916381978178,3.84901742231401
5759,151.1688417,-29.83598298,1824742.6230443,-3382084.62765234,37,2.94771561622631,92.1916381978178,2.94771561622631
5760,151.1829131,-29.83466222,1826094.19724566,-3382139.26859466,21,-13.7982511772013,92.4112177525554,13.7982511772013
5761,151.1698303,-29.83421986,1824865.57413266,-3381903.29185717,48,14.1199228425893,92.1916381978178,14.1199228425893
5762,151.1626025,-29.82882329,1824273.10943167,-3381201.80844237,54,16.655947949049,92.4112177525554,16.655947949049
5765,151.1846077,-29.83766296,1826203.96650522,-3382496.14237082,22,-9.15258863866267,92.1916381978178,9.15258863866267
5767,149.2483127,-30.43443151,1634066.66491707,-3422491.02435122,8,-7.67832742437914,68.2261298513601,7.67832742437914
5779,149.2379073,-30.42187328,1633276.19527702,-3420963.36166259,15,0.817211225714695,95.5102879189965,0.817211225714695
5780,149.1922269,-30.46901522,1628265.39914043,-3425615.50426142,25,5.13678920575863,66.953635408701,5.13678920575863
5783,150.9738467,-29.50928205,1811738.3852307,-3343084.25253466,34,5.24691589659933,68.4962519207599,5.24691589659933
5785,150.9802137,-29.51344128,1812272.82797418,-3343635.83287794,13,-10.407955392409,69.2327957305305,10.407955392409
5788,150.9981163,-29.52915991,1813708.44114974,-3345633.11374288,39,10.7444532959373,69.2327957305305,10.7444532959373
5789,150.99607,-29.52254274,1813624.45486275,-3344870.2164473,33,7.49733822608432,69.2327957305305,7.49733822608432
5792,147.1835246,-31.58647422,1424138.34524826,-3525782.00603147,11,-5.7569690264332,124.801012691516,5.7569690264332
5794,147.2283516,-31.4914411,1429588.09356837,-3515719.37713078,24,12.9606564989014,89.9062997625777,12.9606564989014
5795,147.2309634,-31.48309061,1429943.307685,-3514820.38257355,35,23.7057835540577,83.3141347213947,23.7057835540577
5802,147.2086779,-31.5223766,1427338.62231684,-3518938.08823884,9,-15.9570668763679,124.36343596641,15.9570668763679
5803,147.1685614,-31.47100748,1424272.60916266,-3512780.12415736,7,-5.74206283484883,91.6448789129097,5.74206283484883
5808,151.24028,-30.15742297,1826085.15337564,-3418734.37946558,25,-10.3077740100305,98.3618782718677,10.3077740100305
5810,151.2806681,-30.13702672,1830232.98873653,-3417051.95099114,46,-3.24875211782265,103.791260834771,3.24875211782265
5811,151.2599895,-30.22451364,1826812.15025164,-3426451.19805244,31,-8.65250061099017,128.78589892869,8.65250061099017
5812,151.2809953,-30.1965242,1829261.10165353,-3423650.073663,45,5.03800954791916,132.518318409452,5.03800954791916
5815,151.2631409,-30.11065822,1829025.83231831,-3413878.69240688,29,-7.27052759290001,103.884438736613,7.27052759290001
5820,151.2605253,-30.0840347,1829227.60259008,-3410890.64448481,24,-3.75121605737735,98.1729359562887,3.75121605737735
5824,151.2810886,-30.19892535,1829229.42023009,-3423917.49589258,24,-16.9799985105587,132.518318409452,16.9799985105587
5825,151.2594303,-30.19963197,1827178.36367401,-3423685.8682894,50,9.54674813561432,129.333803405079,9.54674813561432
5828,151.2553212,-30.09207679,1828601.74108709,-3411707.43315982,27,-3.96385687954236,98.1729359562887,3.96385687954236
5829,151.2626697,-30.1523712,1828279.08820362,-3418494.74503663,37,-4.11405289388501,98.3618782718677,4.11405289388501
5832,151.2569071,-30.186029,1827169.76089808,-3422142.30526789,57,16.6694210229809,132.518318409452,16.6694210229809
5835,151.2715867,-30.19584109,1828386.76125184,-3423439.6893747,34,-5.24496052823767,129.333803405079,5.24496052823767
5836,151.2662198,-30.10668396,1829382.8830819,-3413482.32655864,29,-0.783430748739651,103.884438736613,0.783430748739651
5838,151.2522924,-30.08200366,1828485.81001631,-3410547.69101873,18,-12.1548893424917,87.6417012159973,12.1548893424917
5839,151.2778889,-30.1953827,1828987.86036899,-3423479.10113135,33,-5.62859722827101,132.518318409452,5.62859722827101
5841,151.2694713,-30.15585348,1828861.09431803,-3418978.00870956,29,-10.7552650410867,98.3618782718677,10.7552650410867
5842,151.2623671,-30.17967763,1827790.83136394,-3421516.54737167,32,-7.7525934200395,97.8669884650944,7.7525934200395
5845,151.279676,-30.18817932,1829277.51034418,-3422706.43089197,26,-8.91213819984767,132.518318409452,8.91213819984767
5848,151.2806031,-30.17008371,1829669.7621049,-3420714.39055376,63,26.6500963073996,98.3618782718677,26.6500963073996
5849,151.2546051,-30.21819865,1826411.59025707,-3425674.40290714,31,-7.02682628753285,129.333803405079,7.02682628753285
5853,151.2580622,-30.20417904,1826973.01477476,-3424170.20350656,50,12.357092919749,129.333803405079,12.357092919749
5855,151.2581272,-30.21876881,1826733.55061962,-3425787.94354984,33,-5.30392303223116,129.333803405079,5.30392303223116
5858,144.14677,-32.49084,1130667.76134139,-3596019.98144352,5,-7.81767908559879,24.9958020383652,7.81767908559879
5862,146.9322722,-31.59373056,1400585.73134444,-3523810.99833755,17,-3.73559509308488,107.093245057787,3.73559509308488
5868,151.2554672,-30.06130341,1829133.47652804,-3408298.93236053,40,11.9200085023103,87.2681096948076,11.9200085023103
5869,151.253967,-30.06404434,1828945.91669744,-3408581.23292309,34,6.96653579096065,88.0514100929188,6.96653579096065
5872,151.256535,-30.0690227,1829104.20188954,-3409169.74984932,31,3.92352015184433,87.6669776743839,3.92352015184433
5875,151.2555359,-30.05442926,1829255.66023252,-3407538.04913702,31,2.55603860361365,88.916284703313,2.55603860361365
5876,151.442906,-29.78248174,1851540.76522296,-3380097.65510246,34,-3.13509516381335,89.0045805065774,3.13509516381335
5882,151.142192,-29.88213955,1821452.29982959,-3386821.17756944,24,-8.46666645162635,128.557970755495,8.46666645162635
5888,151.1538861,-29.78903903,1824115.79665238,-3376666.80407232,44,7.54380522669198,82.1545670675313,7.54380522669198
5890,151.1349915,-29.79585564,1822215.81102725,-3377152.8846424,37,0.679577337009349,82.1545670675313,0.679577337009349
5897,151.1338678,-29.86468075,1820958.21631656,-3384767.03507228,29,-1.1587608431195,97.0201023170051,1.1587608431195
5901,151.1063636,-29.8824691,1818063.06566322,-3386347.37078827,23,-8.74802027696968,73.2640845068819,8.74802027696968
5902,151.1053942,-29.88062366,1818002.33732323,-3386128.98401131,28,-4.56496536543234,73.2640845068819,4.56496536543234
5908,151.0792201,-29.87831416,1815568.78353846,-3385500.7247334,32,2.79513438493433,60.4673769083165,2.79513438493433
5912,151.1316627,-29.87302229,1820610.40183642,-3385660.35719216,28,-3.67553204313201,77.9310969310115,3.67553204313201
5913,151.144666,-29.83070177,1822546.92470753,-3381154.05720169,27,-12.5208642709894,84.6997138804451,12.5208642709894
5917,151.1450668,-29.83029237,1822591.64719015,-3381114.38819722,23,-16.5367991269894,84.6997138804451,16.5367991269894
5922,151.0781318,-29.87892084,1815455.87286153,-3385552.51998589,37,7.89787657317833,60.4673769083165,7.89787657317833
5924,151.1341774,-29.83103215,1821550.37598893,-3381041.0958878,35,-0.225286406154012,81.8740190822586,0.225286406154012
5930,151.0738294,-29.87815436,1815062.28988563,-3385406.41023385,19,-7.72173350747867,60.163542090658,7.72173350747867
5932,151.1533761,-29.83085996,1823367.24532018,-3381295.87944499,32,-5.85546246559236,92.1916381978178,5.85546246559236
5936,151.1522669,-29.84726523,1822987.73679424,-3383098.74175616,27,-4.81386672587065,91.5573534123091,4.81386672587065
5940,151.1364206,-29.81331679,1822058.73040774,-3379109.09443058,39,0.199337094902646,88.3912194076859,0.199337094902646
5941,151.1387415,-29.82262455,1822122.30590752,-3380174.08801967,25,-14.1988130380047,88.3912194076859,14.1988130380047
5952,151.1359943,-29.81454685,1821997.86425649,-3379239.38412183,16,-19.9670885409673,88.3912194076859,19.9670885409673
5953,151.1362215,-29.81400871,1822028.33847547,-3379182.96397427,30,-5.96708854096733,88.3912194076859,5.96708854096733
5956,151.1559257,-29.82388517,1823724.95725296,-3380559.04108086,34,-7.75195399064568,90.4754938909839,7.75195399064568
5961,151.1529727,-29.82016275,1823508.26378297,-3380104.21744903,30,-8.28989174511302,90.4754938909839,8.28989174511302
5964,151.0718951,-29.88775277,1814719.53982297,-3386443.08420873,31,-3.27874725501099,69.3480652439172,3.27874725501099
5969,151.0674697,-29.88529713,1814342.52582761,-3386107.97843228,25,-5.13636781306401,68.7799692832216,5.13636781306401
5983,148.9987825,-30.51280983,1609402.17151182,-3428028.25292459,21,-0.431278490842079,32.0870362621599,0.431278490842079
5984,149.0707837,-30.50618254,1616277.4734145,-3428201.14524701,15,-5.37144330659634,42.995035636681,5.37144330659634
5986,149.0395474,-30.58483361,1612165.52858808,-3436541.62681141,17,-1.59078880636667,54.2903724654069,1.59078880636667
5988,149.0251652,-30.5093623,1611936.55957113,-3427977.95167687,21,-1.34236914974067,23.993618537295,1.34236914974067
5996,149.0258735,-30.58512843,1610875.07927747,-3436401.88628326,17,-1.53767605171101,52.0254825596996,1.53767605171101
6006,149.044242,-30.53723719,1613316.51558456,-3431314.72415069,23.85812186,5.22064138046084,56.899700987658,5.22064138046084
6010,147.3813905,-31.51656513,1443547.93480808,-3520232.7317781,8,-2.79000785880774,90.5837098142102,2.79000785880774
6012,147.3077468,-31.54112385,1436341.00821849,-3522132.15930597,3,-6.77468382162431,96.4458183838322,6.77468382162431
6017,150.7524263,-29.92122471,1783993.25958593,-3385655.17672177,39,1.06354912558432,61.1582077526354,1.06354912558432
6019,150.7590996,-29.88796056,1785169.18429991,-3382059.16392989,29,-8.9335813244283,58.0589758599731,8.9335813244283
6021,150.6916228,-29.80455086,1780157.20994671,-3371866.21885099,56,8.71827193154615,120.471475579792,8.71827193154615
6022,150.6942077,-29.83162324,1779959.06161288,-3374905.13606215,43,-4.28989093376754,122.346439717596,4.28989093376754
6024,150.6887228,-29.8264581,1779524.96365068,-3374255.80629825,72,27.7297070156272,122.472634440723,27.7297070156272
6029,150.745047,-29.87526272,1784049.64516627,-3380454.55706981,29,-3.92069546166666,81.4368757796473,3.92069546166666
6030,150.7677968,-29.86050285,1786441.48144612,-3379135.44890837,43,-0.300543317193664,58.4407513434435,0.300543317193664
6034,150.7328684,-29.90091691,1782478.64650195,-3383129.88057929,41,3.63194872897768,58.4264900346308,3.63194872897768
6042,150.7694269,-29.92394108,1785554.36598916,-3386193.93790614,42,1.54632375467798,71.2330389432411,1.54632375467798
6044,150.7648463,-29.91341686,1785294.42833213,-3384962.73807045,27,-14.0304887802854,61.1582077526353,14.0304887802854
6045,150.7706762,-29.91900052,1785753.44604807,-3385663.47140691,44,3.49460510595998,68.7550761223327,3.49460510595998
6047,150.7413057,-29.90051145,1783282.35508477,-3383202.65684585,29,-10.432530105601,61.4110090322004,10.432530105601
6050,150.750009,-29.91911761,1783799.49182179,-3385387.73195443,29,-4.733502251158,61.1582077526353,4.733502251158
6053,150.7527777,-29.92632766,1783942.77404128,-3386226.03200344,22,-11.8578328737723,61.7609440485231,11.8578328737723
6057,150.769286,-29.91865223,1785627.8580127,-3385605.41321767,46,9.20451434700367,68.7550761223327,9.20451434700367
6058,150.7618767,-29.91146299,1785045.98777281,-3384704.54791432,26,-7.10205853621667,61.1582077526353,7.10205853621667
6067,150.7377507,-29.8956332,1783026.44556273,-3382611.99288744,50,12.4628891775697,58.4264900346308,12.4628891775697
6070,151.1918548,-29.91185455,1825643.76808074,-3390824.08420384,20,-10.517589782183,167.739009796305,10.517589782183
6073,151.1843958,-29.90456116,1825061.89190947,-3389909.03392695,36,6.70470425705034,168.993493293296,6.70470425705034
6075,151.1754694,-29.90625146,1824190.75117132,-3389968.91888157,32,2.84821067896502,168.39541013308,2.84821067896502
6079,151.1947491,-29.89895599,1826133.46978093,-3389435.64145872,26,-5.82975340447733,169.698457962202,5.82975340447733
6082,151.2003789,-29.90893963,1826497.44844104,-3390622.80560512,30,-1.80036302677166,167.544985897801,1.80036302677166
6085,151.2001812,-29.89862422,1826651.9371269,-3389476.5218481,30,0.0836053750050034,150.620990565849,0.0836053750050034
6086,151.1999759,-29.94076562,1825925.18506491,-3394144.88942485,37,4.80276122997999,170.674525689016,4.80276122997999
6087,151.1929957,-29.90911871,1825797.38595844,-3390537.12070234,65,33.8755154058303,167.739009796305,33.8755154058303
6100,151.1684837,-29.91392289,1823402.62593375,-3390719.59204036,21,-8.49176039761113,161.256660244179,8.49176039761113
6104,151.0825341,-29.37869768,1824218.66752301,-3330148.94213884,23,-6.49360666229698,83.3864706271909,6.49360666229698
6106,151.0932743,-29.38004278,1825215.27634095,-3330451.51009343,24,-5.94783385039531,78.6281798031054,5.94783385039531
6107,150.9704446,-29.49725221,1811615.50350716,-3341701.8384441,30,-11.6402853471195,81.4223045313412,11.6402853471195
6112,151.0823625,-29.45421549,1822942.12124353,-3338521.07718186,25,-1.12771917857107,78.1376419386418,1.12771917857107
6118,151.0049711,-29.37249751,1816961.88033738,-3328356.01068011,50,18.6401633662287,88.4686652189903,18.6401633662287
6120,150.9791813,-29.42805728,1813592.20636409,-3334151.59532642,32,3.9606224441946,79.3876139110585,3.9606224441946
6124,151.072265,-29.4312402,1822367.89582032,-3335829.18047192,16,-11.0112276059357,75.3392798617316,11.0112276059357
6127,148.9257098,-30.56973453,1601681.79833881,-3433432.74832128,21,-2.17235268052668,43.4582022583056,2.17235268052668
6130,148.8988836,-30.7122323,1597052.2048823,-3448924.07358036,27.03920478,-2.57812516346182,71.1456854155862,2.57812516346182
6131,148.9129187,-30.69014079,1598697.58168868,-3446646.03588437,21.47230968,-3.33290685240032,52.9395694167741,3.33290685240032
6135,149.5427769,-30.27247839,1664274.08293087,-3408308.98250742,39,15.6332425156603,91.3184889735764,15.6332425156603
6137,149.5884958,-30.41092395,1666454.52391416,-3424275.21346081,21,-0.511740855664009,77.9931155329703,0.511740855664009
6138,149.6162374,-30.33867677,1670179.26134614,-3416617.10956464,18,-3.58685122213137,78.7543175682846,3.58685122213137
6143,149.2363577,-30.53578453,1631413.2046648,-3433593.07097168,24,-1.10826721479032,74.308082677247,1.10826721479032
6145,149.1153478,-30.56172076,1619640.31981486,-3434933.53646881,15,-6.32030512331801,74.6903514577082,6.32030512331801
6147,149.1223933,-30.60090059,1619716.39461283,-3439373.83020287,25,0.848454874450002,82.7439523572813,0.848454874450002
6153,150.909148,-29.3854103,1807654.36736476,-3328428.89767897,31,0.174747666894326,97.4344093213563,0.174747666894326
6154,150.9185631,-29.4238663,1807911.5331267,-3332827.5891306,33,3.31860245481034,84.5162803819063,3.31860245481034
6158,150.9199088,-29.43873796,1807793.10686706,-3334496.13572717,13,-13.5933335726573,84.0851264001468,13.5933335726573
6159,150.9205977,-29.43578942,1807907.24073269,-3334178.84556948,12,-15.660769041914,84.0851264001468,15.660769041914
6160,150.918972,-29.44575163,1807588.20116757,-3335260.80363269,16,-12.922363412607,83.19527551469,12.922363412607
6167,150.6536107,-29.6746274,1778682.25982281,-3356924.48931789,41,7.44710480199765,79.86588848382,7.44710480199765
6168,150.7062123,-29.61304899,1784669.55648248,-3350826.9129047,17,-15.929545995966,63.0438785968725,15.929545995966
6169,150.7135713,-29.61954519,1785260.29616567,-3351650.36797666,33,-1.036296875868,66.6281086871093,1.036296875868
6174,149.7482639,-30.61321581,1678355.80546704,-3448819.54466664,33,6.18436375492159,148.012404626369,6.18436375492159
6175,149.7598856,-30.66334772,1678669.34824612,-3454535.37210749,16.7006853,-12.1219456199557,114.495957865771,12.1219456199557
6176,149.7525096,-30.69202117,1677531.66268461,-3457620.2593504,43,14.0099305449099,109.644570858216,14.0099305449099
6177,149.7591237,-30.68718205,1678227.76277861,-3457170.1542501,50,21.4795006258827,109.644570858216,21.4795006258827
6178,149.7595756,-30.61131672,1679448.08011962,-3448757.45050262,34.19664134,6.98698472131093,158.067680140035,6.98698472131093
6179,149.7586358,-30.64653649,1678812.97553878,-3452653.4459568,45.33043154,17.487634731879,111.198567344446,17.487634731879
6180,151.0862302,-30.11177146,1812335.41579937,-3411480.88010944,37,-0.963918059381342,95.4273466914583,0.963918059381342
6181,151.0925432,-30.09591256,1813195.08811688,-3409812.51536876,47,1.89168228971501,85.364500463504,1.89168228971501
6191,150.9963578,-30.01440344,1805481.72490472,-3399414.30768627,65,9.32925966031399,132.081765057985,9.32925966031399
6192,150.9931074,-30.02137282,1805059.34842571,-3400141.05784626,65,10.6509986122197,135.530787039841,10.6509986122197
6195,151.0066715,-30.10603168,1804932.21621842,-3409718.29216732,61,24.5046911272847,103.416933358392,24.5046911272847
6204,149.1635451,-30.37131133,1627031.98183613,-3414399.15367431,7,-12.774134109922,84.0822610187227,12.774134109922
6205,149.2592802,-30.3637371,1636166.47645421,-3414780.61404624,13,-6.02064820899127,101.241489458686,6.02064820899127
6206,149.2727354,-30.49051264,1635519.17919131,-3429031.11772899,33.40137061,12.3134497292628,96.0903734866041,12.3134497292628
6207,149.2981745,-30.49021988,1637917.65568261,-3429324.5176992,8,-9.92101347105501,90.6892618188693,9.92101347105501
6208,149.2241212,-30.37023992,1632755.70908207,-3415052.983916,13,-7.89874555773817,89.9110595348789,7.89874555773817
6210,149.2601433,-30.41432775,1635484.11089615,-3420409.88661898,8,-7.92396754451083,115.708518918416,7.92396754451083
6217,149.2326717,-30.37431575,1633499.90076501,-3415614.93919161,25,5.45344425226901,89.8933567834543,5.45344425226901
6225,149.2684029,-30.50309949,1634921.36789866,-3430373.32569207,23,1.87549176493682,94.3277025229005,1.87549176493682
6229,151.4158904,-29.73828104,1849738.21951018,-3374807.59331101,24,-15.4980569223527,116.870922974911,15.4980569223527
6231,151.4301843,-29.76648657,1850610.34821638,-3378140.6293667,25,-13.3545259276817,118.321975024391,13.3545259276817
6237,150.7735653,-29.29468182,1796276.69829756,-3316451.94833465,10,-6.74148831971446,117.233992572536,6.74148831971446
6238,150.7736187,-29.29459249,1796283.23774727,-3316442.78871558,22,5.25851168028554,117.233992572536,5.25851168028554
6242,150.7511188,-29.28009609,1794383.67562617,-3314518.31695704,28,-3.57693145253776,136.720209302902,3.57693145253776
6244,150.7666827,-29.2727969,1795982.15398883,-3313927.20970479,25,-4.58510186340098,117.233992572536,4.58510186340098
6245,150.8075192,-29.30479815,1799335.54582707,-3318052.05471204,38,7.52834899526567,82.238444990844,7.52834899526567
6246,150.7828408,-29.29553089,1797143.83734969,-3316676.5924533,30,-6.74372282663235,117.233992572536,6.74372282663235
6249,150.7830826,-29.29862945,1797115.89837999,-3317023.74976207,41,4.60272886752065,117.233992572536,4.60272886752065
6251,150.7602199,-29.2817918,1795220.50960937,-3314834.30585068,28,-1.889350232765,117.233992572536,1.889350232765
6253,150.7798241,-29.30508915,1796700.27221337,-3317694.56069625,29,-3.59070089899232,117.233992572536,3.59070089899232
6254,150.7693041,-29.27670211,1796167.10187398,-3314397.32103444,10,-19.0984186577917,117.233992572536,19.0984186577917
6260,150.8185442,-29.28685341,1800678.05597334,-3316216.65988065,35,3.313033014503,82.238444990844,3.313033014503
6264,150.7580338,-29.27391558,1795142.05217237,-3313929.76372503,27,-3.12992329346567,117.233992572536,3.12992329346567
6266,150.7747185,-29.29845419,1796324.29199626,-3316886.67596712,19,-13.4186665437371,117.233992572536,13.4186665437371
6269,150.7303686,-29.28029535,1792408.98138835,-3314249.13927119,16,-17.9623405804237,136.720209302902,17.9623405804237
6271,150.8211193,-29.30467803,1800629.23617078,-3318230.34421148,25,-3.14315666280165,82.238444990844,3.14315666280165
6272,150.8017401,-29.24974968,1799691.96432939,-3311863.6451101,27,0.505419382123662,82.238444990844,0.505419382123662
6274,146.536212,-31.65438214,1362828.76830593,-3526271.41526064,15,-14.270529488192,141.168962062942,14.270529488192
6277,146.5391809,-31.65336437,1363118.84868553,-3526189.90675005,34,-7.73432081265466,141.168962062942,7.73432081265466
6279,146.5335657,-31.65416499,1362584.49730968,-3526219.04000038,39,6.47346845820366,141.168962062942,6.47346845820366
6281,146.5371571,-31.66586176,1362771.1000047,-3527558.09483724,19,-9.97865961208451,145.850207060533,9.97865961208451
6284,146.5464603,-31.6573602,1363747.56170439,-3526711.95266567,26,0.307701724571746,141.168962062942,0.307701724571746
6287,147.6484039,-31.37441165,1470427.38410448,-3507479.87000477,18,6.04916137444449,78.340965378251,6.04916137444449
6294,141.2529486,-33.04710898,857346.443257939,-3635454.26538428,13.06394529,-2.66479016251592,17.0323438977637,2.66479016251592
6295,141.2635009,-33.04793506,858315.785082444,-3635617.15228048,16.32993162,1.06909896066676,16.1949295872655,1.06909896066676
6296,141.2426749,-33.04627244,856402.934165624,-3635292.16007755,13.06394529,-3.70947333158212,27.1359588796551,3.70947333158212
6297,141.2632238,-32.98349448,858811.641963881,-3628435.70069404,17.96292478,4.05321588322281,12.3989898335754,4.05321588322281
6302,141.2243353,-33.04489056,854717.725501087,-3635015.38696476,11.43095213,-6.48650867670504,27.1441976826406,6.48650867670504
6305,141.221555,-33.01238632,854722.407619659,-3631375.35182999,13.88044188,-0.0192407864800046,26.2465145999398,0.0192407864800046
6307,151.7129756,-28.35095256,1901732.55915787,-3225388.57894362,30.26373149,-10.2947960381334,117.793438567333,10.2947960381334
6308,151.7037021,-28.37499644,1900430.68486447,-3227915.85244949,26.48076505,-12.328030725708,117.793438567333,12.328030725708
6312,147.8422404,-31.34925663,1488897.03447185,-3506929.66516999,13,0.502022242711273,49.6249612116115,0.502022242711273
6325,149.3490083,-30.41016082,1643916.04183686,-3421087.71997889,17,-4.37279869073334,119.213978627637,4.37279869073334
6331,150.679464,-29.79311558,1779194.28952162,-3370428.40230028,33,-6.40035771478135,146.557180555305,6.40035771478135
6337,150.6122593,-29.7928118,1772843.50911084,-3369460.44654238,13,-21.4463651317747,158.609118380939,21.4463651317747
6338,150.682555,-29.84982284,1778560.14607398,-3376761.55221418,35,7.13268084655035,118.495886146591,7.13268084655035
6341,150.6040622,-29.84840225,1771163.83056124,-3375513.50224084,34,2.62847514119601,126.757283282586,2.62847514119601
6343,150.6081949,-29.88640052,1770936.1642056,-3379785.89776548,39,6.38947436223432,76.4793740277409,6.38947436223432
6346,150.594299,-29.83092283,1770525.14583779,-3373439.15136971,40,6.50398310729101,130.958245593467,6.50398310729101
6348,150.5927308,-29.8790108,1769595.00861808,-3378751.88672222,47,14.1078011061227,86.9709736288436,14.1078011061227
6355,150.5883119,-29.84886406,1769667.4474994,-3375346.46676901,33,-2.34551126603034,130.151125572249,2.34551126603034
6357,149.1323262,-30.64109675,1620048.17831039,-3443963.41617177,24,-1.04646320620984,89.8045189967315,1.04646320620984
6358,149.1188771,-30.69456584,1617983.65910917,-3449730.29691866,21.47230968,-5.38465978603535,112.083919780665,5.38465978603535
6360,149.146991,-30.65463884,1621223.51434164,-3445653.19137372,2,-28.3941751601463,95.2982232961505,28.3941751601463
6361,149.1381092,-30.68294772,1619964.56634618,-3448683.94226999,37,9.70895833234236,114.920168585788,9.70895833234236
6363,149.1537864,-30.66794,1621662.63367394,-3447216.3950058,20,-5.62206174277733,102.534811425982,5.62206174277733
6367,151.5497078,-29.23869139,1870927.16849274,-3321382.52285445,60,18.28623692198,454.790645558401,18.28623692198
6370,151.5241462,-29.23897113,1868495.20772941,-3321039.43537986,90,37.644463797958,520.582632529681,37.644463797958
6371,151.5066494,-29.24007628,1866814.9202965,-3320906.15350579,56,3.32859902883632,527.489910835236,3.32859902883632
6375,151.5830398,-29.22479969,1874329.95856901,-3320331.33064893,60,21.286637888615,342.4828900228,21.286637888615
6378,151.5399855,-29.27340935,1869410.78750584,-3325088.4311964,105,53.3100396118573,429.365186125138,53.3100396118573
6381,151.502642,-29.25280554,1866217.3008099,-3322258.62404743,41,-11.7582915828227,474.151492122501,11.7582915828227
6382,151.5774836,-29.25535961,1873279.16797625,-3323637.05750902,55,2.40641701125199,355.285449383446,2.40641701125199
6384,151.533874,-29.24007984,1869399.97252393,-3321304.63955853,73,21.9518716114527,472.35928555879,21.9518716114527
6385,151.5094252,-29.2395207,1867087.97874857,-3320885.13238603,89,36.3248531293777,527.489910835236,36.3248531293777
6390,151.5463656,-29.28730374,1869778.92531599,-3326721.87550974,72,21.2326512142903,360.841052172182,21.2326512142903
6393,151.5080407,-29.24063325,1866937.53189723,-3320988.22359357,78,23.483926415862,527.489910835236,23.483926415862
6394,151.5433139,-29.27312984,1869731.50813134,-3325106.15732133,63,13.773710236342,392.887929887019,13.773710236342
6395,151.5510899,-29.27202324,1870488.55021174,-3325097.32649543,78,28.1912825630353,347.377147177705,28.1912825630353
6398,151.5632559,-29.28048899,1871498.56326427,-3326213.84208814,45,8.0225773484265,335.932076983676,8.0225773484265
6399,151.5824781,-29.23869095,1874038.74851018,-3321862.77981745,63,10.4599229897447,398.286373870133,10.4599229897447
6402,151.5652227,-29.27453617,1871787.08538257,-3325582.85159367,39,-0.462767705989478,320.208287318629,0.462767705989478
6403,151.5822056,-29.23979803,1873993.91784065,-3321981.48956929,33,-13.582135919303,398.286373870133,13.582135919303
6405,141.4621101,-33.11016502,876170.410484057,-3643897.52038226,9.797958971,-1.29219936153584,51.3728773071818,1.29219936153584
6407,141.4662774,-33.07932775,876810.563969372,-3640491.26620716,8.98146239,-1.9692076103204,52.3396462983925,1.9692076103204
6412,141.4118401,-33.11655607,871471.427642059,-3644265.54753801,8.164965809,-2.03451232390324,49.5755761478118,2.03451232390324
6413,141.4640616,-33.03682392,876957.083645709,-3635741.42329035,14.69693846,4.46606578091533,51.4437591789949,4.46606578091533
6414,141.4146097,-32.98710688,872792.002964379,-3629864.12000732,10.61445555,-2.46906455294908,48.5084772506881,2.46906455294908
6415,141.4790557,-32.99349723,878702.692732909,-3631017.81890914,4.082482905,-7.4298271624247,51.4437591789949,7.4298271624247
6416,141.4048866,-32.97905658,871958.387165109,-3628900.83481546,7.348469228,-6.46782964233865,15.8369992241546,6.46782964233865
6419,141.4046092,-32.98627373,871873.416854472,-3629703.01386064,14.69693846,0.722667918551556,15.8369992241546,0.722667918551556
6420,141.399336,-33.01793386,871125.462497876,-3633194.2288045,16.32993162,3.99377762693361,48.0319418863693,3.99377762693361
6421,141.4998835,-33.08988643,879829.972821098,-3641898.40635793,9.797958971,-2.62113584287659,51.3037110188584,2.62113584287659
6427,141.4351649,-33.04266487,874236.198686247,-3636194.04264589,13.88044188,2.03828270309918,51.4437591789949,2.03828270309918
6430,141.4815594,-33.07405604,878267.116620786,-3640009.02595433,9.797958971,-7.29126881202216,52.8908857687286,7.29126881202216
6431,151.1122393,-29.98419731,1816918.18373864,-3397708.46769118,27,-7.22527256685327,112.417755740729,7.22527256685327
6433,151.2507188,-30.06590486,1828608.39847907,-3408740.93861653,15,-11.215794967936,87.6669776743839,11.215794967936
6440,140.43837,-33.0631,781867.596347513,-3632010.31117358,15.65247584,-0.590009452661432,14.4451963168936,0.590009452661432
6449,150.0423489,-29.99937856,1715666.12228048,-3384600.54399874,33,-11.264877030143,174.42149810466,11.264877030143
6451,150.0280719,-29.93397924,1715348.72345182,-3377149.94572666,9,-22.0541452290181,107.547979991774,22.0541452290181
6452,149.6468915,-30.39578331,1672185.79891299,-3423357.50009341,26,2.73955170795731,83.6590014195048,2.73955170795731
6457,149.7250289,-30.46057342,1678538.30755225,-3431573.75408748,20,-9.641798302595,81.9634282728526,9.641798302595
6458,149.7503213,-30.46220683,1680892.69421552,-3432087.5852885,28.62974624,-1.81995620962932,128.740547183026,1.81995620962932
6460,149.7741034,-30.48177871,1682826.06848078,-3434572.84958452,23.85812186,-12.033527903727,150.053183252045,12.033527903727
6461,149.766408,-30.48766021,1682010.81886037,-3435124.25319204,31,-3.83585574141935,150.049085644335,3.83585574141935
6462,144.15657,-32.61116,1130299.25437227,-3609496.67428545,9,-3.97902514690183,32.7729166717586,3.97902514690183
6464,150.6897608,-30.22600914,1773093.81041727,-3418583.00647154,35,-8.34981278818133,117.078545573369,8.34981278818133
6467,150.5867386,-30.2603768,1762830.90270894,-3420968.55247214,54,14.6066190604534,108.298063472011,14.6066190604534
6469,150.5910771,-30.25206788,1763374.51950809,-3420106.95860816,43,4.193686531966,110.33617724047,4.193686531966
6472,148.1936496,-31.30034963,1522440.58820419,-3505637.9110194,20,5.88451839357851,100.75611643263,5.88451839357851
6474,148.154419,-31.2858942,1518976.17189746,-3503565.2143078,12,-2.55615031968187,39.8268239569729,2.55615031968187
6475,148.1918076,-31.30175611,1522248.43422961,-3505772.19072823,20,3.96854010403411,40.0807527827947,3.96854010403411
6476,148.1440486,-31.26922412,1518241.51740699,-3501590.1348826,14,-1.7530812853605,39.8268239569729,1.7530812853605
6481,150.2081141,-29.86374458,1733482.4125388,-3371784.90656054,21,-18.2311533435503,138.541857210718,18.2311533435503
6487,150.1797647,-29.84632961,1731078.60438022,-3369467.76608517,20,-13.8391329628766,84.2270625013612,13.8391329628766
6492,150.1256724,-29.83022676,1726217.87923351,-3366948.62731642,17,-11.5711160658057,73.8486092537349,11.5711160658057
6500,150.1215707,-29.82074173,1725980.21319582,-3365840.44292179,30,1.56022781012301,75.1072527087729,1.56022781012301
6501,150.1298557,-29.83188711,1726587.27378907,-3367189.44232782,26,-0.834355227634013,73.8486092537349,0.834355227634013
6503,150.1645778,-29.8287976,1729920.8082222,-3367316.2536594,23,-11.6829006761817,80.1405145434754,11.6829006761817
6507,150.1582905,-29.84552829,1729060.35206569,-3369088.02751799,35,-0.144457591708665,82.6253215072311,0.144457591708665
6508,150.1614715,-29.84316157,1729398.8034951,-3368868.40944744,29,-3.83958076770933,82.6253215072311,3.83958076770933
6509,150.1101176,-29.87577791,1724024.90989775,-3371794.36516493,37,1.75236842803466,68.9418232304173,1.75236842803466
6510,150.1261906,-29.83242287,1726232.08138971,-3367199.37928345,21,-8.77178020738899,73.8486092537349,8.77178020738899
6511,150.125555,-29.82283078,1726324.02730349,-3366126.14547148,39,10.5773429563497,75.1072527087728,10.5773429563497
6512,150.1644424,-29.84676097,1729622.60948888,-3369308.11215192,36,4.37077595280499,82.6253215072311,4.37077595280499
6513,150.1385421,-29.80047488,1727907.3116504,-3363820.38289594,26,-6.61990981371734,70.0155100228309,6.61990981371734
6516,150.1077634,-29.87989305,1723737.12601944,-3372219.34050066,22,-14.0779435689577,68.5719269140476,14.0779435689577
6518,150.1562005,-29.851003,1728775.74176338,-3369667.36348293,48,22.2317884726583,82.2620897242318,22.2317884726583
6519,150.1632937,-29.84633727,1729520.69899412,-3369245.53616424,24,-4.71329115925733,82.6253215072311,4.71329115925733
6520,150.1230549,-29.8017327,1726421.95070229,-3363750.61675933,42,10.2355900565603,70.015510022831,10.2355900565603
6528,150.1595912,-29.84489789,1729193.3841766,-3369035.66600091,39,7.179891933338,82.6253215072311,7.179891933338
6533,150.1552502,-29.84985512,1728704.09465395,-3369527.10496235,32,3.454291506672,82.2620897242318,3.454291506672
6538,150.1683195,-29.84539214,1730011.0476478,-3369208.68763859,27,5.96860371596934,82.6253215072311,5.96860371596934
6540,150.1268468,-29.7949788,1726887.82797029,-3363052.22209803,40,6.71221381089068,65.0533801532062,6.71221381089068
6541,150.1594537,-29.84865594,1729120.69051664,-3369450.89779982,28,-0.0818860755450075,82.6253215072311,0.0818860755450075
6543,150.2498119,-29.88012512,1737163.74233912,-3374169.14154499,30,-8.82813526454102,138.632491004126,8.82813526454102
6551,150.2460115,-29.87501499,1736885.99954872,-3373550.38144568,30,-9.04640619835001,138.632491004126,9.04640619835001
6554,150.2502103,-29.85618671,1737583.50170139,-3371518.02474574,41,7.79721800958366,140.044918076009,7.79721800958366
6561,150.0615039,-30.19914386,1714320.11735167,-3407027.84749924,27,-14.4981089566984,101.759955889681,14.4981089566984
6566,150.0370869,-30.21881289,1711707.75640502,-3408883.17558976,31,-5.39405567706296,120.9168614832,5.39405567706296
6568,150.095737,-30.21531092,1717291.81509769,-3409281.65490756,38,2.70818621039666,94.5373222440732,2.70818621039666
6570,150.0380033,-30.17784542,1712440.34976134,-3404349.09407836,33,-1.94403862796801,103.493061659469,1.94403862796801
6574,150.0363228,-30.17850184,1712271.5193257,-3404399.41702284,26,-11.5431030107873,103.493061659469,11.5431030107873
6576,150.0382182,-30.09810987,1713718.40595372,-3395502.943887,36,5.55207480963032,82.6116772097954,5.55207480963032
6577,150.0615459,-30.15579325,1715008.77130329,-3402217.63449845,37,3.11196405156932,94.8719624541608,3.11196405156932
6581,150.0355047,-30.10249468,1713393.16542469,-3395953.18736719,14,-15.539870599156,132.998040592699,15.539870599156
6582,150.0891169,-30.14529739,1717775.26167432,-3401423.28022764,21,-12.9013933405907,71.6531130439666,12.9013933405907
6586,150.0672201,-30.20489043,1714768.26325518,-3407742.26612925,44,0.732463706095309,94.2942599066444,0.732463706095309
6589,150.0977774,-30.14649942,1718573.14760927,-3401673.14641854,36,5.23022986568032,95.2392680551819,5.23022986568032
6595,150.0969188,-30.14782419,1718471.19560909,-3401808.60883798,33,1.01914063756233,95.2392680551819,1.01914063756233
6596,150.094006,-30.14877877,1718181.3459412,-3401875.36292577,34,0.293970620500993,86.4646822704887,0.293970620500993
6603,150.0841855,-30.14432206,1717325.52363444,-3401248.74690963,47,13.8324331490437,71.5121141920004,13.8324331490437
6606,150.0933505,-30.14353347,1718202.51014461,-3401284.46440861,28,-1.30226920359967,71.6531130439666,1.30226920359967
6613,151.0448236,-29.66807887,1815820.86993843,-3361701.72232632,29,-9.00347795450035,55.8828088345016,9.00347795450035
6615,151.0092621,-29.574746,1814006.83487975,-3350846.77021851,44,5.840863215167,56.2832849523882,5.840863215167
6616,150.9806834,-29.60112838,1810861.84124832,-3353367.06113278,32,-1.14959683429533,59.7359374685905,1.14959683429533
6617,150.9889538,-29.60264344,1811619.90661285,-3353652.33009618,31,-5.430600470122,59.7359374685905,5.430600470122
6627,151.0484631,-29.66170046,1816271.54476093,-3361046.18394949,37,-0.860736577756676,53.2690895864869,0.860736577756676
6628,151.0626234,-29.5563899,1819367.1727044,-3349570.00338379,25,-8.78193228916433,45.2185316656833,8.78193228916433
6629,144.24879,-32.65995,1138325.46675063,-3615744.21646928,9,-7.06710722989551,33.2313083962147,7.06710722989551
6634,151.1434662,-29.89215423,1821405.02137398,-3387949.55275703,30,-4.16269241003501,123.968561847662,4.16269241003501
6635,151.1483994,-29.89807006,1821771.83363656,-3388675.70426478,41,6.63766003818733,123.76565008617,6.63766003818733
6638,151.1528915,-29.90299577,1822113.52349755,-3389285.81202128,38,6.99177777217767,123.76565008617,6.99177777217767
6639,151.1645741,-29.84492871,1824189.53685145,-3383015.39077995,17,-16.3435379453985,92.1916381978178,16.3435379453985
6640,151.1506778,-29.90342489,1821897.31790667,-3389301.81150203,48,16.3384980151023,123.76565008617,16.3384980151023
6642,151.1525621,-29.89077524,1822287.04999602,-3387926.39285906,35,3.969186430424,128.696175047025,3.969186430424
6644,151.1110397,-29.92083538,1817863.64887495,-3390667.25765223,18,-13.705377873714,66.1481432045974,13.705377873714
6647,151.1561176,-29.85567383,1823210.68144054,-3384085.8622892,14,-18.6115836325415,85.3915186885341,18.6115836325415
6648,151.1129403,-29.91616202,1818121.17752737,-3390176.21523149,19,-14.680020912594,66.1481432045974,14.680020912594
6649,151.1928086,-29.84464098,1826861.646178,-3383386.94200823,33,-3.275375473621,96.8237730295888,3.275375473621
6651,151.1910894,-29.84240691,1826736.7221744,-3383114.70162185,43,3.16841553847565,92.1916381978178,3.16841553847565
6653,151.193061,-29.84350822,1826904.49793079,-3383264.97963683,47,10.3268765559623,96.8237730295888,10.3268765559623
6654,146.6817192,-31.75917336,1375065.96867944,-3539482.51830181,11,-5.832284015217,144.049711771638,5.832284015217
6657,146.6696301,-31.75579537,1373982.02038555,-3538976.89276156,13,-2.86589265016599,144.049711771638,2.86589265016599
6658,139.86825,-33.04028,729268.545726593,-3626094.69603758,7.155417528,-6.66249967909873,15.5007797341871,6.66249967909873
6661,141.0035019,-33.07516554,834051.701270025,-3636928.90764148,12.24744871,-3.30677146911835,20.1140968028463,3.30677146911835
6666,141.0140624,-33.12127627,834665.284099761,-3642135.26876607,21.2289111,4.22786131233157,18.8463880991865,4.22786131233157
6667,140.92959,-32.98677,827905.574409373,-3626598.26374324,16.99411663,0.483114135331711,20.4771623161969,0.483114135331711
6670,141.3107238,-33.04488584,862708.325304402,-3635595.5232133,20.41241452,6.93856299726412,13.8053759919802,6.93856299726412
6677,141.3307186,-32.9843263,865051.346383757,-3628983.74845094,11.43095213,-2.31676980308448,11.4237534757276,2.31676980308448
6680,141.319606,-32.98349829,864029.667729178,-3628816.29427017,11.43095213,-2.72710340373109,13.1949746486275,2.72710340373109
6687,141.3321116,-33.0390578,864734.054843175,-3635090.84487294,17.96292478,3.86187015654938,46.7770211536399,3.86187015654938
6691,141.2679479,-33.04155728,858778.73795021,-3634936.49859291,9.797958971,-1.91337313652431,13.8132122742746,1.91337313652431
6693,141.274886,-33.05822066,859285.490498687,-3636839.56930195,13.06394529,0.955535901326261,13.3826136326557,0.955535901326261
6696,141.3090594,-33.00682435,862863.90871017,-3631343.88163623,12.24744871,-3.88104612920916,14.0925057751342,3.88104612920916
6702,149.7334333,-30.36513901,1680808.92590561,-3421091.58628888,30,8.92305792820183,82.8318942877949,8.92305792820183
6706,150.9835675,-29.36197998,1815105.31176735,-3326885.26572951,32,-4.20881000233781,100.931483963909,4.20881000233781
6715,141.0543451,-33.11932593,838404.489040022,-3642181.75250207,18.77942136,3.89178874855946,24.3563571897364,3.89178874855946
6716,141.0348945,-33.07710913,836939.616463982,-3637350.75920459,17.96292478,2.05178865697611,20.1949712116533,2.05178865697611
6717,141.0701674,-33.06599939,840289.636811624,-3636344.48744288,15.51343504,-0.89308566186242,20.8262375382338,0.89308566186242
6718,141.063782,-33.10988633,839351.586645791,-3641192.07102679,18.77942136,3.74409516757674,20.9590535602765,3.74409516757674
6720,141.0668406,-33.11517058,839592.501802666,-3641800.8764499,17.1464282,2.95412945286156,24.3563571897364,2.95412945286156
6721,141.0721079,-33.10739222,840141.075610095,-3640968.93243628,12.24744871,-2.03735578098521,21.1234285211938,2.03735578098521
6723,148.9327102,-30.90267187,1597410.78498838,-3470495.71712701,9,-19.7758661434388,63.4159979392942,19.7758661434388
6726,149.7688942,-30.4239166,1683235.04312946,-3428082.37317998,46,15.3923445508443,92.0525563927005,15.3923445508443
6730,148.2803111,-31.2491013,1531273.33904526,-3500981.15600583,5,-7.6009196474858,79.2866054280155,7.6009196474858
6732,148.1990935,-31.21321927,1524183.49988193,-3496024.11553761,17,0.138428832121807,16.1346336065147,0.138428832121807
6733,148.1707134,-31.18886854,1521871.73570323,-3492980.63717787,8,-6.71746387695881,17.093786775043,6.71746387695881
6736,147.7401476,-31.50202218,1477248.8952398,-3522717.73060952,23,1.64987045420733,71.9122813573176,1.64987045420733
6738,148.0279972,-31.33680556,1506438.26070908,-3507723.94422215,12,-0.288045350592299,40.6579455890557,0.288045350592299
6740,146.7479977,-31.81476238,1380529.41020882,-3546377.14582938,15,2.30244236645511,128.746684464993,2.30244236645511
6746,146.712208,-31.78521145,1377574.04521764,-3542705.73503894,14,-1.49113079400981,77.8274458209012,1.49113079400981
6752,146.7318968,-31.76676823,1379646.91163283,-3540867.84604652,24,9.52794290989833,126.374861288901,9.52794290989833
6757,146.7499743,-31.8026948,1380869.18392591,-3545057.03181618,10,-3.37244922828013,128.746684464993,3.37244922828013
6762,149.3479762,-30.51380396,1642246.48809473,-3432582.50635707,30,4.371742244419,82.8429432471066,4.371742244419
6766,149.3701053,-30.54730976,1643819.49571699,-3436587.1782827,10,-23.520882100824,93.0690225570595,23.520882100824
6768,149.3546703,-30.53951684,1642486.06754587,-3435523.44013412,23,-9.66215079883695,93.0690225570595,9.66215079883695
6778,150.7924613,-30.36628664,1780462.3971264,-3435565.03672543,50,9.79710966713301,128.345673042558,9.79710966713301
6784,151.1345441,-29.11185636,1833619.01077871,-3301300.59926577,17,-8.22993704771366,49.3152834056377,8.22993704771366
6787,151.1311967,-29.09144965,1833642.10436458,-3298989.36457858,7,-16.6900612645849,46.1217225977775,16.6900612645849
6789,151.1267675,-29.04666833,1833969.92501051,-3293959.26452627,13,-14.1654591146265,61.6613276791619,14.1654591146265
6794,150.1075617,-30.47258902,1714333.16098427,-3437986.64225346,26,2.89504608583333,64.9229508163915,2.89504608583333
6805,150.8448414,-29.89615571,1793134.45231387,-3384168.79138613,29,-9.18762217728633,105.162549069993,9.18762217728633
6807,150.8278072,-29.90198374,1791429.41598508,-3384576.13085407,23,-9.542398529983,93.7751299520761,9.542398529983
6809,150.9181547,-29.92567073,1799571.22372941,-3388472.57141302,51,6.14995336044597,143.895257849226,6.14995336044597
6816,150.8509408,-29.90238088,1793607.9994437,-3384944.75576165,42,4.97452299330566,99.3650412969316,4.97452299330566
6817,150.8379513,-29.8982983,1792448.30914691,-3384309.70884726,37,2.18803485510664,107.122029389791,2.18803485510664
6821,150.8365018,-29.90164856,1792256.20886157,-3384660.90664459,30,-7.09474245989436,107.122029389791,7.09474245989436
6822,150.8370126,-29.9027029,1792287.09198147,-3384784.99558105,51,14.7123894152296,107.122029389791,14.7123894152296
6825,150.8386719,-29.89609082,1792552.73940602,-3384075.0164463,46,9.21227846136132,107.122029389791,9.21227846136132
6829,150.8473118,-29.90164506,1793277.34638492,-3384812.21270459,27,-8.319354354872,98.8599654906542,8.319354354872
6830,150.9148777,-29.90375902,1799624.16415802,-3385996.71682914,57,17.6681565852277,133.374597723601,17.6681565852277
6833,147.0385917,-31.74522222,1408520.75883899,-3541819.53648807,14,-8.23728903538041,101.366076966328,8.23728903538041
6835,147.0086222,-31.82011398,1404744.37690405,-3549812.98256123,53,30.5793135467304,122.21132902063,30.5793135467304
6836,142.9138811,-33.08934716,1010494.22431989,-3652299.50140941,12.72433166,-1.60958551025946,17.7290958492078,1.60958551025946
6838,146.7931216,-31.7827343,1385148.6014555,-3543305.23794624,14,-0.370508375340629,122.973901326569,0.370508375340629
6839,146.8185263,-31.74887701,1387955.21306003,-3539817.2493172,10,-3.80928048664304,110.981014221234,3.80928048664304
6841,150.496922,-30.18778369,1755546.10226268,-3411680.50496091,34,-9.18547893321766,146.708791381392,9.18547893321766
6844,150.5150099,-30.19395487,1757150.89924622,-3412613.66064822,42,-1.17312897199768,181.936159924125,1.17312897199768
6847,150.5117564,-30.19161106,1756882.22771229,-3412308.94974476,38,-4.695610380755,146.708791381392,4.695610380755
6848,150.5773367,-30.20738052,1762806.23164666,-3414961.33524975,25,-15.7559661246213,177.19378424563,15.7559661246213
6850,151.1576015,-30.2568103,1816632.92720194,-3428570.39086007,40,6.99857049189266,145.204405745084,6.99857049189266
6852,151.1725642,-30.26505637,1817902.9266447,-3429697.10905321,52,21.6282095592453,151.833372262061,21.6282095592453
6856,149.4240763,-30.50149591,1649593.41189105,-3432196.40636919,26,0.366696738090827,92.378669205697,0.366696738090827
6858,149.4032292,-30.51109154,1647485.95085559,-3432992.74003504,24,-13.2883961298587,102.277622094468,13.2883961298587
6863,149.4378606,-30.52541205,1650525.62313698,-3435029.63092065,26,-14.1495664804245,87.7220591067943,14.1495664804245
6864,149.4136279,-30.53181659,1648148.6630494,-3435427.81718706,27,-1.97219675821966,100.298536364896,1.97219675821966
6868,149.3998298,-30.50078118,1647323.01348972,-3431804.19655949,13,-15.813407336475,94.6120565198648,15.813407336475
6870,149.400624,-30.52631124,1647009.27347036,-3434648.89854834,42,11.7336033692773,100.298536364896,11.7336033692773
6874,149.4456739,-30.58477836,1650354.95566445,-3441721.15662443,25.44866332,-9.59695152549289,94.9105511418593,9.59695152549289
6875,149.421971,-30.50985146,1649268.03969237,-3433096.87950933,13,-19.348005881306,94.4896062321378,19.348005881306
6878,147.8585419,-31.40779298,1489609.73512619,-3513623.4294008,13,-0.666621212676867,56.7646134323413,0.666621212676867
6879,147.8641321,-31.44384397,1489632.20639086,-3517693.83157403,20,5.57956953532743,56.8899247389563,5.57956953532743
6883,149.6033787,-30.41883561,1667733.91263535,-3425347.69593782,9,-12.5603939315947,68.8765459282299,12.5603939315947
6887,149.6065572,-30.41548005,1668084.79596315,-3425016.69586399,11,-9.96415664011873,73.8330608854412,9.96415664011873
6890,149.5892705,-30.42372686,1666330.53660032,-3425706.57913867,14,-4.56783195405267,68.8765459282299,4.56783195405267
6893,149.5995881,-30.41835198,1667384.51137411,-3425244.53098289,16,-4.95176890952434,68.8765459282299,4.95176890952434
6895,148.39645,-31.31436111,1541201.84483512,-3509625.7335942,24,7.49904735672063,97.9860555409599,7.49904735672063
6897,149.2876447,-30.52271614,1636435.43721283,-3432797.89623747,13,-14.452054327189,96.7333953947,14.452054327189
6904,149.2047107,-30.60035211,1627464.55714403,-3440359.05943274,41,12.2504836664763,90.2147513862982,12.2504836664763
6908,149.1668308,-30.58417425,1624145.81565114,-3438080.57576736,26,0.666955121450318,88.8746631185954,0.666955121450318
6909,149.2039996,-30.5809159,1627690.09872662,-3438191.79624066,34,6.98708309588302,89.5861951189212,6.98708309588302
6910,149.1877831,-30.58118959,1626160.99581057,-3438015.67588546,26,0.254619834984833,95.2414469760183,0.254619834984833
6913,149.2521082,-30.59281982,1632034.46425483,-3440127.33530057,17,-8.86110229218865,103.027924341388,8.86110229218865
6917,149.5751008,-30.3989584,1665377.30750232,-3422772.2163044,20,-2.59216280510718,77.9931155329703,2.59216280510718
6921,149.5610462,-30.45522103,1663189.93025769,-3428834.9745209,17,-6.798253941244,84.3891956834587,6.798253941244
6922,149.5445943,-30.47474583,1661342.05467622,-3430788.37716188,34,7.80181101336351,72.2376776900819,7.80181101336351
6924,149.5690765,-30.39459436,1664877.11052694,-3422209.2252459,24,1.66127408624932,77.9931155329703,1.66127408624932
6928,149.5665261,-30.39852296,1664576.60549141,-3422612.12633313,20,-2.34255278756801,77.9931155329703,2.34255278756801
6929,149.5786173,-30.31653265,1666975.51727597,-3413667.37656181,27,4.97448914663266,80.686336492113,4.97448914663266
6930,149.5605601,-30.48000724,1662763.57642863,-3431580.15327817,16.7006853,-10.5800286171862,63.8858809500645,10.5800286171862
6933,149.587049,-30.4061813,1666391.24994957,-3423729.85208656,28,6.04584829133283,77.9931155329704,6.04584829133283
6934,149.5627998,-30.4056405,1664116.42099306,-3423353.73576857,32,12.0069223726323,77.9931155329703,12.0069223726323
6935,149.579019,-30.3318581,1666777.76581348,-3415374.05248159,42,21.8559647677785,74.2305835961385,21.8559647677785
6936,149.5215649,-30.5056076,1658702.19660757,-3433915.12956121,35,7.675066477205,71.5196369504527,7.675066477205
6940,150.9971562,-29.86322702,1808067.99180919,-3382664.1473761,47,3.37023108221767,78.7834783108153,3.37023108221767
6945,150.1951739,-29.92938504,1731214.23163572,-3378894.06996343,33,-0.630677720420643,143.258597211691,0.630677720420643
6947,150.1655462,-29.92649362,1728460.2245733,-3378172.0208715,31,-1.72134476156632,132.236198543195,1.72134476156632
6956,150.2554498,-29.88824495,1737567.10502942,-3375146.88799516,55,11.884096801641,134.342305802418,11.884096801641
6958,150.2086043,-29.91936126,1732643.05845694,-3377963.7437092,70,35.245384797892,130.582084624332,35.245384797892
6960,150.150369,-29.91015081,1727285.27140412,-3376153.00039014,29,0.612227056698011,131.348248481666,0.612227056698011
6965,150.1493287,-29.91577425,1727097.67426994,-3376763.04245788,34,4.41938443814102,133.079001812898,4.41938443814102
6966,150.2088504,-29.91574071,1732723.9751407,-3377565.28956794,33,-1.63854127207468,130.582084624332,1.63854127207468
6969,150.1799686,-29.90450782,1730172.8267507,-3375927.26016566,22,-5.87109542343133,120.48142624973,5.87109542343133
6979,148.7050283,-31.21800856,1571449.8449072,-3502685.6405549,14,-2.30671561867873,145.195454355085,2.30671561867873
6981,148.7070299,-31.21256938,1571716.49107425,-3502106.34722963,9,-7.617033387768,145.195454355085,7.617033387768
6985,148.526168,-31.29546655,1553599.93376822,-3509098.70592139,14,-1.70721790208103,100.099891412263,1.70721790208103
6988,147.1666417,-31.72638056,1420707.57281875,-3541143.38839948,24,7.61998562079945,128.133832539534,7.61998562079945
6989,147.1658675,-31.73356121,1420540.21404351,-3541932.77936305,3,-10.8833836620597,128.133832539534,10.8833836620597
6990,147.1293167,-31.77359167,1416603.34502836,-3545975.53767113,18,1.7608905830198,155.023900729225,1.7608905830198
6992,150.8621591,-30.31138941,1787922.96007764,-3430452.31784043,28,-1.03552885349914,153.931212233268,1.03552885349914
6997,150.8647319,-30.32201523,1787989.83861487,-3431666.3100288,28,-0.200517727250652,168.663185229579,0.200517727250652
6998,150.8680963,-30.29312846,1788782.82256356,-3428510.98807924,50,20.8045669724403,126.430363128507,20.8045669724403
7000,150.8640058,-30.31397254,1788054.13854427,-3430764.53162991,19,-8.89623833133568,153.931212233268,8.89623833133568
7001,150.8621247,-30.31536713,1787854.13945078,-3430892.81095691,21,-6.214033327142,153.931212233268,6.214033327142
7004,150.7786014,-30.32178679,1779889.19573876,-3430438.28589048,62,23.5328226785366,82.5539523531248,23.5328226785366
7007,141.2123933,-32.99571459,854008.886049566,-3629456.53141258,13.88044188,0.190600423424067,26.2465145999398,0.190600423424067
7010,141.1932214,-33.05932994,851723.766564844,-3636416.29229626,14.69693846,0.0917875690332206,24.3299036401278,0.0917875690332206
7011,141.2193451,-33.02793224,854392.723493559,-3633092.63370136,13.88044188,0.0432934999757659,27.135958879655,0.0432934999757659
7015,141.1415655,-33.06432426,846906.316080644,-3636629.31008026,27.76088375,10.1181631694555,23.25605010298,10.1181631694555
7020,141.1726678,-33.06071309,849811.732377694,-3636433.51687415,18.77942136,4.13962057389277,23.4199856353369,4.13962057389277
7024,141.2010052,-33.00571896,852874.591684248,-3630495.1481141,17.1464282,2.3978915087934,26.2465145999398,2.3978915087934
7028,141.3762785,-33.25043561,867088.290878548,-3658934.19580171,8.164965809,-4.29533817780692,21.1844773829079,4.29533817780692
7030,141.3798886,-33.30571662,866968.762201386,-3665114.55180699,8.98146239,-2.4962013464311,17.5854993730439,2.4962013464311
7031,141.4065633,-33.25293808,869863.322152646,-3659418.74534201,10.61445555,-2.08210836788188,23.6161433117075,2.08210836788188
7032,141.2698948,-33.26155383,857177.635429544,-3659454.45312934,0.816496581,-13.6761396022124,32.0654225722505,13.6761396022124
7035,141.3751712,-33.27016553,866824.553227514,-3661123.79376776,17.1464282,4.40329372438039,21.9851635798586,4.40329372438039
7037,141.2715581,-33.26127961,857333.389154707,-3659435.07530838,14.69693846,0.338864988971483,32.0654225722506,0.338864988971483
7041,150.2711772,-30.64846782,1726909.12565229,-3459699.39373511,13,-15.2482748939427,143.399372239103,15.2482748939427
7044,148.7113472,-31.22096389,1571997.70522369,-3503091.50936978,31,12.7261977231378,145.195454355085,12.7261977231378
7045,147.9674928,-31.50221701,1498472.62346067,-3525387.06749883,14,-8.21435497217313,61.9165620988985,8.21435497217313
7048,147.9172277,-31.46921474,1494239.09310162,-3521132.36446479,42,24.220405413079,59.4429122180099,24.220405413079
7054,151.1141297,-29.28976748,1828703.14112315,-3320738.48937683,23,-6.27792869471067,77.0363260607662,6.27792869471067
7060,151.0162728,-29.18761942,1821109.27543186,-3308011.75078601,30,2.68368319722103,53.6585127561708,2.68368319722103
7064,151.0198465,-29.31193136,1819381.01325218,-3321850.40744684,20,-3.49314090634532,67.7802390635455,3.49314090634532
7066,151.0397005,-29.26314034,1822078.59449797,-3316721.99298881,10,-16.3178492861173,65.0269658544304,16.3178492861173
7072,146.3589008,-31.79881729,1344462.57858892,-3540454.65015586,9,-5.95119896059927,145.525740053035,5.95119896059927
7076,149.094094,-30.87858253,1612905.00060173,-3469848.69602574,20.67703895,-5.48403913093567,82.7386411936825,5.48403913093567
7081,151.4781984,-29.64138813,1857278.28878498,-3364972.80778991,50,16.5438283490173,55.769861056511,16.5438283490173
7086,151.4079434,-29.60450808,1851256.88415347,-3359865.47835721,32.41334602,-1.86498597694908,49.8572080946028,1.86498597694908
7087,151.5866617,-28.90255926,1880193.39739509,-3284665.55004693,24,-8.43459712591302,89.8570888502166,8.43459712591302
7090,148.2492704,-31.33836165,1527101.67113498,-3510523.84273274,15,-2.82881281763267,103.839557927392,2.82881281763267
7091,148.1944838,-31.31650004,1522289.96693128,-3507441.79078521,20,3.87103758162556,100.75611643263,3.87103758162556
7092,148.2481948,-31.34048321,1526971.00101325,-3510746.62185799,14,-4.6570591866799,103.839557927392,4.6570591866799
7094,147.2924915,-31.71619168,1432576.37426624,-3541416.49071698,6,-5.74011153223026,135.224974079032,5.74011153223026
7108,149.2394662,-30.76036518,1628320.27072464,-3458568.08229823,37,15.9979382464923,86.7046869542632,15.9979382464923
7109,149.1895544,-30.71952533,1624248.27794007,-3453398.50546806,30,6.89067773971266,124.422034229225,6.89067773971266
7113,149.218896,-30.74653891,1626597.2910617,-3456771.0324001,28,7.57308067212399,98.7727761775413,7.57308067212399
7116,149.2128166,-30.6989612,1626742.51962188,-3451411.26562134,15.11014385,-8.56513124785333,112.671319417274,8.56513124785333
7117,149.2140814,-30.7666102,1625843.14657564,-3458938.10983023,9,-17.496953263339,91.3949184336051,17.496953263339
7120,149.0514173,-31.02861006,1606665.85414988,-3485966.75199624,16,-10.0461178763143,70.7932829303877,10.0461178763143
7121,149.0473181,-31.00297587,1606663.90294512,-3483069.44187506,19,-6.68599597887266,60.7481613776444,6.68599597887266
7123,149.0465489,-31.02235502,1606303.06348179,-3485211.14200896,35,11.8220817176773,70.4114993019746,11.8220817176773
7124,149.0477773,-31.02248888,1606416.13345003,-3485241.44780363,19,-4.026683337227,70.4114993019746,4.026683337227
7125,149.110608,-30.89671591,1614182.5933292,-3472070.47141135,37.37772425,10.3648870906593,72.5293745364438,10.3648870906593
7128,147.5895605,-31.64178255,1461282.14859981,-3536513.396451,33,11.7036196812232,113.554321102368,11.7036196812232
7137,151.0785783,-30.14625854,1811039.06884419,-3415195.18750538,44,2.04630738713001,130.880197506586,2.04630738713001
7141,140.20057,-33.12133,759447.459466695,-3637065.9355309,15.20526225,1.28839503867962,11.8966706117161,1.28839503867962
7144,141.1701694,-33.15960503,848788.532070549,-3647433.64889796,11.43095213,-3.08315777992804,28.1928332376507,3.08315777992804
7145,141.1512864,-33.12961029,847283.471510432,-3643967.01615001,12.24744871,-2.34334244660021,29.2425616165424,2.34334244660021
7146,141.1793465,-33.15293531,849689.974575939,-3646751.69457913,14.69693846,0.00869161531699625,30.3243656819696,0.00869161531699625
7147,141.1496097,-33.15238822,846946.463009524,-3646493.295044,14.69693846,0.0672650882717605,28.5649862831832,0.0672650882717605
7148,141.1868444,-33.13377451,850536.573574943,-3644667.17648279,11.43095213,-3.48729084971688,33.4477154177778,3.48729084971688
7154,141.1421172,-33.1343296,846398.294655569,-3644431.96437339,13.88044188,-1.22901918599064,29.5860211613965,1.22901918599064
7157,141.1960064,-33.16071264,851166.976068392,-3647728.92443003,18.77942136,3.758497268879,27.7001520662783,3.758497268879
7158,141.1015662,-33.13099565,842676.862122218,-3643792.4955073,18.77942136,1.90392787280148,25.361066331783,1.90392787280148
7163,141.1748938,-33.14627574,849331.884950623,-3645980.25150207,13.88044188,-0.48852012311975,31.0611114615618,0.48852012311975
7166,141.1365632,-33.0993284,846164.302780891,-3640495.95089063,35.10935298,18.1961173431461,27.9511578311232,18.1961173431461
7169,141.1918167,-33.16793889,850721.840294408,-3648505.94919638,4.91934955,-8.70033354511708,29.7676434489244,8.70033354511708
7174,151.4774321,-30.00075742,1851086.69563573,-3404786.37605516,49,9.99418098648369,100.902627791628,9.99418098648369
7175,151.4425795,-30.00211804,1847776.90157383,-3404432.60655317,49,12.5312760314984,99.8572303111441,12.5312760314984
7176,151.452486,-29.99841202,1848774.12287417,-3404165.26363986,39.52847075,2.57690895191299,99.2067417398115,2.57690895191299
7180,151.4734362,-29.99632596,1850785.31317502,-3404237.45047584,23,-16.772493723546,100.902627791628,16.772493723546
7181,151.4510997,-29.97063424,1849115.68526955,-3401067.13736563,45.85302607,11.850425303977,108.293820162335,11.850425303977
7182,151.4559951,-29.97994437,1849419.12490753,-3402169.66053543,35,-1.47238107201768,105.741934955989,1.47238107201768
7185,140.09623,-33.1567,749547.476820071,-3640391.95387998,17.88854382,5.08301951753607,11.8966706117161,5.08301951753607
7186,140.0516,-33.11893,745686.802939871,-3635920.89410281,16.09968944,4.18376173206269,11.9483593207971,4.18376173206269
7191,148.2963103,-31.28027355,1532325.94498278,-3504635.34805793,17,2.94607865561637,79.2866054280155,2.94607865561637
7192,148.3843283,-31.32923552,1539855.69223101,-3511131.4203536,17,1.23303128863013,97.9860555409599,1.23303128863013
7193,148.3606235,-31.35589506,1537258.80153586,-3513806.563892,13,-4.65635920966987,97.9860555409599,4.65635920966987
7199,148.2950295,-31.28033157,1532205.34000974,-3504626.4307473,18,2.948674592184,79.2866054280155,2.948674592184
7201,151.4159881,-29.27020631,1857693.98098187,-3322924.64188257,21,-9.630179383285,340.491571237361,9.630179383285
7202,151.4698724,-29.27322556,1862758.22916521,-3324043.9406874,28,-25.2380956354164,435.649660549524,25.2380956354164
7205,151.4847048,-29.26090923,1864376.14022657,-3322895.02144345,33,-25.2577351090557,478.815541351996,25.2577351090557
7206,151.4175768,-29.27129896,1857826.25967993,-3323068.87401686,19,-13.9362542178833,340.491571237361,13.9362542178833
7209,151.4650066,-29.26204328,1862486.64729019,-3322733.41706625,45,-10.2377043944853,462.076734777501,10.2377043944853
7217,151.4296282,-29.26290824,1859112.97291804,-3322314.00583134,44,13.8273286222613,329.788548343503,13.8273286222613
7222,150.2428813,-30.44867339,1727439.08763807,-3437156.33191464,16,-22.975560457069,89.5527863595713,22.975560457069
7238,150.2199899,-30.43807725,1725454.98255253,-3435671.55948019,29,0.551582263783661,86.2810680505433,0.551582263783661
7241,150.2219638,-30.38534128,1726480.76943853,-3429848.02471613,23,-7.94228439541466,91.9627443303136,7.94228439541466
7243,150.2187299,-30.38933088,1726112.89888642,-3430246.9172695,37,5.76334851438067,83.1528413628922,5.76334851438067
7244,150.2766345,-30.44511683,1730670.22899899,-3437218.6356459,44,15.1266585385033,92.811556514529,15.1266585385033
7246,141.290171,-33.08738454,860462.42540195,-3640191.36140684,18.77942136,5.835900247047,47.5665003708129,5.835900247047
7248,141.3529465,-33.13155678,865905.518900036,-3645535.9598784,9.797958971,-2.44235702218572,48.0518940837323,2.44235702218572
7254,141.361562,-33.13321885,866688.133227584,-3645779.51147902,4.082482905,-8.80057435830218,47.7147664298175,8.80057435830218
7255,141.3862808,-33.12016475,869079.493140684,-3644493.39261788,36.74234614,28.7064121259035,47.5622309195008,28.7064121259035
7259,141.3429514,-33.16377742,864718.886677843,-3649057.10478034,0.816496581,-4.34468198030322,57.8508975114163,4.34468198030322
7264,141.3351697,-33.16210282,864013.602554247,-3648817.93702663,13.06394529,2.60468878361684,58.1223597491297,2.60468878361684
7269,141.3057208,-33.15599979,861342.401752358,-3647939.3084504,13.88044188,-1.86138134618375,61.0111349446957,1.86138134618375
7273,141.3096135,-33.10405221,862124.479560934,-3642179.1573611,20.41241452,6.60484845832865,47.8613882500986,6.60484845832865
7279,141.3909935,-33.07571678,869879.655104255,-3639574.38921449,13.88044188,0.645557414627875,49.8315735810068,0.645557414627875
7282,141.3787832,-33.10655833,868497.9981183,-3642926.81663633,4.898979486,-2.50594286547623,47.938274667825,2.50594286547623
7283,150.6647201,-29.70258194,1779277.72083207,-3360180.29767061,33,1.01848202815419,84.2415933298344,1.01848202815419
7284,150.6634929,-29.70202804,1779170.60809915,-3360101.76118892,21,-10.6913800193151,84.2415933298344,10.6913800193151
7287,150.6343136,-29.79027607,1774970.62423299,-3369485.3802763,27,-9.10138170888434,144.673858288681,9.10138170888434
7290,149.1600617,-30.65637966,1622425.77110246,-3446012.42100917,3,-15.7910501588618,95.2982232961505,15.7910501588618
7291,149.2161717,-30.60496524,1628472.68355131,-3441017.33986977,43,16.052300241827,90.1358072318257,16.052300241827
7296,149.229919,-30.6705431,1628777.14972216,-3448473.93391071,39.76353644,9.52925206186132,109.991498981129,9.52925206186132
7301,149.2262346,-30.6514019,1628719.28417325,-3446301.70107325,27,0.150043076592336,96.828063685027,0.150043076592336
7309,149.166921,-30.65703219,1623060.59239209,-3446172.00336306,1,-16.9682226432997,95.2982232961505,16.9682226432997
7310,149.2117293,-30.63844369,1627551.15944813,-3444678.05025218,22,-0.524641378493673,93.0859307212377,0.524641378493673
7311,149.1845143,-30.65894759,1624685.14520022,-3446608.30813471,16,-1.35257029445367,94.656071770044,1.35257029445367
7316,149.1720482,-30.65767724,1623532.73957414,-3446308.77587415,14,-3.68049432693501,94.656071770044,3.68049432693501
7319,149.1948465,-30.65997317,1625640.66451254,-3446853.61822684,5,-9.61616250452233,94.656071770044,9.61616250452233
7320,149.2567731,-30.61008513,1632212.54236717,-3442103.95735488,26,-1.10816679255632,96.441908685602,1.10816679255632
7324,149.2910458,-30.60051063,1635579.15150606,-3441479.21437682,33,5.11889696952368,81.4060524029329,5.11889696952368
7329,149.5857351,-30.54904077,1664070.75087653,-3439570.91717543,16,-11.2129882446147,90.3402833157772,11.2129882446147
7337,141.0768583,-33.1535027,840214.672595456,-3646137.06219268,14,0.735222685976357,22.2642298617493,0.735222685976357
7340,141.0707282,-33.12433296,839879.294316607,-3642847.17704307,11.43095213,-3.58701756384966,24.3563571897364,3.58701756384966
7352,142.5558252,-33.13762151,976974.327574914,-3654887.09042044,7.952707288,-5.43797646476698,13.4487237635504,5.43797646476698
7354,149.288528,-30.73749046,1633271.78734437,-3456654.8573012,27,-7.25820835435268,88.3142816062754,7.25820835435268
7356,149.3003894,-30.77037523,1633888.09105754,-3460457.17867262,28,3.49128640605802,90.234595916986,3.49128640605802
7357,149.2644889,-30.72273137,1631237.41581598,-3454709.19975467,23,-4.05187768918933,82.4797529953388,4.05187768918933
7358,149.2847499,-30.7786887,1632294.45714799,-3461180.15173595,21,-3.63404042472065,85.2172398596188,3.63404042472065
7359,149.2640426,-30.78219107,1630298.01348452,-3461304.55204147,21,-3.18218108832501,83.9951763861748,3.18218108832501
7361,149.2842788,-30.7914604,1632057.2442841,-3462591.93797129,45,19.631735042338,87.3071321286637,19.631735042338
7369,149.2750873,-30.81375737,1630857.88921863,-3464949.75230708,27.83447551,-0.292747633569999,88.5792762669545,0.292747633569999
7377,147.1449173,-31.83824295,1417201.55209967,-3553332.88960018,7,-13.6700710755148,185.761139615702,13.6700710755148
7381,141.0037841,-33.16405968,833378.661353217,-3646834.48157161,14.69693846,0.0851567337727293,10.9092780847887,0.0851567337727293
7382,141.0029572,-33.12906144,833577.468877944,-3642930.10091654,15.51343504,-0.624901112125992,22.4265206915197,0.624901112125992
7396,143.6433943,-33.12559843,1077488.65057214,-3662294.08905909,15.90541458,1.55899128548855,30.0220053580441,1.55899128548855
7400,146.9420228,-31.80583256,1398725.95988765,-3547495.01749526,14,-3.66018545771739,121.082464112951,3.66018545771739
7401,146.9250475,-31.89423935,1395991.02337938,-3557134.78480686,10,-8.88389934435152,119.643305512252,8.88389934435152
7404,149.2758659,-31.0246839,1627745.53827535,-3488372.1493805,25,-12.5348698999533,54.2368225625858,12.5348698999533
7407,149.2866713,-31.01051217,1628971.54572914,-3486936.99961618,28,-10.794534187953,48.3726316744303,10.794534187953
7408,149.1854969,-30.99299822,1619758.44331022,-3483706.66562199,26,0.477530104187998,75.5299852724195,0.477530104187998
7409,149.2935561,-31.02032077,1629468.08725354,-3488113.41540135,37,0.595310644156356,56.8002274143444,0.595310644156356
7411,149.171669,-30.99223934,1618474.39555462,-3483447.18041717,31.81082915,0.911363733505311,65.647964506883,0.911363733505311
7420,149.201778,-31.00345545,1621126.44147119,-3485073.91812184,34,5.12269392462967,71.6965745494092,5.12269392462967
7422,149.2126958,-31.01143188,1622029.11162872,-3486097.85216245,15,-15.081635762147,70.3648774366609,15.081635762147
7424,149.3001902,-30.92188683,1631577.90509982,-3477272.89732038,38,5.17160632977032,53.3214530053965,5.17160632977032
7425,149.2333598,-30.96164644,1624714.52453867,-3480834.38822258,18,-15.968205689333,65.8759235878031,15.968205689333
7428,149.2167255,-31.00410162,1622516.86199436,-3485335.39499402,20,-9.90803764797765,65.9512756801571,9.90803764797765
7433,149.2780062,-31.00855478,1628189.55612927,-3486609.29447163,24,-15.1277585962667,48.7650388714083,15.1277585962667
7436,149.2388681,-30.99493401,1624729.06814407,-3484599.24144958,31,0.167548021799984,62.947216465905,0.167548021799984
7439,149.2328229,-31.01004793,1623935.11431191,-3486199.93184815,27.83447551,-5.38210974437635,63.4267733941564,5.38210974437635
7440,149.2298235,-30.96621754,1624314.30896862,-3481296.80695608,25,-7.54800992704666,63.1381206376562,7.54800992704666
7444,149.2066798,-31.01531427,1621407.23685191,-3486452.41410617,27.03920478,-1.85308499846335,62.1895705677848,1.85308499846335
7445,149.1601379,-30.95678494,1617925.94318952,-3479365.50321595,33,1.61366546623433,65.8753642081713,1.61366546623433
7446,149.2559444,-31.00510884,1626175.20953085,-3485945.83712683,46,10.733788681925,62.3420964413761,10.733788681925
7448,149.15948,-30.97452067,1617598.24832211,-3481325.95931422,19,-11.9978041560363,69.661716327168,11.9978041560363
7452,149.271749,-31.01053218,1627573.65461747,-3486749.03281092,33,-3.35271722673897,52.0401878640631,3.35271722673897
7453,149.2478077,-30.97966125,1625796.744978,-3483017.77400572,34,2.59496208851634,50.9703626630907,2.59496208851634
7454,149.2191237,-30.98376538,1623047.5922316,-3483108.59882352,38,9.75314252215732,68.0855641483574,9.75314252215732
7456,149.2597927,-30.9022232,1628087.94611741,-3474574.89589504,16,-13.3119941281843,80.2667729003428,13.3119941281843
7457,149.2142405,-31.02297804,1622000.05891427,-3487399.02745529,32,2.48293087615001,69.35840834,2.48293087615001
7461,149.2425066,-30.9947085,1625073.30393052,-3484620.48856172,21,-10.1977653581965,62.947216465905,10.1977653581965
7462,149.2733205,-31.00747384,1627767.01489555,-3486429.61321601,31,-4.33731361122634,47.9318200302038,4.33731361122634
7466,149.7199173,-30.61079073,1675730.01859764,-3448178.31724809,58,26.2224265862043,148.694396037307,26.2224265862043
7472,148.5322972,-31.35026235,1553381.13443051,-3515257.63590168,47,40.5084674864789,100.506544507933,40.5084674864789
7477,150.1974905,-30.63356545,1720228.89684932,-3457052.44685781,40,2.70829603992802,157.955020853543,2.70829603992802
7479,150.1511041,-30.61837467,1716114.54429723,-3454743.64776407,18,-18.0316852083716,160.48499291643,18.0316852083716
7480,150.1515643,-30.62010726,1716130.27042101,-3454942.01369119,51.69259737,15.682934613195,160.48499291643,15.682934613195
7485,150.1711243,-30.61838818,1717994.38549682,-3455014.22045883,18,-26.187968490401,150.437296998844,26.187968490401
7486,150.167933,-30.6271708,1717555.22284692,-3455945.48291934,49,7.69418871577199,176.998865185394,7.69418871577199
7490,150.1785296,-30.64148812,1718322.73004896,-3457676.03645096,53,12.6783649270436,180.901083171293,12.6783649270436
7495,150.1796578,-30.62490064,1718692.24499942,-3455851.35872878,52,10.1908436340103,150.437296998844,10.1908436340103
7509,150.1921319,-30.43463949,1722889.34203178,-3434914.22965125,33,6.558649930976,94.6466755491262,6.558649930976
7510,150.1665876,-30.39301632,1721147.590428,-3429952.2936982,31,-0.246988555737662,114.532185113486,0.246988555737662
7515,150.1937731,-30.43547748,1723030.39099612,-3435029.32604289,36,9.00744915752048,94.6466755491262,9.00744915752048
7517,150.1559311,-30.3655033,1720581.5131693,-3426756.34265779,30,-5.02674181140368,117.841035670741,5.02674181140368
7519,150.1564268,-30.37029396,1720552.12341339,-3427294.52208238,26,-11.555909358016,123.492129550879,11.555909358016
7525,150.1685678,-30.3867643,1721433.24453762,-3429285.35931284,36,3.45356284379972,124.554146752595,3.45356284379972
7526,150.1673423,-30.38849634,1721290.40363335,-3429461.00407879,45,12.7809139686597,124.554146752595,12.7809139686597
7528,150.1693069,-30.39215543,1721417.15995891,-3429893.42247352,29,-1.61171776903266,114.532185113486,1.61171776903266
7536,150.1554736,-30.38272787,1720265.03485346,-3428661.16667218,36,4.49104994961566,99.7756726388966,4.49104994961566
7537,150.1771048,-30.37748862,1722384.05405632,-3428371.35541739,30,1.03475709287466,101.561485860481,1.03475709287466
7540,150.9187057,-29.96261364,1799012.17242942,-3392576.68183523,10,-33.4103640002523,149.37321471255,33.4103640002523
7542,150.8450447,-29.98160054,1791745.7524078,-3393646.88832442,42,-0.602397559382659,196.410959442722,0.602397559382659
7543,150.8445044,-29.95215558,1792179.9069762,-3390374.12559482,21,-15.838865834616,113.543497154915,15.838865834616
7545,150.8452381,-29.95776918,1792156.68045785,-3391006.92118058,51,13.034956844683,128.663934002815,13.034956844683
7548,150.873981,-29.96733003,1794712.41652947,-3392470.6118151,39,-7.48838379960429,149.598854506498,7.48838379960429
7553,150.9240035,-29.94301204,1799836.58265127,-3390477.83125497,43,2.91039415980834,139.338769755037,2.91039415980834
7554,150.923196,-29.94474096,1799731.73970242,-3390658.16260465,55,12.0791446814647,144.290616473766,12.0791446814647
7559,150.8696292,-29.95033539,1794582.00661552,-3390524.97471785,28,-18.3217460470863,153.059508849437,18.3217460470863
7560,150.91492,-29.95115094,1798844.38604081,-3391252.36216553,35,-6.82991325191566,163.126757620369,6.82991325191566
7561,150.9151664,-29.95050477,1798878.33407934,-3391184.18218983,45,3.17008674808434,163.126757620369,3.17008674808434
7562,150.9455459,-29.94523533,1801833.5910787,-3391028.01213927,54,7.47817552602335,121.559733268553,7.47817552602335
7563,150.9309664,-29.94993295,1800379.40771585,-3391343.34387769,45,8.06204599466099,136.990206462329,8.06204599466099
7566,150.9391751,-29.95804633,1801019.99992488,-3392358.65904595,54,12.6203698657053,145.074239250974,12.6203698657053
7569,150.9296713,-29.93744465,1800463.83406675,-3389940.36784336,62,9.39912316366002,127.964744537877,9.39912316366002
7573,150.8764412,-29.95152798,1795205.45324933,-3390752.92400377,63,19.8471688753897,150.095428041622,19.8471688753897
7574,150.9249269,-29.93795641,1800007.41648539,-3389930.25869304,58,8.64712950495367,127.964744537877,8.64712950495367
7578,150.9551756,-29.94645876,1802722.42830004,-3391299.51307261,37,-12.9135544051842,112.267867984867,12.9135544051842
7579,150.8351482,-29.95199238,1791299.2444007,-3390224.80974913,38,-8.15361400930632,125.566080467095,8.15361400930632
7583,150.9238881,-29.91839945,1800232.92417583,-3387747.0746231,46,8.74298309694768,136.489867848988,8.74298309694768
7585,150.9359325,-29.92768217,1801216.62142618,-3388946.13980243,47,5.93066919890733,127.964744537877,5.93066919890733
7586,150.9188351,-29.94522246,1799312.05873027,-3390650.12663222,50,8.03970196159902,163.126757620369,8.03970196159902
7587,150.9524865,-29.94169861,1802547.4400768,-3390733.77071538,45,-2.18873061582818,117.356061064027,2.18873061582818
7588,150.9303824,-29.9201071,1800817.93633414,-3388027.95297259,41,5.03756532348766,127.964744537877,5.03756532348766
7596,151.4499828,-29.43169122,1858174.88523742,-3341320.06531437,39,14.1849325760583,54.1515028834328,14.1849325760583
7598,151.4618173,-29.43475817,1859244.55840259,-3341832.20169689,32,-0.266310784388011,60.3715281447896,0.266310784388011
7600,151.4405543,-29.48470289,1856379.95331762,-3347059.09392669,24.50765187,-3.44163962940374,52.3025654294453,3.44163962940374
7601,151.4594706,-30.13069262,1847182.83747833,-3418923.4633159,40,6.67295104467534,127.195798858381,6.67295104467534
7602,151.4569655,-30.13864063,1846811.71933799,-3419767.86872084,42,8.1150188056,103.347356520131,8.1150188056
7606,150.586853,-30.16851614,1764334.41710915,-3410782.34744284,39,2.170256172826,200.518355656201,2.170256172826
7613,150.6496667,-30.16545,1770304.58343384,-3411311.23652523,27,-3.44093401034399,205.078239069154,3.44093401034399
7620,150.5937715,-30.13262693,1765569.94932606,-3406897.4713187,43,7.55994286796132,203.182585660241,7.55994286796132
7622,150.5880782,-30.18957646,1764107.63311633,-3413135.01599491,33,-9.70376350970599,200.518355656201,9.70376350970599
7627,148.2194266,-31.49508464,1522090.33587945,-3527573.18667672,6,-3.649292688665,113.142791884895,3.649292688665
7632,142.8997582,-33.17974499,1008329.46742356,-3662247.20417146,7.157436559,-6.38783368873726,21.4616653702713,6.38783368873726
7633,149.1549335,-31.00511195,1616713.49365213,-3484664.17712307,31,2.20770157572403,64.1428341283092,2.20770157572403
7637,149.1528566,-30.97000387,1617045.35376268,-3480740.71625153,35,5.49166878684065,69.661716327168,5.49166878684065
7640,149.1455677,-30.96284581,1616469.62655924,-3479853.87295738,32,4.04074966955465,67.3331352835137,4.04074966955465
7642,149.2682762,-30.86363143,1629465.88081431,-3470399.22995822,23,-3.30047512283164,69.7676776574348,3.30047512283164
7648,149.298917,-30.8462956,1632601.69469596,-3468866.06495923,17,-11.3874474150427,83.9198748298383,11.3874474150427
7650,149.2616783,-30.84804299,1629082.32359006,-3468584.67119944,30,-2.69676182983567,92.5485728964976,2.69676182983567
7651,149.2554539,-30.86126678,1628298.98550375,-3469973.25567538,37,10.987394862524,81.9548216940192,10.987394862524
7653,149.2882656,-30.84018837,1631694.90801114,-3468052.05895031,18,-11.3467192136724,89.1060190416869,11.3467192136724
7654,149.2943515,-30.86090775,1631952.5357151,-3470429.72354635,34.19664134,3.81717935379197,82.1593689971258,3.81717935379197
7660,151.2728803,-30.45845701,1824085.08389311,-3452557.68936051,28,-18.1805799611743,66.6955404269708,18.1805799611743
7661,151.255628,-30.42561158,1823017.32898901,-3448672.25020849,28,-10.5873652803431,106.071140683107,10.5873652803431
7669,150.3494754,-30.52131483,1736298.09681794,-3446658.55475606,22,-12.4563388535603,125.252245948479,12.4563388535603
7675,150.3111598,-30.5583278,1732104.96531252,-3450243.49168031,24,-1.08980812132699,128.427219080068,1.08980812132699
7676,150.3194903,-30.5684206,1732725.94353458,-3451475.82821727,13,-13.452975893142,145.151487976579,13.452975893142
7679,150.3080195,-30.59615145,1731204.64900961,-3454395.84760305,26,2.84100513194432,154.940504881911,2.84100513194432
7685,149.9708223,-30.03811062,1708300.8284604,-3387941.04147472,28,-6.61046003221295,119.2598368495,6.61046003221295
7687,149.9688722,-30.03424067,1708177.49449039,-3387485.41691855,19,-17.6310643530884,119.2598368495,17.6310643530884
7692,144.7777,-32.701,1186860.31070075,-3625123.509829,21,6.43196456997794,31.5367265089252,6.43196456997794
7694,144.7142,-32.7059,1180927.21724542,-3625079.99022282,19,4.50829309395414,32.4083314033756,4.50829309395414
7696,150.1221463,-30.74198528,1711437.0523265,-3468065.93803806,47,28.6619762422936,219.853113139097,28.6619762422936
7708,150.245551,-30.75116262,1722865.84716952,-3470742.43211976,54,27.4118254546577,190.875205084474,27.4118254546577
7709,150.2399798,-30.76342653,1722147.85045102,-3472027.35783696,41.3540779,9.5697916010592,190.875205084474,9.5697916010592
7711,150.4955404,-31.09641077,1740727.97131925,-3512406.80811337,15,-13.7941136816375,127.433291242641,13.7941136816375
7713,150.5405647,-31.01302992,1746286.31710542,-3503780.07130088,42,6.189007230252,127.214276752473,6.189007230252
7715,150.5535198,-31.02484798,1747306.36922458,-3505267.01859952,20,-15.3094384043903,130.674034961046,15.3094384043903
7718,150.5726257,-31.08576453,1748104.59995336,-3512279.48545376,33,-0.885749546139351,104.216783226748,0.885749546139351
7723,150.5527555,-30.99125465,1747779.41709115,-3501533.35058876,42,9.35711009868361,127.214276752473,9.35711009868361
7728,150.5521713,-30.98912403,1747759.30453798,-3501289.21327654,28,-2.58962655878199,127.35908660458,2.58962655878199
7729,142.2848794,-33.21154786,951288.453101274,-3661070.77466025,8.164965809,-7.01669202938898,29.625033367974,7.01669202938898
7741,144.287748,-32.91186501,1139231.33846988,-3644113.31867638,20,2.57398575621446,37.3527212003921,2.57398575621446
7747,151.3290838,-30.39753183,1830392.98817348,-3446611.41836961,45,-1.71057773245703,41.3448746550771,1.71057773245703
7758,151.3735292,-30.45263111,1833636.70537989,-3453353.06616124,16,-13.3851874695504,32.3002480673114,13.3851874695504
7760,151.3856498,-30.44891117,1834838.07832042,-3453114.98655343,25,-4.74714574157599,31.0555441031843,4.74714574157599
7763,151.3803661,-30.45913223,1834168.72466275,-3454171.40961455,22,-6.62055879245133,31.0555441031843,6.62055879245133
7766,151.3911051,-30.45342653,1835273.93626635,-3453693.5570854,31,2.52840241252932,23.181731407642,2.52840241252932
7769,151.3824095,-30.45531288,1834425.31605077,-3453777.63922681,21.34537421,-6.911554889414,31.0555441031843,6.911554889414
7770,151.3783895,-30.46026251,1833963.95534886,-3454268.24641435,13,-9.75360923956367,31.0555441031843,9.75360923956367
7778,151.3804442,-30.45693178,1834213.32483838,-3453928.7639966,27,-0.683054305602674,31.0555441031843,0.683054305602674
7781,151.3794594,-30.46042919,1834061.60985279,-3454302.0703753,11,-12.3515672729298,31.0555441031843,12.3515672729298
7795,151.38186,-30.46083666,1834280.15460191,-3454381.67504823,24,0.372026657189007,31.0555441031843,0.372026657189007
7802,149.2520983,-30.91447131,1627181.84443065,-3475836.4294755,24,-8.57259910651468,77.0337522374949,8.57259910651468
7803,149.2454305,-30.90087683,1626761.72307101,-3474242.49114957,38.96826571,6.78418270467033,71.9833954548132,6.78418270467033
7804,149.21861,-30.84777805,1625046.38453133,-3468006.75347717,34,0.713897309064329,97.0180502270007,0.713897309064329
7808,149.2054932,-30.87625348,1623387.6341981,-3471001.10563528,27,-2.97625381286236,72.7048896639878,2.97625381286236
7809,149.2180645,-30.92890553,1623774.06595276,-3477005.64499469,37,9.24869240259665,60.0397189170174,9.24869240259665
7816,149.1435547,-30.91582036,1616985.74042346,-3474608.03301875,31,5.38168500481367,70.3160264294065,5.38168500481367
7822,149.2534818,-30.92171733,1627202.2505648,-3476658.36680921,24,-10.6109968222603,82.9921868827599,10.6109968222603
7826,149.2377696,-30.84537363,1626879.87042306,-3467983.68138337,48,18.4702126194046,93.7555042955734,18.4702126194046
7828,149.1715917,-30.8439028,1620693.89148209,-3466979.2708823,32,2.97791478673628,97.1702679746364,2.97791478673628
7831,149.3729205,-30.72506907,1641384.05134355,-3456357.52104334,30.22028769,0.482845115536687,74.1526452870291,0.482845115536687
7837,145.4816,-32.43916944,1255088.74474575,-3602735.50118376,18,-1.33024072140591,46.1037969830402,1.33024072140591
7840,145.5054499,-32.46303536,1257019.2540551,-3605623.53250098,14,-14.3707375147767,46.1037969830402,14.3707375147767
7842,145.55595,-32.49681111,1261301.98778083,-3609876.35947246,16,-2.86820722486209,47.9056627036293,2.86820722486209
7843,145.5475889,-32.4886,1260624.12205594,-3608880.97883507,11,-5.80159172871944,47.9056627036293,5.80159172871944
7854,147.7901666,-31.65814387,1479764.88852228,-3540640.00149082,3,-14.229277125612,108.706257802706,14.229277125612
7855,150.3727308,-30.9337711,1731860.50617237,-3492709.75311624,17,-4.209260469746,154.158957834303,4.209260469746
7859,150.3810622,-30.89848156,1733207.22930702,-3488910.3877845,15,-11.7352328592343,152.300311994242,11.7352328592343
7862,151.5403315,-29.97624449,1857436.56860847,-3402983.21457425,40,3.36765605432169,118.075542938036,3.36765605432169
7864,151.9883879,-28.85066391,1919351.58529944,-3284888.00817018,34.04669792,3.80438991814667,155.72568658959,3.80438991814667
7866,151.9734882,-28.83440488,1918216.51734478,-3282862.71478,34.04669792,2.32762469606469,155.72568658959,2.32762469606469
7870,151.9714218,-28.83608592,1917990.32633381,-3283017.95303346,44.44985562,11.531872638229,155.72568658959,11.531872638229
7871,151.9952894,-28.85722055,1919894.23324251,-3285718.17637603,15.02081889,-15.391726387379,155.72568658959,15.391726387379
7876,151.9847236,-28.85786341,1918876.79005656,-3285630.66544697,20.55480479,-7.0449387649375,155.72568658959,7.0449387649375
7878,151.8963972,-28.81720775,1911172.11955533,-3279801.76820956,43.50411401,13.6483106428257,161.125239242295,13.6483106428257
7881,151.9623529,-28.8703285,1916528.75207131,-3286676.01015769,11.06797181,-7.26582214179778,155.72568658959,7.26582214179778
7885,151.9763167,-28.85789008,1918075.70811425,-3285507.37618795,6.32455532,-26.1092285974316,155.72568658959,26.1092285974316
7890,151.9831576,-28.82915092,1919229.37149837,-3282425.78997696,11.06797181,-6.61679606506165,155.72568658959,6.61679606506165
7901,151.9808977,-28.82967539,1919004.93460045,-3282449.95410633,16.60195772,-11.3694097987983,155.72568658959,11.3694097987983
7903,152.0056682,-28.82408611,1921462.25274222,-3282202.97735085,34.04669792,4.66924933630518,155.72568658959,4.66924933630518
7909,146.4967585,-31.89597101,1356084.38040847,-3552714.22867639,4,-29.8621516944605,86.580614923954,29.8621516944605
7911,146.4861036,-31.9103632,1354909.74351432,-3554201.24236485,9,-24.3244233996794,90.9887437349921,24.3244233996794
7915,146.4424749,-31.85027112,1351605.03765998,-3547057.95938639,33,-8.7772765939424,144.136570444113,8.7772765939424
7916,146.4816878,-31.9107839,1354493.17245883,-3554201.18944596,20,-15.0195824483642,90.9887437349921,15.0195824483642
7917,146.4307738,-31.83141778,1350752.45227504,-3544837.89861171,27,-5.10120732158332,145.525740053035,5.10120732158332
7918,146.4195989,-31.83898173,1349615.57020839,-3545560.84879108,13,-21.5980313400799,145.525740053035,21.5980313400799
7919,146.4323269,-31.84354106,1350744.27474012,-3546202.32136252,32,-5.61737860090738,145.525740053035,5.61737860090738
7920,146.4580355,-31.85532745,1352991.16785078,-3547784.86764473,44,5.70765094657427,87.7739681494594,5.70765094657427
7929,146.4454401,-31.83341323,1352094.20303812,-3545214.91797555,36,1.68541379154077,145.525740053035,1.68541379154077
7934,149.460892,-30.61229014,1651365.5824583,-3444971.8898849,27,-3.209078263863,89.8820158167195,3.209078263863
7936,149.4604007,-30.65550375,1650659.69336794,-3449762.50007491,28,-4.07465501871766,74.323749463603,4.07465501871766
7940,149.436617,-30.60238361,1649235.09039744,-3443558.59306703,22.26758041,-9.21085815906966,93.0872554464311,9.21085815906966
7941,149.344929,-30.66855367,1639612.77679004,-3449724.21858023,25,-11.3242657114973,75.191527078914,11.3242657114973
7947,149.3648472,-30.59346185,1642624.18342939,-3441643.49166406,41.3540779,7.07477423308634,91.6577428674975,7.07477423308634
7950,149.3235962,-30.57410837,1639039.19714416,-3438964.97395413,27.83447551,-0.837495266571363,106.867818298449,0.837495266571363
7953,149.4034411,-30.6535845,1645337.49425372,-3448814.69340396,41,10.2368765257483,68.4578694832385,10.2368765257483
7954,149.4286696,-30.67909221,1647319.12097263,-3451971.35788921,46,12.8116150360293,53.4193258496635,12.8116150360293
7956,149.3277649,-30.67294852,1637933.63964179,-3449991.95065701,28.62974624,-7.05291074748966,65.3765855888916,7.05291074748966
7962,141.0273947,-33.18182641,835420.30910563,-3648967.88856514,16.32993162,3.62297248472663,9.72741476813652,3.62297248472663
7966,143.8397424,-33.06718083,1096211.05735413,-3657467.21844454,10.33851947,-0.381972785041173,25.5829621747529,0.381972785041173
7967,139.66451,-32.91651,711236.899180241,-3611144.67630308,16.09968944,3.72079143668447,20.9515730413593,3.72079143668447
7970,149.6051368,-30.79532788,1662104.28695273,-3467157.83347855,28,-2.10997194401973,47.095670807669,2.10997194401973
7972,149.6419455,-30.71591927,1666781.97875161,-3458825.09937738,29.42501696,-3.53590583478498,71.1119934624899,3.53590583478498
7974,149.6735584,-30.72175625,1669659.46998659,-3459885.6478692,30,1.26312250126902,77.8692880247348,1.26312250126902
7980,149.646733,-30.7589142,1666568.13995969,-3463658.84703755,42,9.601649767113,63.9306368326223,9.601649767113
7986,149.6648113,-30.82292019,1667276.21332307,-3470997.24536486,16,-14.1948629626627,80.170932175561,14.1948629626627
7993,149.6516291,-30.83036079,1665925.14767673,-3471650.90787052,29,0.594341043791999,68.6620305834469,0.594341043791999
7999,149.619438,-30.80105516,1663357.68538446,-3467979.52413388,25,-5.90576830156499,56.7299429052482,5.90576830156499
8003,149.6175376,-30.75058716,1663956.66944937,-3462354.21580386,30.22028769,-1.01491976443967,45.4130752905889,1.01491976443967
8006,149.6235148,-30.82610844,1663354.15117123,-3470812.72152729,40.55880717,8.98664068025669,46.5834286994616,8.98664068025669
8010,149.6399087,-30.79199948,1665417.56485745,-3467241.31409399,36,9.582195190165,60.5496939721361,9.582195190165
8013,149.6554453,-30.79510913,1666827.06620332,-3467789.00314523,25,-3.12539892814033,63.568426298616,3.12539892814033
8017,149.6301711,-30.78122148,1664670.17174542,-3465918.37544894,28,-2.77910500062533,60.0442433797015,2.77910500062533
8018,149.6208841,-30.76232545,1664089.91851133,-3463700.45408749,25,-5.57830601288866,44.64690229595,5.57830601288866
8027,146.7397083,-32.06140278,1376580.04123169,-3573700.62602018,20,4.70396917648375,194.391740820585,4.70396917648375
8029,143.0844906,-33.21461735,1025038.93883018,-3667597.18889925,14.69693846,0.564164724773438,20.5734959004161,0.564164724773438
8031,141.2862834,-33.26627974,858652.08193174,-3660090.80759074,22.04540769,7.76840213590992,32.8653107560659,7.76840213590992
8042,141.2368481,-33.26571619,854093.603405276,-3659696.67268979,26.94438717,13.8265397141233,32.5105575834176,13.8265397141233
8051,141.261848,-33.24906032,856535.907472628,-3658009.11360691,7.348469228,-6.3580217774665,35.0234944580372,6.3580217774665
8053,141.2540631,-33.26321978,855702.795271383,-3659533.85226323,17.96292478,7.81943650891663,34.6505877771519,7.81943650891663
8055,141.285456,-33.27266776,858523.915447266,-3660796.6380474,15.51343504,0.118107992914226,33.220548876587,0.118107992914226
8056,141.2671152,-33.27960875,856774.953671473,-3661446.47925798,19.59591794,3.76379418322414,36.7987714394501,3.76379418322414
8058,141.2646094,-33.24988432,856784.16753813,-3658119.39786993,20.41241452,5.15265292922781,35.0234944580372,5.15265292922781
8059,141.2860028,-33.29877918,858362.657078556,-3663708.08167933,18.77942136,1.65520453285729,37.0120912989082,1.65520453285729
8061,141.2240629,-33.2709985,852870.916555853,-3660199.53538827,21.2289111,6.29608966427424,32.8675632765903,6.29608966427424
8062,141.2851685,-33.2668235,858544.765921039,-3660143.87000157,17.1464282,2.0364358749327,32.8653107560659,2.0364358749327
8064,150.9750914,-29.72748784,1808235.57974976,-3367300.43195152,27,-3.78278665238282,70.1125863881809,3.78278665238282
8066,150.985971,-29.73964428,1809062.89347853,-3368802.48042688,15,-15.4211302012663,54.8219628662638,15.4211302012663
8071,151.0125737,-29.78246881,1810867.04178785,-3373927.99206199,26,-8.90710854862867,58.4182626438993,8.90710854862867
8078,146.7863021,-31.98700668,1381873.30958302,-3565935.95512981,10,-4.83857888658729,134.395161563063,4.83857888658729
8081,142.4184867,-33.22654708,963482.640860066,-3663741.45123627,16.32993162,-0.701037263267878,28.7624026790316,0.701037263267878
8087,147.8223164,-31.71568047,1481966.85824482,-3547403.26066463,2,-8.7655648480423,131.08730504736,8.7655648480423
8090,141.0648899,-33.23210853,838486.327058129,-3654814.48880158,19.59591794,6.45822301621869,10.8988089185305,6.45822301621869
8091,141.0840612,-33.23432503,840239.0680005,-3655187.32749405,14.69693846,0.0380939562581109,12.802764483434,0.0380939562581109
8093,141.0723969,-33.18543453,839549.362754838,-3649664.82095055,13.06394529,-0.888238507360281,10.1009593483489,0.888238507360281
8097,141.0848995,-33.24655563,840219.44035354,-3656555.10624426,17.1464282,3.45516711048033,10.8523834165727,3.45516711048033
8104,141.1198939,-33.23793981,843519.037912592,-3655826.07577406,12.24744871,0.938393228989755,21.8116317709407,0.938393228989755
8105,141.0498909,-33.18516593,837472.295084287,-3649487.18486981,14.69693846,0.984583244422717,10.1009593483489,0.984583244422717
8106,141.0040656,-33.22517084,832924.091817257,-3653643.8413462,15.51343504,1.03697976464979,10.5113923706112,1.03697976464979
8109,141.4359997,-33.34793459,871797.798746097,-3670197.10763073,11.43095213,-1.03264340043693,8.2323193573932,1.03264340043693
8112,141.4112852,-33.3396034,869587.004792089,-3669101.08015828,8.164965809,-4.25254456060588,12.7131831051771,4.25254456060588
8114,140.21233,-33.30405,759224.332325526,-3657497.97865252,12.07476708,-1.55544578872295,13.154631826236,1.55544578872295
8115,144.1692949,-33.03013693,1127025.93776406,-3656215.09338427,2.385812186,-10.9896995190168,31.8447648860209,10.9896995190168
8116,144.1709645,-33.04486161,1127023.63639095,-3657867.16278188,4.771624373,-8.86246655022801,31.6828253893627,8.86246655022801
8122,148.8286098,-31.57844002,1577707.70939429,-3544217.03795786,16,-5.49463686360927,94.9035603341627,5.49463686360927
8123,148.8236441,-31.57503817,1577294.86396146,-3543778.21501636,17,-4.53369171516767,94.9035603341627,4.53369171516767
8129,148.8297815,-31.56776124,1577973.94109587,-3543046.47008,15,-6.46390742579239,58.7198649018678,6.46390742579239
8133,141.1246122,-33.19683077,844282.293206188,-3651278.35594566,26.94438717,11.4514814655012,16.0884120763156,11.4514814655012
8134,141.1598953,-33.24210723,847179.190834483,-3656554.92206948,13.06394529,-1.45344230199461,35.8972733707898,1.45344230199461
8137,141.1904548,-33.20210546,850321.7661262,-3652302.56016499,16.32993162,2.30282297735019,36.3020323714782,2.30282297735019
8141,141.1137883,-33.18960701,843339.978982664,-3650402.21875479,12.24744871,-2.01212230027032,13.9107726656583,2.01212230027032
8148,141.1876697,-33.21932897,849926.326852107,-3654202.40043124,13.88044188,-0.987522074678791,35.6772089038258,0.987522074678791
8153,141.1237874,-33.20543675,844137.530404133,-3652231.50020829,15.51343504,2.02969527217205,16.0884120763156,2.02969527217205
8154,141.1171165,-33.19960721,843567.801582139,-3651538.10265871,13.88044188,0.509754796067858,13.9107726656583,0.509754796067858
8156,141.2132464,-33.21044569,852359.736594999,-3653383.38358539,23,8.8619420309183,35.4141010955795,8.8619420309183
8159,141.1254483,-33.18877499,844423.728183181,-3650386.55964643,22.86190427,6.46854638210787,14.3270697807159,6.46854638210787
8165,150.2598909,-30.73320015,1724497.35200322,-3468943.90154498,12,-8.20974298028434,161.387756102439,8.20974298028434
8166,150.2611655,-30.76835822,1724055.77907006,-3472860.00390146,19,-27.510547377884,198.459885286756,27.510547377884
8167,150.2654057,-30.74198347,1724874.40973181,-3469992.397718,17,-2.51099023440733,190.847960793738,2.51099023440733
8169,150.2681799,-30.740617,1725156.41809342,-3469878.31949593,16,-4.80032483522933,190.847960793738,4.80032483522933
8170,150.2618612,-30.7410519,1724556.8403739,-3469841.23843685,10,-8.82005204020733,190.847960793738,8.82005204020733
8173,150.2659706,-30.74748774,1724839.51913399,-3470610.42752948,18,-1.88398303078032,190.847960793738,1.88398303078032
8177,150.2608311,-30.74792939,1724350.46207692,-3470590.0259475,22,-1.27310565892231,190.847960793738,1.27310565892231
8179,150.2581016,-30.75065845,1724050.92666703,-3470855.83183648,24,2.77421288101901,190.875205084474,2.77421288101901
8180,150.2379391,-30.72884216,1722507.76255986,-3468164.45846555,46.12570227,16.8298225426394,188.21521639724,16.8298225426394
8181,150.2311355,-30.72837241,1721877.04077955,-3468020.6474428,16,-11.9555376800872,215.237720639168,11.9555376800872
8182,141.4262824,-33.22821158,871887.057043295,-3656799.60422602,10.61445555,-1.00500274979367,45.2647744782859,1.00500274979367
8184,141.4193384,-33.30460665,870617.580240529,-3665259.23316942,8.98146239,-2.06475303185246,10.5593935251871,2.06475303185246
8185,141.4646067,-33.24627661,875276.094823487,-3659073.37487192,8.98146239,-4.51767548511206,45.2904121568195,4.51767548511206
8186,141.4326657,-33.25821688,872229.25537359,-3660184.54714466,8.98146239,-1.99858792645961,19.5901937071147,1.99858792645961
8187,141.484892,-33.25543557,877072.753651928,-3660232.39061843,12.24744871,-1.37232069789464,45.3598525535329,1.37232069789464
8188,140.00921,-33.26697,740730.329755751,-3652173.75843069,6.708203932,-6.5260879437702,14.009937401747,6.5260879437702
8191,151.2396154,-30.5078602,1820129.96685716,-3457556.85628005,54,12.5276827375433,55.8519915840684,12.5276827375433
8194,151.2234212,-30.56171472,1817704.87086207,-3463292.99607089,40,6.23885413881433,69.3496734445465,6.23885413881433
8200,151.2262427,-30.55972124,1818003.13677126,-3463112.28307345,26,-9.83849236023466,68.260477327303,9.83849236023466
8207,143.5466678,-33.1898284,1067914.55597405,-3668625.61991627,14.31487312,1.98575999851633,26.1453822689293,1.98575999851633
8218,149.586884,-30.61348805,1663187.77680278,-3446739.25498924,23.85812186,-0.541154392015354,79.8271044728808,0.541154392015354
8221,149.5420094,-30.64607653,1658470.91450134,-3449773.00026819,29,1.80592719404569,74.9858758243264,1.80592719404569
8225,149.5155369,-30.64699766,1655969.73679597,-3449531.84677437,25.44866332,-6.8731511092283,43.8314686295752,6.8731511092283
8232,139.3551,-33.22442,680578.30084499,-3643792.5144263,4.472135955,-7.5303075000232,60.2715730080924,7.5303075000232
8233,145.3699111,-32.52438889,1243733.76547,-3611118.48811322,12,-7.12408363048889,47.0144460410405,7.12408363048889
8242,145.3371389,-32.73451944,1238248.64393871,-3634159.93593386,20,5.17521701003448,45.031604433013,5.17521701003448
8244,145.3458611,-32.76761944,1238669.76072808,-3637923.47787874,15,-4.28041123106049,45.031604433013,4.28041123106049
8247,145.3355889,-32.74213889,1238016.53623168,-3634991.81959858,12,-6.27720689606035,45.031604433013,6.27720689606035
8248,150.1071473,-29.8947698,1723443.26607569,-3373862.20076661,40,3.31982224971269,81.8973947674649,3.31982224971269
8253,150.1624877,-29.93655873,1728011.28877059,-3379247.67166466,39,6.856802201039,179.705312200496,6.856802201039
8257,150.0655145,-29.94804929,1718665.27563603,-3379214.85309984,30,-10.167243458936,143.248457734719,10.167243458936
8262,151.5177676,-30.24007829,1850807.68999437,-3431885.99193894,22.92651304,-8.70430110222135,40.8083857545965,8.70430110222135
8266,151.5742866,-30.229818,1856300.78099439,-3431569.38838884,29,-2.25366835244767,41.8277086347752,2.25366835244767
8280,151.5087506,-29.01064292,1870928.69454438,-3295503.38678675,32,0.552625060344013,88.000587369247,0.552625060344013
8281,151.5716861,-28.99768186,1877138.96283097,-3294989.78984128,30,-5.52331135423833,102.859361156329,5.52331135423833
8282,151.5519155,-29.00505978,1875131.42732535,-3295517.30628921,26,-6.04402424383365,89.2227909269298,6.04402424383365
8283,151.5063901,-29.01345032,1870656.18777676,-3295780.04470681,20,-11.672791242607,88.000587369247,11.672791242607
8284,151.5790398,-28.99438468,1877895.18930058,-3294732.36851598,22,-9.74159072334166,102.859361156329,9.74159072334166
8285,146.2802444,-31.991125,1334728.27270395,-3561013.32594927,17,-7.64259060925383,125.040800946297,7.64259060925383
8290,150.5044491,-30.7954323,1746426.8490107,-3479166.31648588,41,7.36055181463133,142.317346878378,7.36055181463133
8294,150.5289009,-30.86855747,1747534.39706945,-3487607.01687064,46,11.1304677050148,136.754801160866,11.1304677050148
8302,150.5051768,-30.79153191,1746558.1217255,-3478743.86274463,39,10.9022501154723,142.782315248128,10.9022501154723
8303,150.494359,-30.79291955,1745521.83205994,-3478749.85217687,40,9.15378500580334,150.994221943444,9.15378500580334
8307,150.5012949,-30.79256647,1746177.57815254,-3478805.49169212,36,5.81299129937067,142.317346878378,5.81299129937067
8311,151.3625661,-30.08670851,1838799.33975132,-3412651.81844728,43,6.18303371729834,124.853077106154,6.18303371729834
8318,151.5061598,-30.06213622,1852749.16849874,-3412003.66289327,28,-4.19190710608233,100.764050301643,4.19190710608233
8322,152.0347368,-28.9770857,1921550.98728357,-3299591.50963098,50,5.89173914293096,113.185024488836,5.89173914293096
8324,152.0339981,-28.96159301,1921752.10746457,-3297863.98179029,62,3.04559758818567,159.244302573791,3.04559758818567
8329,152.0092838,-28.89352731,1920591.70386142,-3289951.18838214,27.42650666,-7.33207960917085,153.62437641503,7.33207960917085
8330,151.9676697,-28.89257158,1916646.67272091,-3289220.34043913,52.17758139,26.5363812952621,155.72568658959,26.5363812952621
8331,152.0318356,-28.94915864,1921764.16606843,-3296453.85439985,51,1.6591981940297,162.659024422817,1.6591981940297
8334,152.0097466,-28.88945786,1920706.96337431,-3289507.2708532,10.2774024,-10.272897730668,153.62437641503,10.272897730668
8336,149.8213601,-30.4071181,1688434.63785352,-3426910.30321489,24,-3.0900485286154,91.5907504556114,3.0900485286154
8340,142.9873551,-33.25953801,1015647.72086816,-3671818.74344891,12.72433166,-4.44897735207757,19.725127217848,4.44897735207757
8342,148.7078762,-31.54993698,1566869.68143731,-3539567.91572238,12,-8.54860641030161,144.312193632285,8.54860641030161
8345,143.3386306,-33.1497293,1049121.79685309,-3662441.69755212,14.31487312,-2.0995488316001,18.640970612394,2.0995488316001
8348,149.5684029,-30.74658215,1659406.7945245,-3461270.66561188,27.03920478,-0.721027490941978,38.5204488202308,0.721027490941978
8351,149.5392526,-30.83377714,1655333.83255399,-3470569.29570617,18.29122676,-7.74612650727166,52.7109496456184,7.74612650727166
8353,149.5376786,-30.80772441,1655585.62569508,-3467657.63380979,30,1.41013258875034,49.7675535766868,1.41013258875034
8360,149.5705022,-30.86898422,1657723.78723275,-3474881.49907077,37,8.27761403615026,60.4455238386486,8.27761403615026
8361,149.5284183,-30.93144147,1652821.32550113,-3481266.97410709,29,-6.22334941362502,106.66295624892,6.22334941362502
8373,149.5521485,-30.870015,1655987.27067842,-3474757.85644271,25.44866332,1.51677153015459,79.1125593417513,1.51677153015459
8374,149.537207,-30.86286807,1654696.01980011,-3473771.14991281,24,-3.172539074174,79.9877180441513,3.172539074174
8382,149.5489826,-30.8673356,1655731.56161937,-3474419.48724554,24,0.675855908542658,79.0482866975904,0.675855908542658
8383,149.5484987,-30.75961987,1657338.59307604,-3462459.24641591,23,-4.4655814634157,32.265422612644,4.4655814634157
8384,149.5346747,-30.83775413,1654843.53310861,-3470951.33927375,35,11.4779087287454,55.2510891841172,11.4779087287454
8385,149.5174653,-30.91512316,1652044.87086483,-3479314.48820242,27.03920478,-8.33354485717398,129.134418038941,8.33354485717398
8386,149.5289234,-30.8157424,1654641.4519381,-3468434.03639847,23.85812186,0.463327488143012,50.31168536359,0.463327488143012
8392,149.5457938,-30.76596845,1656987.36232183,-3463128.74119262,25,-2.83767231955533,29.3814380418816,2.83767231955533
8414,145.6003164,-32.70942035,1262889.19243799,-3633946.56940081,22,-10.4379215450483,48.3960783662348,10.4379215450483
8415,141.2954518,-33.35516729,858776.889104303,-3670050.4805814,13.88044188,-1.46805919321089,21.5224110158107,1.46805919321089
8418,141.228508,-33.38210631,852385.913096545,-3672601.67814435,22.04540769,2.92404403904901,43.7851807929717,2.92404403904901
8425,141.2412827,-33.31266542,854124.079591186,-3664954.6954553,24.49489743,5.11358280200694,47.3670617689476,5.11358280200694
8426,141.2651701,-33.35016646,856024.628528917,-3669290.42555347,16.32993162,-3.86129373265453,21.6449981870593,3.86129373265453
8433,141.2932192,-33.37849779,858381.694790534,-3672633.16774133,9.797958971,-10.1105607438446,29.7875073074625,10.1105607438446
8437,141.2907204,-33.38682892,858083.720782661,-3673543.97001221,14.69693846,-4.58991283237938,28.5310318107237,4.58991283237938
8439,141.3035089,-33.39738753,859177.009899555,-3674805.49247408,25.31139401,4.26614699514854,28.6911109241691,4.26614699514854
8442,151.4111021,-30.26012412,1840431.03855017,-3432565.88096023,38,0.288228487165981,87.0915472918948,0.288228487165981
8444,150.764974,-30.8132596,1770546.7231368,-3484728.3395044,39,-2.16524021469242,72.4719908797919,2.16524021469242
8446,150.7109819,-30.72110968,1766995.56690584,-3473767.4611928,36,1.98031387191066,54.769279482144,1.98031387191066
8456,150.7581458,-30.80847816,1769985.4639575,-3484103.81264849,53,7.01823926046197,76.2388745255642,7.01823926046197
8457,150.749525,-30.79903792,1769332.53105641,-3482938.15183693,43,2.7474097606901,63.2353646007178,2.7474097606901
8458,145.3795611,-32.68993889,1242693.67520004,-3629616.57744882,14,-3.76648888663446,41.1049029197492,3.76648888663446
8463,150.5764032,-31.19188361,1746735.59124216,-3524090.66143505,50,26.351536388037,134.841051442758,26.351536388037
8467,143.9708592,-33.14526166,1107499.50810717,-3667281.09217207,26.24393405,12.7349249548673,23.0561925613096,12.7349249548673
8469,143.9737445,-33.14375108,1107781.45199589,-3667138.14208362,5.715476066,-8.20356719631694,23.0561925613096,8.20356719631694
8470,143.89516,-33.1245068,1100731.92725054,-3664318.97374231,14.31487312,1.52527986668176,22.8997222102284,1.52527986668176
8471,148.9514048,-31.36254837,1592350.16528947,-3521781.35020764,36,4.71224826634063,109.649783488663,4.71224826634063
8475,148.967373,-31.36509167,1593803.62199895,-3522262.73290429,38,5.929328494363,109.755069476689,5.929328494363
8476,148.9238789,-31.48077806,1588031.23750236,-3534559.69074262,16,-15.9702585481807,99.9867941584323,15.9702585481807
8477,148.9564678,-31.38873822,1592434.90583487,-3524751.07202738,22,-6.940743213022,117.972163799494,6.940743213022
8489,150.5945818,-30.32962808,1762443.78686509,-3428756.55756427,38,-7.54319609553433,121.686997660217,7.54319609553433
8493,142.9318598,-33.3971957,1009216.91800152,-3686691.40392278,17.96292478,-1.78404201582375,20.6490581932318,1.78404201582375
8494,142.8918619,-33.3935106,1005568.3540667,-3685966.13072747,17.1464282,-1.39963951806898,20.8696830016231,1.39963951806898
8498,142.9666959,-33.40068825,1012391.630072,-3687355.47622385,19.59591794,2.52714329637632,20.6490581932318,2.52714329637632
8499,142.9516333,-33.38289067,1011174.64132227,-3685256.6875786,20.41241452,0.763978916808114,20.6490581932318,0.763978916808114
8504,142.9404682,-33.2982802,1010954.22700107,-3675756.74488455,17.96292478,-1.19173537432307,21.1593091144063,1.19173537432307
8506,142.9548636,-33.31200512,1012149.93453328,-3677397.50324802,11.43095213,-4.85505091629733,20.6728465119809,4.85505091629733
8507,142.9473089,-33.3180936,1011395.46686923,-3678014.94976587,13.88044188,-3.51176410558899,20.6728465119809,3.51176410558899
8509,142.9685013,-33.2918243,1013600.07681615,-3675260.69375997,22.86190427,4.17721083425087,20.6728465119809,4.17721083425087
8511,147.434711,-31.95244926,1442648.32517177,-3569264.27266204,11,-7.4352456137326,203.927447515906,7.4352456137326
8516,151.424619,-29.58592051,1853150.92823882,-3358046.97179575,38,-4.43384359233201,53.2277942273007,4.43384359233201
8518,151.4034392,-29.57554097,1851321.99260465,-3356589.4081595,30,-10.180065340076,53.2277942273007,10.180065340076
8520,151.4133034,-29.57251001,1852307.35075711,-3356396.42688742,36,-8.68605500237967,53.2277942273007,8.68605500237967
8525,151.4016069,-29.6003714,1850727.29522279,-3359315.15255108,40.31904017,-2.03867797437233,50.0168775015333,2.03867797437233
8526,151.4072101,-29.55298263,1852061.80153134,-3354143.59423149,31,-9.296424087657,51.5929669347407,9.296424087657
8529,151.3943769,-29.59466258,1850139.73701948,-3358577.64633627,32,-11.2802190072217,50.0168775015333,11.2802190072217
8533,151.444665,-29.51940138,1856179.50544254,-3350964.91494358,47.4341649,7.62200509730298,54.8937529014698,7.62200509730298
8535,151.4485955,-29.47563426,1857296.08598042,-3346170.76174581,20.55480479,-5.40854467421748,49.0747764969143,5.40854467421748
8536,151.4486331,-29.47568358,1857298.81019334,-3346176.77519292,20.55480479,-5.40854467421748,49.0747764969143,5.40854467421748
8539,151.4535953,-29.46341201,1857977.76059536,-3344888.69900669,8.696263565,-8.01291785312164,53.6689132938438,8.01291785312164
8548,151.4675499,-29.49394104,1858780.54453279,-3348475.59145108,43,15.1215763385858,58.1443837695711,15.1215763385858
8551,151.4394018,-29.5515232,1855134.98785679,-3354448.89363725,33.20391543,-6.68826089978234,42.1465625471251,6.68826089978234
8552,148.5809003,-31.57863276,1554613.29822463,-3541201.75259946,5,-10.5142912963675,120.731994782828,10.5142912963675
8554,148.604211,-31.52336033,1557588.48901659,-3535350.36927973,27,11.8169511736143,128.479762810855,11.8169511736143
8560,141.1846172,-33.33960565,848679.78405346,-3667577.03085318,22.04540769,4.96598774768468,48.7144200035978,4.96598774768468
8563,141.1346118,-33.34433311,844029.363090454,-3667772.19010759,18.77942136,-2.03347005604684,30.7130502967203,2.03347005604684
8573,141.1608111,-33.37998056,846160.889152068,-3671914.9590892,5.813776741,-17.2395624257428,41.7067904869267,17.2395624257428
8574,141.1674006,-33.35016523,847007.142365058,-3668638.63672002,24.49489743,3.47908338268342,49.1432858217383,3.47908338268342
8581,149.3811377,-30.86786362,1639985.81844089,-3472313.13867744,36.58245352,-1.89522850808,93.1829687461229,1.89522850808
8584,150.7363163,-29.94071419,1782152.36235072,-3387591.84424799,42,8.78724636865068,73.6898412846708,8.78724636865068
8588,150.7512313,-29.95316624,1783356.68096704,-3389180.97570116,52,14.5709782178224,86.9774463005655,14.5709782178224
8592,150.7594041,-29.94349955,1784286.93271882,-3388223.01604498,31,-7.65139212257032,85.9053055673254,7.65139212257032
8594,150.7395481,-29.94666047,1782360.12153088,-3388296.41087251,43,4.57820412101934,74.8494207709758,4.57820412101934
8596,150.7779157,-29.96393947,1785699.35716785,-3390748.48403452,42,8.62189620144667,108.952147957093,8.62189620144667
8598,150.0672036,-30.56143507,1709134.46875301,-3447302.55014054,28,-1.73502701249566,127.392414570078,1.73502701249566
8601,150.0678415,-30.5603222,1709211.98819221,-3447187.62351398,33,6.14472039164684,127.392414570078,6.14472039164684
8606,150.1032491,-30.54567631,1712770.89220246,-3446037.04657818,35,4.67913239802569,121.810368174546,4.67913239802569
8610,150.1718596,-30.57121979,1718812.69718129,-3449792.05638475,39.76353644,16.4589496437073,119.252306516865,16.4589496437073
8611,150.1057477,-30.54679606,1712987.9796638,-3446194.76687033,24,-6.15629129487998,116.696468993267,6.15629129487998
8613,150.0993592,-30.54509366,1712414.54872237,-3445920.26460068,42,13.493056523012,121.810368174546,13.493056523012
8615,150.1024472,-30.55933005,1712479.45951573,-3447540.98081045,45,14.679978289575,115.940469737527,14.679978289575
8616,150.236749,-30.47155956,1726497.48927379,-3439612.13280328,30,-0.791359633976882,92.3242286924267,0.791359633976882
8617,150.1611531,-30.55844193,1718009.70018024,-3448230.6439368,18,-10.2550119981503,117.367067977652,10.2550119981503
8618,150.1455828,-30.58907024,1716060.86674127,-3451418.89126928,37,13.4222129421365,131.22084960761,13.4222129421365
8624,150.221683,-30.45983052,1725267.70162236,-3438107.52517961,33,4.369218148419,89.454469272766,4.369218148419
8627,150.1003215,-30.57227789,1712074.84191235,-3448948.85126878,28,5.30186540551481,116.878145711165,5.30186540551481
8628,150.1371864,-30.58746976,1715297.52235529,-3451128.59605154,37,14.4848372936861,131.22084960761,14.4848372936861
8636,150.1138844,-30.47002371,1714968.37125823,-3437786.90035604,26,-3.51523558647499,64.9229508163915,3.51523558647499
8637,150.2277093,-30.46208726,1725798.44676345,-3438439.25701973,28,1.19142575421633,84.204209915844,1.19142575421633
8641,150.118821,-30.47915129,1715288.03181156,-3438865.79818632,16,-12.2694766098287,63.1088226860394,12.2694766098287
8644,148.2410035,-31.61396058,1522417.12200369,-3541030.449734,8,-6.9252509408383,75.3963398407262,6.9252509408383
8652,151.1860374,-30.27377202,1819024.6569861,-3430854.78516296,55,19.0507471335585,151.833372262061,19.0507471335585
8653,151.1918161,-30.27663978,1819520.30299952,-3431254.8857175,25,-11.162496138499,152.185922936098,11.162496138499
8665,139.71997,-33.36985,713319.528335636,-3661992.39146365,14.75804865,2.09450166040983,18.4947290655807,2.09450166040983
8678,150.5769049,-29.8442981,1768663.30777263,-3374681.9852533,39,3.96989178014499,133.382183807548,3.96989178014499
8680,150.4930436,-29.89504079,1759914.40844187,-3379153.15258257,63,23.1997157309539,147.693877482614,23.1997157309539
8682,150.5814706,-29.84162152,1769138.42132147,-3374448.27801381,25,-9.27997733299765,146.043212705181,9.27997733299765
8684,150.5833272,-29.84573289,1769247.12504872,-3374930.07749258,22,-12.9776831007632,130.151125572249,12.9776831007632
8691,142.5376534,-33.32453506,973576.674284689,-3675549.12313042,9.543248745,-6.85199199916846,12.2998071122346,6.85199199916846
8694,144.6529012,-32.98568785,1172161.05406161,-3655624.80236972,4.771624373,-10.7357529448237,44.4000632198674,10.7357529448237
8696,145.4247806,-32.72816944,1246430.05139719,-3634306.40536303,12,-7.08340759275671,45.031604433013,7.08340759275671
8697,145.4145694,-32.71216944,1245672.89432837,-3632428.47451836,17,-2.17754470241157,45.031604433013,2.17754470241157
8698,145.4750754,-32.7302919,1251057.42557229,-3635033.90368349,28,0.901761903195428,44.0653202263907,0.901761903195428
8699,145.4553306,-32.72001111,1249351.84958297,-3633698.0658563,19,-9.14988709112319,44.0593048126556,9.14988709112319
8700,145.4778123,-32.73375255,1251269.8559899,-3635445.3195365,17,-8.96521956976187,44.0653202263907,8.96521956976187
8703,145.4677926,-32.7243585,1250453.55639226,-3634303.16525137,26,-1.39338501578648,44.0593048126556,1.39338501578648
8709,145.4882465,-32.77747871,1251719.9921252,-3640406.99271496,28,10.4455779282276,44.0653202263907,10.4455779282276
8713,145.4855015,-32.76241924,1251643.51739385,-3638706.52462911,17,-0.333750553418039,44.0653202263907,0.333750553418039
8722,145.6062306,-32.42476111,1266818.96121642,-3602363.63172979,11,-10.0037472374869,49.8034013763493,10.0037472374869
8723,143.7492106,-33.08273503,1087693.13678982,-3658423.37463866,8.747978016,-3.51144484126609,25.4248986749652,3.51144484126609
8727,142.4856698,-33.39975116,968096.287154177,-3683522.76410225,16,-0.670748985519946,31.8046778294499,0.670748985519946
8729,142.4361249,-33.39786346,963549.420189096,-3682938.18730779,15,-2.63706167210039,32.2499924026777,2.63706167210039
8737,142.4319961,-33.40310594,963121.32898402,-3683490.3298177,14,-1.40386062465393,32.2499924026777,1.40386062465393
8740,142.4343234,-33.33931742,963916.686121849,-3676410.42090426,12.24744871,-2.0087383117204,32.2499924026777,2.0087383117204
8745,151.4583339,-28.98952083,1866490.57277176,-3292424.29216956,36,1.24242687799539,94.0877523048633,1.24242687799539
8748,147.5652667,-31.94964722,1454828.99681322,-3570433.55292186,21,8.70101572987117,173.509085549439,8.70101572987117
8756,150.4564399,-30.9904116,1738782.88990006,-3500125.6400366,16,-13.0371311762876,178.99881310164,13.0371311762876
8760,150.5245569,-31.02665841,1744568.60064545,-3505071.85854172,19,-11.708356717034,129.280421072354,11.708356717034
8761,150.5141159,-31.00002244,1744023.05614986,-3501977.08964739,47,16.3147432923978,127.35908660458,16.3147432923978
8762,150.5162831,-31.05326816,1743364.40583003,-3507908.13941892,44,10.4305790505262,128.110002242076,10.4305790505262
8763,150.5323082,-31.06880928,1744611.00488866,-3509849.31350729,44,13.1892918535503,122.458661696039,13.1892918535503
8766,150.5314146,-31.02593302,1745221.64065135,-3505085.12417499,18,-10.0619149050533,129.280421072354,10.0619149050533
8769,150.5233118,-31.06218803,1743877.1877791,-3508992.66180399,43,8.2718728120028,118.620527648892,8.2718728120028
8773,150.5275086,-31.06398224,1744240.48027326,-3509248.80537076,52,18.82204309604,120.347966531367,18.82204309604
8777,141.8512722,-33.43181906,909369.243084243,-3682429.65058416,8.164965809,-4.45792722724803,23.8955677339339,4.45792722724803
8781,149.9536328,-31.10975201,1689857.76383971,-3506610.00549145,23,-1.15048960997883,101.666003396159,1.15048960997883
8782,148.0413904,-31.77001277,1501617.28417002,-3555994.90482313,6,-7.8412529537606,113.183780298594,7.8412529537606
8786,149.670017,-30.89009269,1666726.91263093,-3478518.50782542,42.14934862,11.228914168801,64.8467326279793,11.228914168801
8787,149.5962407,-30.87662342,1660019.27479297,-3476063.40176564,30,0.819019186255336,58.6459312424311,0.819019186255336
8793,149.6350342,-30.84990981,1664067.56827958,-3473603.84643073,34.19664134,-3.01270800189724,62.7741165908416,3.01270800189724
8795,149.6463616,-30.89350102,1664457.26054895,-3478588.27792354,23,-6.82222308161265,52.3887324263753,6.82222308161265
8800,149.6770525,-30.92117883,1666905.99577405,-3482059.37355078,18,-9.81996392539368,48.9376192118768,9.81996392539368
8802,149.6161684,-30.88539414,1661752.26638418,-3477295.69617036,18,-11.4027239455306,52.0463254883266,11.4027239455306
8804,149.6300056,-30.88968605,1662983.11288349,-3477951.97804522,32,2.86926545284101,46.1382264266087,2.86926545284101
8805,149.6678607,-30.88021661,1666677.33398361,-3477394.577074,33.40137061,0.7737762426109,65.7964678811791,0.7737762426109
8806,149.6174116,-30.88611755,1661857.65459767,-3477392.13771144,18,-11.5476195534677,52.0463254883266,11.5476195534677
8808,149.6775105,-30.90382649,1667217.0185994,-3480140.09109652,29,-1.85344774025003,64.8467326279793,1.85344774025003
8809,149.6003786,-30.85484069,1660742.28965574,-3473700.04818791,22,-6.914939496532,47.713561700839,6.914939496532
8812,139.93837,-33.39762,733281.399168232,-3666323.16798522,12.07476708,-1.35585054465262,15.6976215537399,1.35585054465262
8814,141.4662808,-33.43377331,873880.993888252,-3679960.26060573,11.43095213,-0.672840650197273,12.7735525150522,0.672840650197273
8816,141.4732273,-33.38960478,874886.35259378,-3675090.84232521,12.24744871,-0.519563138057872,8.56701989434952,0.519563138057872
8817,141.4690611,-33.41266587,874311.662493483,-3677629.5924759,13.06394529,-2.45252763528744,12.7735525150522,2.45252763528744
8819,141.4823957,-33.46099601,875140.582420662,-3683100.86709536,12.24744871,0.180950377923109,12.3724488536324,0.180950377923109
8833,148.7508462,-31.63123445,1569686.54561529,-3549117.83114893,25,3.12153929099214,103.498921260586,3.12153929099214
8841,147.2208306,-32.11698881,1420564.80963728,-3585143.1390649,35,9.77762133336791,233.870284778669,9.77762133336791
8842,147.179262,-32.11010346,1416794.79575301,-3583916.76358079,55,26.9059867900012,209.86889421698,26.9059867900012
8848,149.7415668,-30.77214865,1675261.55909897,-3466367.72968153,33,3.88229065970966,97.4910006520578,3.88229065970966
8851,149.7016974,-30.72943446,1672181.98408779,-3461105.72418909,27.03920478,-0.766995249379008,88.670552093374,0.766995249379008
8852,149.7542632,-30.74231667,1676915.69147122,-3463224.17988624,35,3.130457420699,100.059984515788,3.130457420699
8853,149.7710902,-30.76440516,1678151.63115294,-3465896.01253933,36,-4.26090793088267,92.1503799785118,4.26090793088267
8857,149.7771563,-30.76507797,1678710.30582508,-3466050.35931673,27,-10.9186469434067,92.1503799785118,10.9186469434067
8861,149.7316104,-30.72546202,1675051.12382258,-3461056.78401326,26,-7.48365261246067,95.6657960005019,7.48365261246067
8862,149.6829636,-30.74734688,1670146.73198733,-3462848.36404524,45,16.1547060431153,77.7892159886605,16.1547060431153
8863,149.7128735,-30.6990696,1673701.14435783,-3457882.54333048,19.88176822,-8.63029890352234,116.928090141907,8.63029890352234
8871,149.763086,-30.75474587,1677550.64521726,-3464719.13305913,35,3.68683138788298,100.059984515788,3.68683138788298
8872,149.7317095,-30.78663323,1674112.25080736,-3467845.69324587,14,-13.1174266964173,73.4074329265893,13.1174266964173
8874,142.8736736,-33.36401849,1004173.10369837,-3682542.62609402,13.06394529,-2.1335112463288,21.2328689437934,2.1335112463288
8878,143.1990998,-33.27130182,1035056.26750647,-3674826.76681411,6.36216583,-7.4426899684818,17.0933477133802,7.4426899684818
8882,144.3931731,-33.13369794,1146574.97508235,-3669721.05379604,13,0.0560015910178358,34.890682603567,0.0560015910178358
8883,144.3949016,-33.12779231,1146798.27973567,-3669080.09626795,11,-1.80195918760002,34.890682603567,1.80195918760002
8884,144.3898743,-33.12893128,1146322.28715806,-3669161.5871145,14,0.957186637137402,34.890682603567,0.957186637137402
8886,149.0837544,-31.04550114,1609442.40467615,-3488248.85000816,16,-13.7591140649727,66.0289508065327,13.7591140649727
8889,149.1151815,-31.10358489,1611516.46687297,-3495092.41019462,12,-19.194735567295,50.8691646279383,19.194735567295
8890,149.1134764,-31.09570217,1611474.79197939,-3494195.94367604,28,-0.612133460203669,58.7858648330213,0.612133460203669
8894,149.1519774,-31.10967749,1614868.90763922,-3496233.27988099,26,-1.05888790248967,54.6950772203749,1.05888790248967
8895,149.0881485,-31.05337697,1609736.25617484,-3489178.47627377,26,-2.13865530614368,66.2809786715903,2.13865530614368
8897,149.1140656,-31.11377795,1611259.55302225,-3496209.72382032,29,0.0269534074853333,40.6945159722843,0.0269534074853333
8903,149.0788777,-31.07127874,1608600.88960505,-3491048.88899047,29,-0.231055609229301,65.898582583449,0.231055609229301
8907,149.1568736,-31.0479884,1616252.21445554,-3489448.03208812,40,12.3811814585797,60.583410537185,12.3811814585797
8909,149.0913766,-31.05821367,1609966.27468421,-3489756.05115288,32,2.20100878984331,66.2809786715903,2.20100878984331
8910,149.1327605,-31.11105241,1613049.90135903,-3496143.11549159,31.81082915,2.41156917362931,47.6195482127236,2.41156917362931
8911,149.1043358,-31.07477149,1610932.14884119,-3491757.37466055,29,-1.42921785139566,66.8438661413914,1.42921785139566
8912,149.1330489,-31.11129118,1613073.31567627,-3496173.25879495,23,-6.90378332266767,47.6195482127236,6.90378332266767
8917,151.4210061,-29.40545003,1855873.57132152,-3337990.06212491,19,-13.8642023250227,80.454766325818,13.8642023250227
8921,151.5217561,-29.27390893,1867671.83520456,-3324877.18532943,39,-8.01239043793902,417.702591070579,8.01239043793902
8923,151.5109386,-29.2717945,1866681.04680415,-3324484.71010482,40,-7.49223618327032,461.474926414189,7.49223618327032
8925,151.5249826,-29.27174655,1868015.03130089,-3324684.66983296,55,4.34349128758997,417.702591070579,4.34349128758997
8927,151.5030386,-29.27535568,1865870.37320743,-3324764.05117812,67,27.751145945104,414.595322988577,27.751145945104
8934,151.5124834,-29.27063337,1866847.50438976,-3324378.57571637,35,-22.3577082459246,461.474926414189,22.3577082459246
8936,151.4369201,-29.32671961,1858720.70319193,-3329493.95365384,49,12.40723950983,390.132142058754,12.40723950983
8945,151.498235,-29.30961969,1864830.17530551,-3328491.96765382,26,-6.73968231391135,425.822364479949,6.73968231391135
8948,149.2703249,-31.08949851,1626248.26376519,-3495494.91837026,29,-1.30891256652334,56.0614336317394,1.30891256652334
8950,149.2516144,-31.08851891,1624511.90104244,-3495148.15595505,25,-3.437556521798,57.4020562495805,3.437556521798
8952,149.2681838,-31.11009221,1625737.06636838,-3497753.13197653,24,-5.44908108181017,46.6788359885574,5.44908108181017
8954,149.2953629,-31.03975326,1629343.52413399,-3490293.15049902,33,-3.03749454315633,65.6684917789829,3.03749454315633
8956,149.2490839,-31.03713193,1625049.80216074,-3489412.77571696,42,11.4924736928903,57.0102738426361,11.4924736928903
8957,149.2618583,-31.08648145,1625501.39008041,-3495052.3338507,24.65339259,-3.01491819178198,56.0614336317394,3.01491819178198
8969,149.2914534,-31.11870006,1627784.34386402,-3499004.69587637,27,-2.869753805648,44.9366692407216,2.869753805648
8972,149.160017,-31.11147324,1615594.35086711,-3496534.23741281,28,0.592223774207007,49.8310295778763,0.592223774207007
8973,149.1884257,-31.1173348,1618164.79206503,-3497544.34313392,34,5.32629681587269,49.8392776784491,5.32629681587269
8976,149.1811201,-31.09495384,1617817.26630609,-3494967.80120514,20,-8.64402674617135,50.1245539912042,8.64402674617135
8980,149.264341,-31.04089688,1626421.61547347,-3490024.7888537,27,-0.703214794047344,52.3386149099392,0.703214794047344
8983,149.1622241,-31.04182828,1616845.62981507,-3488831.97331258,42.14934862,12.4964810443586,53.0747898138551,12.4964810443586
8984,149.2335005,-31.04894819,1623412.60555425,-3490526.12514408,18,-11.7819891689467,52.8551616083091,11.7819891689467
8987,149.1727273,-31.06376901,1617499.82858347,-3491400.26306976,32,4.92531638763398,61.9022134582182,4.92531638763398
8995,149.1936642,-31.06290938,1619472.88158335,-3491570.09119981,26,1.47463460705767,48.6804174035227,1.47463460705767
9001,149.2925447,-31.12048457,1627859.47858499,-3499216.63475948,26,-2.32156266969333,44.3419231747712,2.32156266969333
9004,149.2649973,-31.10834433,1625465.27247783,-3497518.6097569,20,-9.60586980260964,52.8853561346978,9.60586980260964
9005,149.200043,-31.0873711,1619702.31626562,-3494365.96704176,34,5.80374301667299,56.6126027173044,5.80374301667299
9006,149.2964832,-31.04888834,1629310.31441845,-3491321.26751311,22.26758041,-11.1722444860303,61.5945465760396,11.1722444860303
9007,149.2706204,-31.11424346,1625902.40348434,-3498244.834891,31.01555842,1.37597965092318,47.5625971254138,1.37597965092318
9008,143.6935103,-33.18763729,1081480.20855372,-3669617.19843347,11.92906093,-4.2319392653381,29.3108792158051,4.2319392653381
9009,143.6542694,-33.20200505,1077714.92015873,-3670883.39037625,21.47230968,3.19728294752325,29.3108792158051,3.19728294752325
9015,147.0933026,-32.00790296,1410156.64175343,-3571612.54568306,7,-14.6344051867557,211.982018383794,14.6344051867557
9019,147.0613616,-32.04385604,1406713.17016685,-3575254.7422221,29,12.6406242743488,205.187122527959,12.6406242743488
9020,147.0499263,-32.07107956,1405292.13103902,-3578153.31143219,6,-8.99509811356674,222.531645348347,8.99509811356674
9021,147.0573156,-32.06121572,1406108.66699827,-3577138.7956784,26,9.20058706778364,205.187122527959,9.20058706778364
9031,141.0079602,-33.33211151,832442.541245106,-3665580.16519516,18.77942136,1.33699629429069,26.285450381726,1.33699629429069
9036,141.1123958,-33.34238884,841995.581919435,-3667409.08373318,18.77942136,2.13775303501842,28.194265846438,2.13775303501842
9041,141.0790671,-33.36211387,838764.803868825,-3669386.39838355,22.04540769,-0.126312926108969,37.2620043227444,0.126312926108969
9042,141.0887897,-33.33571517,839870.999147027,-3666510.51377671,15.51343504,-2.90194045438249,29.4274536207788,2.90194045438249
9046,141.0210052,-33.33321946,833637.32427509,-3665788.61569634,16.32993162,-3.33639034340973,26.024458273818,3.33639034340973
9055,141.0040622,-33.38933368,831633.052424525,-3671927.17764537,22.04540769,1.26262870720743,30.0804053312848,1.26262870720743
9057,150.351072,-30.64839921,1734409.62918059,-3460774.08972003,11,-15.6213895046307,130.902973351179,15.6213895046307
9061,150.3370182,-30.60130325,1733845.34823044,-3455360.45905711,15,-9.41467661931635,147.215026520469,9.41467661931635
9077,147.3662072,-32.06710551,1434737.23871849,-3581227.36748183,51,30.9465821251922,218.674425116239,30.9465821251922
9078,147.3842124,-32.02294063,1437003.78809798,-3576524.58313209,31,5.69061823344703,202.851272885301,5.69061823344703
9085,147.6499473,-31.89400827,1463464.98231089,-3565221.56286673,22,9.6256010690322,170.50915188368,9.6256010690322
9089,150.5318707,-30.91105427,1747124.37493917,-3492358.31016885,31,2.761285884523,144.408145539505,2.761285884523
9098,150.5300275,-30.9501809,1746318.33652074,-3496670.03311234,20,-5.95012339624786,171.392506653093,5.95012339624786
9100,142.1315017,-33.44092488,935103.159138751,-3685465.87978269,28.62974624,12.3813056398984,37.566231886327,12.3813056398984
9104,150.8770327,-30.46553894,1786779.12102804,-3447748.42759456,45,2.05819193902469,130.376084458631,2.05819193902469
9107,150.9017389,-30.46046318,1789184.42702251,-3447531.57952523,45,1.26228580355237,138.134249747233,1.26228580355237
9108,150.8962322,-30.45019879,1788836.50693071,-3446316.72367861,58,8.72540809812936,221.013728180807,8.72540809812936
9109,150.8749677,-30.45800893,1786709.30762424,-3446884.87477738,46,0.591226186871701,173.502663393926,0.591226186871701
9110,150.8877925,-30.45915548,1787895.52425743,-3447191.38382349,49,6.31892199129636,182.397745996697,6.31892199129636
9111,150.8881645,-30.452053,1788047.73135306,-3446409.31457237,42,-4.74653862041997,207.868092722416,4.74653862041997
9113,150.8839427,-30.46623764,1787416.87612722,-3447922.5349204,42,1.0541252064537,79.9748725056121,1.0541252064537
9116,150.9173394,-30.46627025,1790554.30951527,-3448393.80912144,50,7.49344205972235,93.9328526198766,7.49344205972235
9121,151.0034365,-30.38433253,1800004.36689273,-3440521.82654495,43,3.118583769479,213.866062312608,3.118583769479
9129,150.9974668,-30.503827,1797459.07297122,-3453681.54040464,31.6227766,0.959560041663607,115.5896037832,0.959560041663607
9141,150.9980975,-30.37213512,1799704.92730188,-3439094.67896107,39,-4.80156719989996,201.434916837108,4.80156719989996
9149,150.9152198,-30.36424413,1792041.89833619,-3437054.9903816,40,-1.52965123541399,291.750959585732,1.52965123541399
9150,150.9122096,-30.36392542,1791764.06464706,-3436977.44028645,14.23024947,-19.4466218677597,289.026549298869,19.4466218677597
9151,151.0077579,-30.39033459,1800310.95223313,-3441247.9624509,36,-5.05592724552901,212.806231413001,5.05592724552901
9154,150.9163771,-30.36363111,1792160.87514967,-3437003.27133834,20.55480479,-21.187800422727,291.130496870247,21.187800422727
9162,150.9960034,-30.37431324,1799471.85212977,-3439306.60052664,55,17.2435333711127,201.434916837108,17.2435333711127
9164,146.5728838,-32.12720455,1360230.05015764,-3579226.35457961,9,-6.3361241758788,202.241836148179,6.3361241758788
9165,143.9529209,-33.2493641,1104758.67991217,-3678700.23247122,15.11014385,2.44212586363056,21.7246171689645,2.44212586363056
9179,141.1068508,-33.44822306,840642.619227931,-3679157.09549726,15.51343504,-2.40120790880328,41.0684222909667,2.40120790880328
9180,141.0996182,-33.43682813,840066.635450852,-3677840.81330597,17.96292478,3.06096287369784,37.9859343223351,3.06096287369784
9185,141.117677,-33.4337817,841755.223642929,-3677620.48755727,29.39387691,6.5430583868023,41.0684222909667,6.5430583868023
9187,141.0793474,-33.44599776,838125.732962065,-3678728.62856118,18.77942136,0.0388587277175212,37.9859343223351,0.0388587277175212
9193,141.3898949,-33.32627793,867723.388838703,-3667471.93927103,11.43095213,-4.60055374241298,15.3659334338448,4.60055374241298
9195,141.3221161,-33.36349846,861168.143696419,-3671157.59184293,12.24744871,-4.17909143118051,23.003189830322,4.17909143118051
9200,141.3451723,-33.39877597,863006.438614197,-3675240.89138563,22.04540769,3.21432498710133,21.5127363029824,3.21432498710133
9201,141.3454538,-33.3829365,863161.61947541,-3673479.30571768,22.86190427,2.98041203434468,21.5127363029824,2.98041203434468
9203,141.3423897,-33.40489003,862700.063644141,-3675902.79364747,22.86190427,2.96049963551894,21.7160953211879,2.96049963551894
9204,141.3351696,-33.36738753,862340.171255143,-3671678.65584541,22.86190427,5.00655513773639,21.6911267754727,5.00655513773639
9205,150.266031,-30.99820349,1720843.1313301,-3498411.29430035,24,-1.79574876617946,159.944736663381,1.79574876617946
9211,149.1026085,-31.17657438,1609248.65933573,-3503035.2462488,18,-6.96131168478201,150.061059389359,6.96131168478201
9215,149.0731807,-31.23570999,1605613.81520711,-3509228.30561674,49,17.4708351324943,125.18805272399,17.4708351324943
9219,149.1065773,-31.18193055,1609539.78475855,-3503679.71826193,21,-0.983708689202082,154.398703459783,0.983708689202082
9221,149.1055139,-31.18318371,1609421.59454682,-3503805.40756485,29,5.48729598405166,154.398703459783,5.48729598405166
9225,149.1078562,-31.2395839,1608797.39000827,-3510094.47406763,22,-13.3235931086383,136.115750092285,13.3235931086383
9227,149.0809398,-31.25013403,1606123.8359593,-3510926.68108317,16,-21.8024302911343,136.91165684893,21.8024302911343
9231,149.0986021,-31.24693333,1607822.52975535,-3510793.62477332,37,1.69750879654798,135.486279217738,1.69750879654798
9232,149.017049,-31.26185978,1599977.42756035,-3511426.39011952,38,6.27871386845866,87.0875838583776,6.27871386845866
9236,149.1048963,-31.22824911,1608690.14965568,-3508799.24256292,43,12.2004005255937,151.289498238246,12.2004005255937
9238,149.103781,-31.19163684,1609133.16462812,-3504721.77432163,13,-9.82998227548732,157.608951033562,9.82998227548732
9240,148.5617131,-31.69162865,1551189.37771669,-3553510.2222531,5,-13.3000901021767,95.8108285699161,13.3000901021767
9246,149.1610493,-31.16531438,1614883.39859298,-3502522.96226651,35,0.832289691820847,103.749149845406,0.832289691820847
9248,149.3059528,-31.16937487,1628374.49463602,-3504812.86445927,28.62974624,-2.91636263622666,40.7281647633378,2.91636263622666
9254,149.2812248,-31.13418802,1626593.40293743,-3500593.17329265,25,-7.32575716560702,36.5533623817406,7.32575716560702
9263,148.9390983,-31.26067848,1592708.93153341,-3510321.25784241,14,-19.2212653260667,79.617623244936,19.2212653260667
9264,149.0098043,-31.21976739,1599926.03593888,-3506663.73521182,46,14.9183860652273,89.9575441632801,14.9183860652273
9267,148.9874605,-31.23692865,1597582.0212031,-3508288.94252825,29,-1.96132532979,103.100474924026,1.96132532979
9279,148.9139021,-31.24535155,1590580.27959241,-3508306.0497421,25,-6.71138470102568,82.286702793532,6.71138470102568
9280,148.9766159,-31.25758111,1596261.7364537,-3510445.707925,30,-3.72368256229666,72.8940799031677,3.72368256229666
9281,148.9739007,-31.24013235,1596266.78231974,-3508475.04614852,20,-9.8897043536247,88.0704232126881,9.8897043536247
9294,146.6476425,-32.19143332,1366355.57805404,-3587161.55564204,47,24.118196083212,233.733193618047,24.118196083212
9296,146.6649389,-32.12961389,1368753.93264931,-3580477.2948207,35,13.3631253634979,225.321930579169,13.3631253634979
9299,139.22218,-33.11165,669003.813074055,-3630516.98433242,4.472135955,-8.82330960528168,60.4848234210131,8.82330960528168
9300,139.21672,-33.16975,668132.233597993,-3636966.86830834,8.049844719,-5.80036595703107,60.3431970218866,5.80036595703107
9306,139.20324,-33.147,667028.741093535,-3634359.7517773,11.62755348,-4.50654959281726,60.3431970218866,4.50654959281726
9307,139.20072,-33.12439,666937.885469205,-3631825.4193233,24.49489743,8.65254881387929,60.3431970218866,8.65254881387929
9312,141.4535052,-33.49460372,872201.803602928,-3686644.14347913,12.24744871,-1.90445919704867,16.148857553149,1.90445919704867
9317,141.4132252,-33.39766614,869288.76127757,-3675578.71175476,11.43095213,-0.90297624339804,12.6809322137276,0.90297624339804
9324,148.9446849,-31.61672979,1587959.44810739,-3549903.84371033,13,-14.3487274323346,92.5521805404603,14.3487274323346
9326,150.9570709,-30.06278665,1800973.35410983,-3404223.96789663,34,-0.894681287716345,174.251606322496,0.894681287716345
9341,150.8772204,-30.00353135,1794420.7095231,-3396530.32578722,29,-12.4899486891519,201.012021035209,12.4899486891519
9346,151.6237133,-29.24727799,1877806.54768037,-3323420.01200077,20,-32.7534247779347,326.632089217154,32.7534247779347
9357,151.6610968,-29.29317785,1880566.44687934,-3329056.92193929,15.90541458,-18.884040376172,284.804938064939,18.884040376172
9358,151.6419647,-29.29975279,1878638.00356861,-3329504.11795797,30.04163777,0.63996633795734,355.343346269988,0.63996633795734
9361,151.6398353,-29.29729459,1878478.16069942,-3329200.37013602,34.78505426,5.85025980690397,355.343346269988,5.85025980690397
9363,151.6038706,-29.23174183,1876189.04485305,-3321406.54400723,54,-0.317071329935679,337.672430959131,0.317071329935679
9366,151.6058116,-29.24035312,1876225.71621305,-3322389.48632595,54,-3.13635328486667,337.672430959131,3.13635328486667
9369,151.6010952,-29.22702023,1876006.44055205,-3320842.46306748,56,-1.20438891251298,301.781030752861,1.20438891251298
9372,151.6119296,-29.29396626,1875887.17413856,-3328421.45886026,58,22.8386443539897,367.101379288983,22.8386443539897
9374,151.6407665,-29.2969431,1878572.56020463,-3329175.10767371,32.41334602,2.88996766470537,355.343346269988,2.88996766470537
9375,151.6505397,-29.3045233,1879369.70695212,-3330158.93724383,79,50.2408268440847,279.100455106187,50.2408268440847
9377,151.6382757,-29.29845183,1878310.2957779,-3329305.69382548,22.13594362,-5.96955622827966,355.343346269988,5.96955622827966
9380,151.6577572,-29.2423016,1881124.04301874,-3323369.31037243,37,-14.4019065332333,260.383853070605,14.4019065332333
9382,151.672347,-29.29888522,1881535.82882899,-3329855.08293197,18.97366596,-14.7436881667584,205.258622065637,14.7436881667584
9383,151.6002596,-29.22341083,1875988.95666025,-3320430.13921717,55,-1.69413302702397,305.360767181935,1.69413302702397
9384,151.676503,-29.29594847,1881980.70258961,-3329590.8380851,33.20391543,-3.59746593125867,205.258622065637,3.59746593125867
9388,151.6713363,-29.29743128,1881464.93517709,-3329679.06731482,15.02081889,-21.3415722664977,222.972789131769,21.3415722664977
9391,151.6183161,-29.2531349,1877193.67891624,-3323989.83178589,55,18.884398900263,317.766331285703,18.884398900263
9394,151.609428,-29.2939673,1875649.75967464,-3328384.84449357,43,9.0563866525665,367.101379288983,9.0563866525665
9395,151.6088701,-29.29563096,1875568.2906394,-3328561.04076359,79,45.9484544425746,367.101379288983,45.9484544425746
9397,151.6567537,-29.30251943,1879993.75677659,-3330028.28412033,25.29822128,-6.6039718098425,279.100455106187,6.6039718098425
9400,149.7800565,-30.8103243,1678279.19089889,-3471108.62924229,20,-10.9958119680313,76.2205064204632,10.9958119680313
9401,149.7792953,-30.80965524,1678218.20263402,-3471024.39798814,28,-1.84796447772032,76.2205064204632,1.84796447772032
9409,142.504886,-33.40735668,969796.706325081,-3684514.65478656,23,-2.89861150109883,31.8046778294499,2.89861150109883
9411,142.5565075,-33.41809282,974452.591087417,-3686101.85125645,11.92906093,-3.06451754337177,16.3676367077452,3.06451754337177
9415,142.8570015,-33.47041872,1001629.01862087,-3694246.07452503,17.96292478,-1.90831022602158,23.3474080556134,1.90831022602158
9425,149.4839914,-30.75534295,1651349.83544789,-3461149.24257249,20.67703895,-7.52182986402566,48.91670812465,7.52182986402566
9426,149.5107785,-30.75169726,1653919.81561136,-3461091.12478143,29,0.264735158167664,48.7710649250938,0.264735158167664
9432,149.3676558,-30.89363677,1638330.29618421,-3475000.74046836,29,-1.59115194179332,89.3887569149461,1.59115194179332
9433,149.395725,-30.88680614,1641065.62655857,-3474602.87469104,12,-20.7584543386143,117.661668342253,20.7584543386143
9434,149.3358452,-30.9618633,1634314.08558307,-3482165.65096151,22,-6.67235802215933,50.6017931837468,6.67235802215933
9439,149.3274975,-30.96291597,1633516.00581382,-3482175.72177111,16,-12.8447533418673,50.1544596347397,12.8447533418673
9447,149.3336432,-30.95739325,1634175.49867162,-3481641.36636048,9,-19.819654146815,50.5636334133762,19.819654146815
9449,149.3779344,-30.92862477,1638762.41925174,-3479015.80463163,27,4.64664266730201,103.639482459151,4.64664266730201
9454,149.3735696,-30.9272799,1638373.77775752,-3478810.56165182,25,0.905436292279322,89.4041843238332,0.905436292279322
9458,149.3140053,-30.96766826,1632179.93164891,-3482530.7243902,20,-6.57720522697598,51.5404329700756,6.57720522697598
9459,149.3279968,-30.94035761,1633904.47405875,-3479678.38701991,26,0.083576511564992,46.8832379027122,0.083576511564992
9460,149.3559059,-30.92632228,1636732.83774919,-3478477.86787797,26,1.10911936572031,87.5624789770442,1.10911936572031
9461,149.3561525,-30.89327861,1637257.2842173,-3474813.51885675,21,-5.93822461686103,80.9602210666495,5.93822461686103
9463,149.3809595,-30.92825339,1639051.57058999,-3479013.3943494,29,5.80439469801698,103.639482459151,5.80439469801698
9464,149.3146145,-30.96775656,1632235.67207487,-3482548.30780326,19,-6.81434986200933,51.5404329700756,6.81434986200933
9466,149.3130895,-30.97309653,1632011.979908,-3483121.49868195,21,-3.96680749004765,51.5404329700756,3.96680749004765
9470,149.7366036,-30.88731187,1673010.48522957,-3479080.31419423,35,8.78127759031233,58.6659410068763,8.78127759031233
9472,149.7276954,-30.94372119,1671301.58358509,-3485221.99224593,33.40137061,2.09906859671599,53.951363213653,2.09906859671599
9478,151.5169352,-30.33924499,1849037.97897308,-3442859.3413131,43.48131783,11.8151794133633,33.3265142489877,11.8151794133633
9479,151.5231638,-30.31316291,1850068.46330453,-3440060.30736933,29,-4.615135650506,33.1625435655813,4.615135650506
9492,151.5797138,-30.34061426,1854915.64268725,-3443921.06647557,17,-4.81859237494933,32.9384616116465,4.81859237494933
9497,151.5722329,-30.34215688,1854186.09806562,-3443983.3389789,16,-4.23205672003482,32.9384616116465,4.23205672003482
9500,151.50371,-30.29309199,1848581.41610012,-3437555.31785055,24,-10.666496844153,33.3265142489877,10.666496844153
9503,151.5813134,-30.31922029,1855432.07431081,-3441574.58656998,36,10.352856595474,33.1625435655813,10.352856595474
9507,151.581884,-30.30839936,1855670.88584781,-3440384.27772027,18,-7.40309297199433,33.1625435655813,7.40309297199433
9509,151.5807902,-30.30347908,1855652.2370936,-3439823.38457786,21,-0.970043582669003,33.1625435655813,0.970043582669003
9511,151.5805467,-30.30026413,1855684.35297089,-3439463.73530171,31,5.23961970553966,33.1625435655813,5.23961970553966
9512,151.5579782,-30.27926495,1853921.15000813,-3436809.99462317,34,8.669339688104,33.1625435655813,8.669339688104
9519,151.5815604,-30.30207968,1855748.60212928,-3439679.56399678,18,-6.26629052534265,33.1625435655813,6.26629052534265
9525,151.3613726,-29.23452375,1853112.739951,-3318175.56104007,37.15676251,14.1902945127943,350.272594656007,14.1902945127943
9526,151.3081397,-29.23847488,1847989.90884122,-3317842.54650332,12,-15.999464472409,180.576330443175,15.999464472409
9529,147.1974043,-32.16656492,1417730.63436842,-3590389.1836767,5,-15.4162137212579,234.141402127003,15.4162137212579
9542,149.8221684,-30.64688528,1684774.65549255,-3453528.50089259,39,13.9691037091662,122.925939653482,13.9691037091662
9546,149.7989885,-30.61237696,1683134.5745652,-3449393.78639781,45,14.8305136142596,158.067680140035,14.8305136142596
9548,149.8298025,-30.64040633,1685592.62392461,-3452910.29100446,35,9.25955498058031,122.925939653482,9.25955498058031
9552,149.8180179,-30.67637538,1683925.48933182,-3456745.99067868,31.01555842,2.90659562206963,117.142912702828,2.90659562206963
9553,149.7844363,-30.62707412,1681538.85968269,-3450833.06028975,19.08649749,-10.825211510096,145.269016745758,10.825211510096
9558,149.8245479,-30.70497495,1684092.97489421,-3460005.37649474,36.58245352,0.119837019298629,95.2429378794059,0.119837019298629
9559,149.8013397,-30.69750579,1682030.67626008,-3458870.87811767,45,15.8662285413593,100.083926428544,15.8662285413593
9561,149.7781207,-30.76120643,1678860.95210911,-3465633.46710039,45,10.9565794368566,100.059984515788,10.9565794368566
9562,147.5556497,-32.0639219,1452381.71181346,-3583014.40107559,32,15.4484155180304,193.460031206901,15.4484155180304
9565,147.5463857,-32.00588627,1452309.17937268,-3576464.38164941,28,0.233981929534661,175.564084535442,0.233981929534661
9568,149.7777407,-30.52546908,1682489.10375191,-3439469.52236756,55,17.5713198350037,165.385662881864,17.5713198350037
9569,149.8463418,-30.5672849,1688286.87891402,-3445014.90267849,48,19.2820098601313,161.364355750197,19.2820098601313
9576,149.7833234,-30.58892227,1682027.47011143,-3446584.72589338,17.49595603,-5.94539752608014,165.402137474336,5.94539752608014
9577,149.7976956,-30.50238702,1684724.59305729,-3437170.89802105,26,-15.48617045242,146.416246596644,15.48617045242
9578,149.7793173,-30.49522276,1683107.52996321,-3436133.5750338,24.65339259,-17.1351088101663,156.140875509986,17.1351088101663
9580,148.0052636,-31.8469853,1497176.89626059,-3564117.12854882,1,-9.17112016413296,83.7894497792279,9.17112016413296
9582,145.0398348,-33.01707551,1207526.49644181,-3662717.10107666,3.181082915,-12.220293591442,42.3279962838613,12.220293591442
9585,150.4945443,-30.7857798,1745654.59200781,-3477960.85054712,31,-4.87172269856837,154.047845247114,4.87172269856837
9587,150.5680759,-30.75482757,1753048.45541039,-3475536.34315895,19,-13.4801876386147,114.874770135737,13.4801876386147
9588,150.5696803,-30.69634707,1754147.8988002,-3469075.21675375,37,2.33766906440376,55.5062294979421,2.33766906440376
9593,150.5640815,-30.7695267,1752435.53261807,-3477111.03819368,31,3.60452317011935,113.202230839339,3.60452317011935
9596,150.4986552,-30.7835593,1746075.79056032,-3477770.85708517,17,-9.89150841451801,134.957101196977,9.89150841451801
9598,150.491088,-30.7784794,1745448.61060028,-3477104.27588953,17,-10.0539688784167,158.547632896036,10.0539688784167
9599,150.4952473,-30.78968976,1745657.28655992,-3478403.92632956,33,4.01800109507833,151.788510410912,4.01800109507833
9607,151.444728,-30.56846263,1838355.37834302,-3467207.13963461,33.40137061,3.37831500468034,26.2627893823123,3.37831500468034
9616,151.5195946,-30.48094197,1846871.0804121,-3458593.0804046,30,-0.413129420649994,16.9516800981247,0.413129420649994
9621,151.4833206,-30.51118418,1842950.79837125,-3461418.9040885,33,2.52957265197801,16.3360748741762,2.52957265197801
9624,151.5063671,-30.52980194,1844796.52219525,-3463813.62302702,33,5.55483688329767,15.8666347636666,5.55483688329767
9632,151.4793029,-30.50821411,1842624.2609913,-3461031.97982011,28,-6.30435860090098,16.3360748741762,6.30435860090098
9633,151.5047173,-30.53136193,1844615.122553,-3463962.58101902,24,-3.244429502072,15.8666347636666,3.244429502072
9635,151.4774127,-30.59995781,1840885.54209874,-3471166.12422115,25,-0.589676942588675,26.2627893823123,0.589676942588675
9644,151.4685133,-30.51517029,1841493.21331547,-3461646.89694708,21,-9.18316032941131,16.3360748741762,9.18316032941131
9646,151.4735962,-30.5066587,1842115.09563533,-3460777.40122144,30,-1.58308867584867,16.9516800981247,1.58308867584867
9647,151.477614,-30.51294917,1842385.1554405,-3461532.0898643,28,-5.24310731061867,16.3360748741762,5.24310731061867
9654,151.4722197,-30.50672378,1841984.78751599,-3460764.76262087,28,-2.95108200024868,16.9516800981247,2.95108200024868
9661,151.4879502,-30.50695235,1843457.37554905,-3461016.97292345,27,-0.206689374906681,16.3360748741762,0.206689374906681
9662,151.4707028,-30.50711199,1841835.80371232,-3460785.89245551,22,-7.91313022311,16.9516800981247,7.91313022311
9666,151.4815023,-30.51151487,1842774.50936616,-3461429.30319761,26,-2.46795541012598,16.3360748741762,2.46795541012598
9674,151.4170929,-29.10424565,1860616.97633821,-3304541.83153376,14,-18.2585453464627,295.181959178808,18.2585453464627
9676,151.4334256,-29.05591223,1862991.39984184,-3299421.28975996,13,-22.8716732804013,211.21315677027,22.8716732804013
9677,147.0508834,-32.0775748,1405295.68200768,-3578885.42025256,46,25.4968398221998,222.531645348347,25.4968398221998
9679,147.0425213,-32.09634295,1404271.88983588,-3580878.46783752,10,-7.54952660367216,220.742112013112,7.54952660367216
9680,151.6698933,-29.38626994,1879800.09962311,-3339503.05273266,38,7.25071665975101,209.217229636818,7.25071665975101
9682,151.6614332,-29.40636191,1878652.58464125,-3341605.18560205,27,-4.03374038169531,209.217229636818,4.03374038169531
9686,151.5216,-29.85421,1857752.37644103,-3389188.85345299,30,-7.90019743609435,128.585715347641,7.90019743609435
9687,151.5202,-29.85911,1857536.57148091,-3389711.46694569,29,-11.7879653706674,128.585715347641,11.7879653706674
9692,151.5202012,-29.85168516,1857663.38278315,-3388888.73452434,48,6.96324537395842,128.585715347641,6.96324537395842
9698,141.2971122,-33.46100098,858071.025592108,-3681844.58642695,16.32993162,-2.47076322391021,27.9701770223237,2.47076322391021
9699,141.2754547,-33.44543789,856201.690442323,-3679966.70687676,29.39387691,8.77863105141663,31.867976329435,8.77863105141663
9700,141.2901786,-33.40821604,857860.307574639,-3675921.51200055,13.88044188,-5.59532003375259,28.0225071777644,5.59532003375259
9701,141.273224,-33.45460682,855921.917710655,-3680972.51215887,17.96292478,-2.00696669260045,31.867976329435,2.00696669260045
9706,141.2415663,-33.41543672,853321.017412964,-3676399.87140327,26.94438717,5.61764746963201,42.8348615697454,5.61764746963201
9707,141.254065,-33.41571844,854470.792486543,-3676514.77601367,24.49489743,5.09590595260546,43.9171617156283,5.09590595260546
9715,141.2918435,-33.41405693,857966.394127376,-3676582.98366622,22.86190427,3.16621070091495,28.0225071777644,3.16621070091495
9722,141.2632236,-33.41044085,855357.64574708,-3675988.47786627,14.69693846,-7.95988618011665,43.9171617156283,7.95988618011665
9723,150.3343551,-30.81159641,1730225.46995318,-3478644.03917555,37,4.03288124507864,203.023054364463,4.03288124507864
9724,150.3306244,-30.8180311,1729772.74054155,-3479307.00273628,15,-17.6450119093837,203.023054364463,17.6450119093837
9725,150.3263463,-30.79140963,1729798.17706826,-3476297.23063788,35,1.79487543869565,141.555429201728,1.79487543869565
9729,150.3243519,-30.82754265,1729032.58322917,-3480276.73819255,30,2.33472204692151,203.023054364463,2.33472204692151
9730,150.3242135,-30.82386917,1729078.44003861,-3479867.54760743,30,-0.0294610915140119,203.023054364463,0.0294610915140119
9732,151.7851259,-29.05507602,1896454.17582915,-3304503.31496408,50,14.6061791489764,94.7106784204353,14.6061791489764
9734,151.8389552,-29.0025886,1902482.89814306,-3299487.16118404,20,-9.62538918786333,80.5187869799382,9.62538918786333
9736,150.8055866,-30.8677642,1773455.41512913,-3491331.87120329,38,-1.61598926811268,73.7179005838842,1.61598926811268
9742,143.1145132,-33.36925668,1026308.06350285,-3685039.13378381,8.747978016,-4.01363868645345,19.4452399423374,4.01363868645345
9743,143.0065328,-33.28659885,1017156.08947401,-3674981.67392539,12.24744871,-5.50921409623312,19.725127217848,5.50921409623312
9749,143.0909593,-33.31682231,1024646.14671978,-3679018.21694456,27.76088375,10.1282701157538,20.5234233353065,10.1282701157538
9757,151.0172706,-30.23831551,1803732.19311788,-3424532.11375651,36,2.97014164406067,116.019297947914,2.97014164406067
9758,151.0188516,-30.23823118,1803882.43893429,-3424545.08843458,51,17.8784954671117,116.019297947914,17.8784954671117
9759,151.0819364,-30.20100803,1810442.22999867,-3421311.46421314,29,-7.07776067003579,131.130816138161,7.07776067003579
9760,151.082504,-30.22208225,1810144.15808499,-3423655.39806669,33,-2.25871575678181,129.063042061578,2.25871575678181
9763,151.7193646,-29.07799191,1889805.85864439,-3306068.45554888,54,20.6072626450966,164.571842746431,20.6072626450966
9764,151.5847839,-29.04061431,1877650.02023717,-3299941.26959901,14,-17.207093889893,126.842291230669,17.207093889893
9767,151.6443305,-29.07476387,1882727.28841826,-3304602.83344533,17,-16.085081384709,123.229925981413,16.085081384709
9768,151.5847593,-29.04241893,1877616.77248779,-3300140.94456679,13,-18.2135648226067,126.842291230669,18.2135648226067
9770,151.656492,-29.08437999,1883718.35487125,-3305847.92069682,25,-5.99528960466801,152.005176244069,5.99528960466801
9772,151.653624,-29.08134607,1883497.82331919,-3305469.36870716,24,-6.42689758220734,131.432846483477,6.42689758220734
9774,151.6474533,-29.07477734,1883023.98540488,-3304650.35052151,21,-7.45434051215634,123.229925981413,7.45434051215634
9776,151.699654,-29.07688179,1887951.01885219,-3305653.9998156,37,6.05246412015964,131.240185911503,6.05246412015964
9777,151.6476797,-29.07395839,1883059.58309758,-3304562.91748416,24,-5.42669437134768,123.229925981413,5.42669437134768
9778,151.6195183,-28.99016796,1881819.43702186,-3294860.57738034,46,17.5303717471327,115.585171353665,17.5303717471327
9785,151.646401,-29.08375511,1882769.68813433,-3305629.91026684,47,16.5922229270377,131.432846483477,16.5922229270377
9786,151.6505897,-29.08477196,1883150.45927455,-3305804.35060077,30,0.699952579773335,152.005176244069,0.699952579773335
9788,151.655226,-29.08218337,1883635.74578024,-3305585.79064946,25,-3.30378361495699,131.432846483477,3.30378361495699
9794,151.7046067,-29.08418548,1888296.05217961,-3306536.66075155,47,13.4598108526753,179.670453259607,13.4598108526753
9796,151.6938241,-29.0878622,1887207.63550516,-3306784.82385741,29,-1.46311545707368,177.672555426731,1.46311545707368
9801,151.6497919,-29.07977339,1883160.49992658,-3305238.56729472,24,-7.40713395443933,123.229925981413,7.40713395443933
9804,151.5879625,-29.03342824,1878075.46652601,-3299191.43806462,11,-17.4970570743167,112.651827090803,17.4970570743167
9811,151.6758678,-28.98468841,1887275.78208676,-3295084.44198325,25,-5.78869095943467,130.595714774545,5.78869095943467
9813,150.4467557,-29.88622367,1755682.29347569,-3377538.06387867,39,-1.527449668261,146.385548134144,1.527449668261
9814,150.455803,-29.81484986,1757689.37554314,-3369743.56626243,12,-32.8819440912327,141.690649617966,32.8819440912327
9817,150.4442158,-29.8563537,1755924.04276305,-3374189.11482565,27,-13.2299925286363,151.499086991369,13.2299925286363
9820,150.4492443,-29.85475521,1756425.22438899,-3374080.88599302,38,-2.08841058785998,151.499086991369,2.08841058785998
9822,150.4469512,-29.870839,1755948.96167707,-3375833.84811153,18,-19.087727218969,146.385548134144,19.087727218969
9826,150.4644114,-29.87123897,1757592.94105404,-3376118.31925621,60,17.0722379262346,146.385548134144,17.0722379262346
9828,150.417949,-29.8773642,1753102.33270755,-3376159.52186946,36,-3.55154709892832,150.925033309211,3.55154709892832
9830,150.4520318,-29.87454534,1756369.40387857,-3376314.89949868,29,-5.379277626751,146.385548134144,5.379277626751
9833,150.4724756,-29.88921784,1758064.76186707,-3378223.95037783,50,10.8154796110887,147.693877482614,10.8154796110887
9836,150.4563077,-29.86593237,1756912.59147325,-3375418.10183204,41,6.99019254100501,146.385548134144,6.99019254100501
9839,150.4258106,-29.86787538,1753998.34342267,-3375214.62653546,28,-7.18380681531553,162.468677534918,7.18380681531553
9841,150.4405522,-29.87743501,1755237.71062697,-3376477.73495512,28,-0.787678865970015,151.499086991369,0.787678865970015
9845,150.4505134,-29.85286745,1756575.66581401,-3373888.88843593,30,-3.51320182868466,151.499086991369,3.51320182868466
9847,150.4698323,-29.88485545,1757885.41052518,-3377703.59378604,42,6.16911163391734,147.693877482614,6.16911163391734
9851,142.1180858,-33.4542685,933749.670586707,-3686852.51821965,20.67703895,1.91481641709042,37.566231886327,1.91481641709042
9859,150.8821598,-30.33699406,1789382.38230064,-3433570.84222792,55,10.1235467316427,176.579719744274,10.1235467316427
9862,150.8820881,-30.34466986,1789248.95029504,-3434420.74777405,51,0.540714253461658,205.914733402933,0.540714253461658
9863,150.8721553,-30.33216769,1788520.82286419,-3432895.71158793,32,-4.96193762728831,175.703064297919,4.96193762728831
9866,150.883194,-30.3456509,1789336.78744217,-3434544.99043476,57,6.85871004346097,225.652750184634,6.85871004346097
9868,150.9190871,-30.33390447,1792907.32525393,-3433746.07139977,39,9.51790299342879,228.730786146791,9.51790299342879
9869,150.8723072,-30.32965118,1788576.62684801,-3432618.86210889,31,-5.08804371056399,176.783567496732,5.08804371056399
9872,150.9201294,-30.33625755,1792966.46310074,-3434021.54234004,48,8.78657732267767,260.532717486233,8.78657732267767
9874,150.9213154,-30.35640265,1792744.85819969,-3436271.28432836,19.76423538,-7.84475430488229,308.997381958309,7.84475430488229
9875,150.9086937,-30.35364825,1791603.25694688,-3435788.89843691,23,-14.4959771171403,291.750959585732,14.4959771171403
9876,150.9165888,-30.36149648,1792216.07982245,-3436769.61777015,33,0.862900671640659,291.130496870247,0.862900671640659
9878,150.9201337,-30.35178305,1792710.11185789,-3435742.61945048,69,31.9182664305217,308.997381958309,31.9182664305217
9887,150.8830006,-30.30341103,1790015.79398575,-3429859.67665837,40,2.88718998144934,126.430363128507,2.88718998144934
9890,150.9242222,-30.31529418,1793698.24161114,-3431755.156071,47,10.0081816880553,215.857487515175,10.0081816880553
9892,150.8856372,-30.33748127,1789701.47430094,-3433673.56226332,63,16.591400604937,189.520886461227,16.591400604937
9893,150.9058356,-30.36134259,1791207.28143147,-3436601.75064304,64,23.1881574694777,295.043155353033,23.1881574694777
9894,150.9127545,-30.36276138,1791834.55419172,-3436856.04846947,22.92651304,-15.3901844811876,291.750959585732,15.3901844811876
9900,150.8862891,-30.3553557,1789467.72493852,-3435664.16716386,69,13.9158383334507,295.166013176911,13.9158383334507
9902,150.880945,-30.34896341,1789070.56180925,-3434880.70377632,59,6.92553543442567,253.067543933907,6.92553543442567
9907,150.9196319,-30.34649768,1792750.31878068,-3435149.6917458,44,5.93080782696869,309.651805542066,5.93080782696869
9913,150.9267203,-30.3319509,1793657.72173019,-3433636.66079861,37,0.723447204054928,242.389878785481,0.723447204054928
9918,150.9223329,-30.33287356,1793229.71893242,-3433677.34836208,43,10.969297991304,242.389878785481,10.969297991304
9925,150.9178551,-30.36065064,1792349.1612219,-3436693.62142247,43,3.11758567844868,291.130496870247,3.11758567844868
9927,150.9134534,-30.3385682,1792300.24175081,-3434184.00669994,71,35.04117039481,244.302636892709,35.04117039481
9930,150.9184344,-30.3549134,1792498.51567831,-3436065.7758607,15.02081889,-26.8591466495303,308.997381958309,26.8591466495303
9933,150.9199141,-30.32726,1793095.00789204,-3433021.1237287,61,24.320133357076,215.836504908535,24.320133357076
9949,150.8887061,-30.3600226,1789618.01202176,-3436215.36787519,85,30.904247522656,297.156581561857,30.904247522656
9950,150.9134939,-30.34999024,1792115.22338489,-3435450.72867271,45,6.98710349466602,308.997381958309,6.98710349466602
9957,150.8760198,-30.32627453,1788981.62898797,-3432296.51454503,22,-17.5310690283276,153.573468909763,17.5310690283276
9958,150.905792,-30.32139631,1791863.30387043,-3432172.97208823,20,-9.25193850744033,133.855555893521,9.25193850744033
9960,150.9151732,-30.35564278,1792179.7232853,-3436100.87519922,59,17.8944620626287,308.997381958309,17.8944620626287
9962,150.9160353,-30.34541196,1792429.96476694,-3434978.87321643,26,-15.4248934576503,284.676005269353,15.4248934576503
9971,150.8921539,-30.31534949,1790679.99952122,-3431311.42551987,37,1.92159507454537,126.832318508402,1.92159507454537
9973,150.9091752,-30.3544859,1791634.7008413,-3435888.50568138,15,-21.047492985822,291.750959585732,21.047492985822
9976,150.9233029,-30.34899179,1793054.36745536,-3435477.683199,40,-2.14150674192099,309.651805542066,2.14150674192099
9984,150.8914094,-30.32194997,1790500.95340705,-3432032.69919897,33,-1.64745444106136,130.326416034822,1.64745444106136
9985,150.8943066,-30.32067958,1790794.52232658,-3431932.47591463,42,3.931679855689,116.137623985365,3.931679855689
9989,150.8875696,-30.31578069,1790241.53151264,-3431294.97955336,41,4.5649122785163,126.430363128507,4.5649122785163
9991,142.4769902,-33.42246441,967089.040020889,-3685983.96461367,23,3.11882275614659,31.8046778294499,3.11882275614659
10004,142.4811485,-33.41273788,967560.990564825,-3684933.34682534,27,9.00383850746606,31.8046778294499,9.00383850746606
10006,146.9068494,-32.0811592,1391861.98166487,-3577706.86706819,31,13.2203964523169,212.330224823803,13.2203964523169
10007,146.9121587,-32.10263457,1392075.68309525,-3580150.7475338,10,-8.31342817643128,213.765698905561,8.31342817643128
10016,145.7374614,-32.81708509,1274283.93998156,-3647271.59055547,10.61445555,-3.57662134842004,31.6791110727842,3.57662134842004
10017,145.7359509,-32.77287308,1274674.54694875,-3642344.42337382,16.32993162,3.34784567937249,28.9554446055912,3.34784567937249
10023,146.4569278,-32.19893056,1348547.22004335,-3585968.27738168,15,-5.32586093783272,207.402668625415,5.32586093783272
10026,141.3896159,-33.44211033,866748.128222925,-3680366.07130079,14.69693846,1.98896716828114,17.716054499114,1.98896716828114
10031,141.3976777,-33.49238716,867078.535272811,-3686017.40044652,12.24744871,-0.155076235970167,18.2774206627423,0.155076235970167
10032,141.3362799,-33.42127753,862003.30807848,-3677685.98644125,23.67840085,3.36487836154528,21.6834668669615,3.36487836154528
10035,143.6818411,-33.33214604,1078930.59948408,-3685586.9037132,7.157436559,-5.97164160213133,23.6591584070755,5.97164160213133
10036,143.6124088,-33.4526391,1071314.62769687,-3698397.76568746,11.1337902,-4.92870619077816,13.2628238901944,4.92870619077816
10041,148.9958176,-31.3505897,1596675.13328343,-3521008.4596055,61,26.3090130239897,109.755069476689,26.3090130239897
10042,148.9740813,-31.36164208,1594481.2112531,-3521963.59669586,36,4.11564142245699,109.755069476689,4.11564142245699
10044,148.9599994,-31.31875911,1593801.76032244,-3517028.49871745,27,-5.07767404945498,117.09488107986,5.07767404945498
10046,149.0109228,-31.27007404,1599282.72192335,-3512261.37700446,37,-1.32141024161933,73.3302792642006,1.32141024161933
10047,149.0130033,-31.26913943,1599491.05863378,-3512183.69168916,32,-6.766498651025,87.0875838583776,6.766498651025
10056,148.9804801,-31.28119175,1596272.5542856,-3513114.60017051,36,1.36402463461594,75.1787050301162,1.36402463461594
10058,148.9416645,-31.36020659,1591475.23922202,-3521400.07751068,41,14.5849287804253,109.649783488663,14.5849287804253
10059,148.9566362,-31.30093212,1593751.73454657,-3515007.92158758,36,5.62991551172399,116.239941110221,5.62991551172399
10061,148.9673828,-31.29181974,1594890.98118589,-3514130.63745514,38,4.88781356743166,103.112231375449,4.88781356743166
10063,148.958371,-31.30759876,1593815.02890769,-3515769.5003205,32,0.86468308506166,117.087910444208,0.86468308506166
10064,148.95741,-31.30683855,1593736.50710576,-3515673.13555753,33,1.26169162067199,117.087910444208,1.26169162067199
10066,148.9917859,-31.35877054,1596177.13898607,-3521865.99341985,24,-13.6946382794647,109.755069476689,13.6946382794647
10070,148.9622879,-31.35561712,1593469.2091124,-3521147.78557594,27,-1.88575101705384,109.755069476689,1.88575101705384
10071,148.961255,-31.31293085,1594005.4493138,-3516397.29012482,23,-11.0787470265033,117.087910444208,11.0787470265033
10075,148.9624095,-31.31540281,1594076.66698918,-3516686.05604292,29,-5.15034448141,117.087910444208,5.15034448141
10077,148.9855678,-31.35149744,1595704.42255546,-3520981.14003583,23,-17.8807278700243,109.755069476689,17.8807278700243
10089,148.952061,-31.31136615,1593169.66309526,-3516108.94072538,15,-22.4358014299267,117.09488107986,22.4358014299267
10092,151.4483678,-30.30156012,1843232.73811934,-3437693.81041368,30.83220719,-3.17147559354108,33.3265142489877,3.17147559354108
10098,151.440541,-30.29677534,1842577.97509413,-3437050.82021751,26.87936011,-5.42175612861666,33.3265142489877,5.42175612861666
10099,151.4419348,-30.30725806,1842530.94800109,-3438232.26330768,29.25106836,-3.12127007528,33.3217595425649,3.12127007528
10101,151.4195055,-30.2734078,1840996.19939835,-3434158.69223046,39,0.866252134504002,50.5055893940305,0.866252134504002
10110,141.1373989,-33.42878255,843612.74921354,-3677193.9666721,20.41241452,0.396248824337988,41.2429522619486,0.396248824337988
10112,141.2046137,-33.43516615,849756.375873544,-3678350.15858571,32.65986324,14.6942795854268,46.0909525885074,14.6942795854268
10113,141.1926721,-33.43017029,848695.941488844,-3677714.56200696,23.67840085,1.65131133320124,46.3324491976796,1.65131133320124
10116,141.1310027,-33.41017267,843171.573220621,-3675079.67166683,19.59591794,-1.50501740836033,41.0684222909667,1.50501740836033
10117,141.1368452,-33.43239106,843532.932892983,-3677592.08206717,8.98146239,-7.34176524693054,41.2429522619486,7.34176524693054
10119,141.1726773,-33.43710883,846797.5751421,-3678354.39571384,21.2289111,1.01439711896392,45.2416358720216,1.01439711896392
10120,141.1640606,-33.42599917,846092.348096818,-3677060.38027453,12.24744871,-9.12664600360888,43.5557509392568,9.12664600360888
10121,141.1304568,-33.44072316,842877.733845567,-3678477.60527984,28.57738033,10.7205469967298,41.0684222909667,10.7205469967298
10122,141.1646183,-33.45932632,845877.118409246,-3680774.57819306,14.69693846,-3.9551812725941,44.7198369880424,3.9551812725941
10127,149.9936497,-31.01059319,1695158.47054896,-3496143.59300962,43,9.94682055128619,78.6969346020859,9.94682055128619
10128,147.7770455,-31.98120067,1474088.27340233,-3576365.01653998,6,-17.2908519112397,124.838023376495,17.2908519112397
10129,147.814751,-32.05584164,1476562.11883665,-3585087.34959398,10,-12.1628527916565,117.400796302166,12.1628527916565
10132,147.8031887,-32.00311695,1476215.89700418,-3579100.20772587,36,12.8821253182477,124.62375475996,12.8821253182477
10133,147.7454747,-32.07435575,1469872.29310055,-3586343.89391414,23,-0.172864400587329,117.258506350021,0.172864400587329
10139,151.2230418,-30.43542975,1819790.64548356,-3449295.54039289,34,-4.64195958400403,85.1623000199684,4.64195958400403
10140,151.111632,-30.36807918,1810447.78134705,-3440249.29676927,49,18.9474371182506,174.219892729533,18.9474371182506
10141,151.1613367,-30.42412757,1814182.40196986,-3447165.57859558,45,5.05846994967568,154.674080799605,5.05846994967568
10142,142.5733676,-33.5179839,975083.650922286,-3697341.99087751,10.33851947,-5.29995970410489,23.4155795381516,5.29995970410489
10147,150.1309745,-30.02234963,1723672.86790709,-3388342.91114755,62,26.999180253791,161.920202309887,26.999180253791
10149,150.1491735,-30.00281355,1725701.44162938,-3386420.54195403,38,6.62612717163,162.423727131958,6.62612717163
10150,150.15667,-30.01426761,1726227.55916458,-3387792.93993366,51,19.105957192892,163.081869197103,19.105957192892
10151,150.0904784,-30.06457495,1719180.73972972,-3392483.341556,42,0.604924847202341,136.732252410497,0.604924847202341
10155,150.1173504,-30.01645996,1722479.67083631,-3387505.53339405,54,12.3720026005813,165.249493619602,12.3720026005813
10156,150.1504068,-30.00425625,1725795.01842144,-3386597.30720121,30,-2.22925757883367,161.805113643,2.22925757883367
10157,150.0865939,-30.06268512,1718843.94853901,-3392221.34166729,59,15.8087064815757,131.310741373756,15.8087064815757
10160,150.1565504,-30.00929271,1726295.25999978,-3387239.23484947,34,2.17802486028401,163.081869197103,2.17802486028401
10161,150.1311215,-30.00645252,1723938.82303619,-3386580.66711969,35,0.674789913893001,161.056778132866,0.674789913893001
10162,150.1064733,-30.03155896,1721213.38848761,-3389034.61552992,26,-15.4142550725193,124.820825700126,15.4142550725193
10168,150.122775,-30.00590042,1723159.30519958,-3386406.79324232,25,-13.5669574436337,162.433938416098,13.5669574436337
10169,150.0635296,-30.00070994,1717645.75282623,-3385032.91738502,49,7.92290517597102,161.840333306102,7.92290517597102
10170,150.1397334,-29.98729442,1725056.07805044,-3384570.7738207,56,24.263035000048,151.179777884112,24.263035000048
10173,150.1499789,-30.00825758,1725691.09312257,-3387035.57911744,21,-11.282037462366,163.081869197103,11.282037462366
10177,150.0954406,-30.06152824,1719697.36633004,-3392212.0063443,46,4.93680653776267,136.732252410497,4.93680653776267
10179,150.139542,-29.98565783,1725063.96194955,-3384386.56241692,27,-6.91899242798134,150.691599009595,6.91899242798134
10181,150.1420426,-29.99239522,1725193.26972483,-3385168.03477631,27,-5.28819502147833,162.922694478475,5.28819502147833
10187,150.1419966,-30.02361783,1724693.54333545,-3388632.40512372,37,2.50399230111064,161.920202309887,2.50399230111064
10188,150.1762113,-30.03232094,1727785.91370028,-3390060.52854698,26,-12.6892690013164,173.424655502948,12.6892690013164
10195,150.1463135,-30.02343201,1725104.12091589,-3388670.06841651,42,15.004795956343,163.081869197103,15.004795956343
10202,150.1430196,-30.06261675,1724171.36043893,-3392974.08995077,31,-0.993084481786653,146.33053260396,0.993084481786653
10203,150.1694993,-30.01857304,1727370.64744277,-3388444.13567135,68,27.6798901745393,173.424655502948,27.6798901745393
10207,150.0753462,-30.06615084,1717727.39244316,-3392454.68918908,41,-1.7175061573767,130.690244291195,1.7175061573767
10210,150.0760645,-30.06464269,1717819.03862428,-3392296.97153487,50,6.43275821158131,130.690244291195,6.43275821158131
10214,150.1325773,-30.06661905,1723122.21422258,-3393277.35324768,18,-7.64153376221015,156.480748285231,7.64153376221015
10218,150.1013891,-30.06624113,1720184.28755227,-3392815.11712116,20,-14.7339904374113,143.769272867941,14.7339904374113
10219,150.0997741,-30.06367123,1720072.52000571,-3392508.17063544,38,5.89354206563367,136.732252410497,5.89354206563367
10221,150.1307827,-30.06951999,1722906.82505848,-3393575.07787688,31,6.08856070451166,156.480748285231,6.08856070451166
10226,150.1023812,-30.065289,1720293.00876588,-3392722.8107373,51,9.89275532329632,143.769272867941,9.89275532329632
10227,150.1020076,-30.06032048,1720336.39853865,-3392166.38478456,24,-15.2531222428582,123.504983038917,15.2531222428582
10229,150.1369119,-30.05724382,1723680.0581945,-3392295.42143785,47,13.7630113488895,156.480748285231,13.7630113488895
10233,149.8052074,-31.08703591,1676331.84271427,-3502135.25888656,41,11.7887554693293,84.3952538733496,11.7887554693293
10235,149.7958855,-31.08681469,1675463.3261922,-3501988.43743228,43,14.7968467751437,84.3952538733496,14.7968467751437
10237,149.0599151,-31.07978262,1606698.6921178,-3491754.24166067,31,0.81078072854034,66.8620390138543,0.81078072854034
10240,148.9859306,-31.02874157,1600529.90515881,-3485159.35885128,18,-10.2987908035393,78.32370881988,10.2987908035393
10246,149.0866821,-31.07978507,1609204.5279762,-3492091.40674879,31.01555842,3.22860502187196,66.8438661413914,3.22860502187196
10250,149.0498389,-31.07495278,1605827.34047071,-3491091.41053519,30,-2.51343153088664,66.8620390138543,2.51343153088664
10251,149.0803091,-31.09657561,1608357.23235813,-3493874.9368983,37,5.57318203612062,55.831144869131,5.57318203612062
10254,149.0654762,-31.12414572,1606557.57843364,-3496748.60545392,16,-16.9988276539424,41.7588126556639,16.9988276539424
10266,150.674649,-30.88127552,1760975.30173567,-3491018.00289304,38,1.57320959726034,125.307373356196,1.57320959726034
10267,150.6733586,-30.88490534,1760795.26441106,-3491402.51074214,34,-5.06956120106965,125.469993904528,5.06956120106965
10270,145.0270652,-33.09957921,1205410.02221949,-3671764.21597056,3.976353644,-7.42949935667154,64.0543536428854,7.42949935667154
10273,151.4987018,-29.64073757,1859229.21627537,-3365198.93633507,35,-2.25307189091735,57.1687410407853,2.25307189091735
10283,150.9161258,-30.19557048,1794916.12757736,-3418369.04822017,43,5.141638350985,125.578429248523,5.141638350985
10288,150.9798059,-30.2082427,1800703.92147632,-3420670.00500477,57,23.028989081972,125.508529427435,23.028989081972
10291,148.0300711,-31.89189352,1498856.39443719,-3569393.78675915,1,-19.7834830540594,84.3752557086531,19.7834830540594
10292,148.0519867,-31.95937327,1499948.59274488,-3577141.972507,5,-16.4744342921365,71.8754369387936,16.4744342921365
10298,150.3010983,-30.01913047,1739787.43145985,-3390291.72047917,23,-8.776479487439,146.713424243346,8.776479487439
10299,150.3050024,-30.016189,1740203.11620801,-3390018.51887372,47,12.7727617338447,146.713424243346,12.7727617338447
10303,146.6873231,-32.28351994,1368859.30552888,-3597817.82985401,45,25.9371487105963,167.091215011055,25.9371487105963
10307,145.1981675,-33.03957422,1221877.50652552,-3666722.51365274,1.590541458,-16.3719820688587,45.050748371032,16.3719820688587
10309,149.4692708,-30.85926678,1648381.07882794,-3472493.25559041,10,-21.0560868382274,111.560537794781,21.0560868382274
10311,149.4100436,-30.87391274,1642604.26206458,-3473355.88376199,9,-26.4846199462087,107.023489661776,26.4846199462087
10312,149.4104764,-30.85361061,1642953.83602155,-3471108.15116101,33.40137061,-8.21685396963,93.1618379695986,8.21685396963
10316,149.4904462,-30.86024094,1650351.7805379,-3472874.74917901,33,2.36046556859298,102.53363383979,2.36046556859298
10320,149.4885616,-30.8066841,1650993.84491316,-3466906.55420365,27.03920478,-2.29626588054599,64.871037648547,2.29626588054599
10321,149.4572011,-30.83694789,1647589.89379216,-3469860.53192096,19,-6.57250765698498,80.1390744888131,6.57250765698498
10323,149.4518856,-30.83344087,1647144.85162953,-3469402.76024078,17,-10.015527624302,72.2743030933507,10.015527624302
10324,149.4655584,-30.85147263,1648151.96503518,-3471580.34645184,12,-15.387967806883,88.0457513702131,15.387967806883
10327,149.4519773,-30.83704693,1647098.4377457,-3469804.16577215,19,-9.48895561397799,81.6472610570728,9.48895561397799
10337,142.9829528,-33.47448205,1013181.42874003,-3695691.13055546,20.41241452,3.15650996090825,25.3552416437835,3.15650996090825
10343,147.0977321,-32.19103916,1408153.15767794,-3592005.13439224,9,-8.30513538150827,233.843342184751,8.30513538150827
10350,140.5409,-33.42972,788618.783653154,-3673487.8625492,8.497058314,-5.25612118188346,9.1355737202695,5.25612118188346
10353,150.3415473,-29.76643634,1747659.65237883,-3362804.11302515,39,5.727047387486,106.141226994405,5.727047387486
10354,150.3612677,-29.67932666,1750924.68090266,-3353407.49776061,20,-2.18761569909399,119.685124113245,2.18761569909399
10355,150.3382231,-29.76586432,1747354.26189017,-3362695.16620969,48,13.2030469664984,162.098499379952,13.2030469664984
10361,150.3181612,-29.70115467,1746492.56557601,-3355239.8115632,15,-18.8216060398097,118.743117489338,18.8216060398097
10368,151.6837089,-29.3360874,1881973.62955123,-3334145.2442246,26.87936011,-5.80772969037267,211.190866783228,5.80772969037267
10369,151.7022265,-29.3377127,1883702.06041409,-3334598.26635177,54,21.3312798230073,211.190866783228,21.3312798230073
10377,151.6974027,-29.33933122,1883216.6492553,-3334706.5113546,33,6.73607716675564,211.190866783228,6.73607716675564
10390,151.709428,-29.32035666,1884684.21441588,-3332781.12654726,53,8.82604960487981,238.135371999341,8.82604960487981
10392,151.6844792,-29.3482777,1881836.88285386,-3335507.51537331,26.0887907,2.46072330382401,209.217229636818,2.46072330382401
10396,151.9785,-29.45449,1907862.39415065,-3351636.3421821,27,-0.353803172617013,57.6910520715706,0.353803172617013
10397,151.9438124,-29.39708308,1905577.7751943,-3344759.23947472,33,0.612170900268687,96.88362141813,0.612170900268687
10399,151.9471717,-29.39611695,1905912.98314336,-3344702.32134565,49,18.479538648153,96.88362141813,18.479538648153
10400,152.0106323,-29.37627489,1912274.04475339,-3343452.5827958,37,10.148456176192,78.4942018713601,10.148456176192
10403,147.3471861,-32.22849078,1430806.42015783,-3598935.98248785,17,-17.569792030366,211.915995463439,17.569792030366
10404,147.4468139,-32.20929172,1440308.48687127,-3597923.69973021,42,12.3816272956012,230.371503540144,12.3816272956012
10410,142.1535265,-33.46881612,936884.529242962,-3688730.66666809,11.92906093,-8.14759643576577,37.566231886327,8.14759643576577
10411,142.1256339,-33.46803538,934323.126322375,-3688439.52866704,25.44866332,6.4776361427164,37.566231886327,6.4776361427164
10412,142.141947,-33.47125024,935796.768698137,-3688916.63181536,17.49595603,0.250313564335961,37.566231886327,0.250313564335961
10413,142.1474908,-33.45994334,936407.3570212,-3687699.17486869,29.42501696,9.40190974279798,37.566231886327,9.40190974279798
10416,140.332,-33.45809,769151.446451674,-3675374.09962306,8.049844719,-3.59491272407813,12.0037687463375,3.59491272407813
10422,147.5570987,-32.15604279,1451264.57000771,-3593259.54630003,23,-8.502130549965,200.525490435275,8.502130549965
10426,147.5116557,-32.13490798,1447332.57830456,-3590397.38185468,38,9.03890171612833,193.185777752588,9.03890171612833
10431,150.920594,-30.55701905,1789359.50148289,-3458497.63809048,34.78505426,-1.55891308919616,98.1703136091039,1.55891308919616
10434,150.9487059,-30.56746043,1791825.6884353,-3460048.85671971,36,-6.51558527271198,98.1703136091038,6.51558527271198
10441,150.9320968,-30.56658411,1790281.11784235,-3459718.88710803,38,-3.61598811161664,98.563070193076,3.61598811161664
10446,150.9388397,-30.56421033,1790953.35989009,-3459550.31212404,47,6.31908368926133,98.1703136091039,6.31908368926133
10447,150.9320839,-30.5632642,1790334.83494382,-3459350.76325953,41,-3.39230696032935,98.1703136091039,3.39230696032935
10449,150.9388706,-30.57063374,1790849.947387,-3460262.63971912,50,14.522582885474,98.563070193076,14.522582885474
10452,150.9090342,-30.55507476,1788306.39434078,-3458120.28791384,33,-10.4989138966574,98.5630701930759,10.4989138966574
10455,150.9398698,-30.55937336,1791130.11745287,-3459028.67880537,45,0.81923128127265,98.1703136091038,0.81923128127265
10458,151.5976958,-30.04419612,1861682.66559149,-3411346.72902063,37,6.50145976008899,108.233498928647,6.50145976008899
10467,150.5037393,-31.32138187,1737857.95088677,-3537448.70044033,29,6.79951119379685,166.455106222377,6.79951119379685
10471,150.5458699,-31.27436966,1742548.53986145,-3532813.54808931,57,25.1505513661243,160.053644206604,25.1505513661243
10478,150.7647211,-30.21262396,1780373.74413246,-3418141.26454556,22,-11.6392872449876,88.8869219264888,11.6392872449876
10481,150.8073307,-30.24782416,1783808.54271115,-3422638.5617224,50,6.95977384103433,99.204943164887,6.95977384103433
10487,148.8533027,-31.60746312,1579581.93762568,-3547742.77884916,35,11.9833080790707,99.9535747285589,11.9833080790707
10489,148.8588082,-31.6272636,1579803.31746102,-3550007.96196038,24,2.6406287107212,103.656894568932,2.6406287107212
10490,148.8062402,-31.6308235,1574853.50653411,-3549753.9534576,26,2.81077278718182,103.498921260586,2.81077278718182
10491,148.8076197,-31.63292374,1574951.18898927,-3550004.01451357,25,2.58481708358167,103.498921260586,2.58481708358167
10493,148.8324846,-31.60198156,1577722.67407602,-3546877.26933249,23,-6.09731741823934,102.854015659679,6.09731741823934
10497,148.8166869,-31.63077448,1575827.49147014,-3549877.33087783,24,3.08087813669695,103.498921260586,3.08087813669695
10509,148.8314185,-31.62181435,1577331.69351863,-3549064.86790674,24,-5.14742307465799,102.860481446885,5.14742307465799
10516,150.5937971,-30.30451656,1762778.1199186,-3425960.98559473,48,9.51851523270634,116.545452230872,9.51851523270634
10517,150.5893292,-30.2819198,1762724.76154356,-3423393.41337337,42,4.97088021594135,95.0573927163712,4.97088021594135
10519,150.591096,-30.27426709,1763015.49253324,-3422569.1151547,24,-13.0214457921197,109.235935608324,13.0214457921197
10523,147.9347728,-32.06774237,1487544.5125578,-3587800.76661495,27.03920478,-2.21532912517495,150.962128188644,2.21532912517495
10525,147.9693381,-32.04934121,1491011.10021556,-3586161.16174578,10,-15.6868537784842,149.637993259188,15.6868537784842
10529,147.9929161,-32.0297272,1493474.98151997,-3584259.40147738,27.83447551,1.96317463987009,147.102431020155,1.96317463987009
10531,147.9303403,-32.07047232,1487094.89369244,-3588052.19149565,25,-2.99487461435583,150.472442503443,2.99487461435583
10534,146.7473195,-32.30449365,1374156.00713764,-3600791.95350792,8,-11.7410046299771,169.811034798754,11.7410046299771
10535,150.7510115,-30.05109525,1781730.37827128,-3400038.28682175,23,-12.8788873657677,225.441107958867,12.8788873657677
10537,150.6935245,-30.03692999,1776538.56186979,-3397666.77709965,26,-12.8672402938797,204.213678276254,12.8672402938797
10538,150.8368134,-30.64175539,1780098.90694042,-3466718.80300994,42,5.858432857957,33.7804569418161,5.858432857957
10550,143.0644494,-33.45176177,1020900.14282436,-3693813.3390444,17.96292478,5.36313603879411,20.1120599578468,5.36313603879411
10551,143.0476244,-33.43479948,1019515.12478106,-3691792.68949614,7.348469228,-5.53120319489213,19.9225488961569,5.53120319489213
10555,143.3744122,-33.44209972,1049521.2655262,-3695250.64087137,12.72433166,-2.79063335425642,34.731113764272,2.79063335425642
10556,143.3313758,-33.48168876,1045169.29733702,-3699299.27529698,11.1337902,-2.18317119255867,35.8441618626479,2.18317119255867
10557,143.3099139,-33.48389418,1043173.13719728,-3699369.054394,18.29122676,4.49947909134626,37.2421051481178,4.49947909134626
10560,150.3237767,-30.05032372,1741428.71923159,-3394061.70896029,38,3.15911056326599,140.330703865844,3.15911056326599
10566,150.3276996,-30.03396987,1742061.0810913,-3392300.70768038,39,0.417070030725661,144.592203182144,0.417070030725661
10567,150.2081804,-30.03990062,1730683.5381776,-3391334.35209571,39,-2.30189398893004,157.167455424899,2.30189398893004
10573,150.2233807,-30.05649325,1731854.08895981,-3393381.53455388,34,-2.69409380750835,121.921567284464,2.69409380750835
10574,150.2952284,-29.99292544,1739652.49225002,-3387304.13778167,38,2.44397021915501,149.224134453879,2.44397021915501
10575,150.22333,-30.05793525,1731826.32338586,-3393540.85609206,21,-14.727758532347,121.921567284464,14.727758532347
10578,147.1380526,-32.21707873,1411551.92341129,-3595342.22317875,44,15.0430568166678,204.841012717466,15.0430568166678
10579,147.160498,-32.24169888,1413309.02288373,-3598324.67499989,42,15.8998522201344,229.838984197302,15.8998522201344
10582,145.6266574,-32.80051244,1264242.10701581,-3644329.42535222,14,-6.65270925784107,46.0477600857802,6.65270925784107
10587,145.673142,-32.79657652,1268585.34693683,-3644352.89355112,25.31139401,5.07686063523404,30.2920774145188,5.07686063523404
10592,145.6725813,-32.7983745,1268512.06252787,-3644547.09748181,10.61445555,-9.77006000110468,30.2920774145188,9.77006000110468
10602,147.6455036,-32.09019564,1460370.17636256,-3586956.03154847,5,-20.6013047277609,145.145335299654,20.6013047277609
10604,150.8563486,-30.92257962,1777304.69731889,-3498111.32391126,13,-20.347634043759,85.3326429430625,20.347634043759
10616,142.3779393,-33.63071096,956080.377889292,-3708402.47635743,7.348469228,-7.03772214676429,33.4787769024892,7.03772214676429
10619,146.6962068,-32.34227029,1368929.49159935,-3604439.76119255,15,-1.08526896031624,203.593068339516,1.08526896031624
10622,147.3709191,-32.3074009,1431949.10714479,-3607963.39706285,58,27.2453000718925,182.920815978343,27.2453000718925
10632,151.3125678,-30.61592051,1825155.42407279,-3470569.05374437,20,-4.93522149122332,53.960797668791,4.93522149122332
10634,151.3125842,-30.63901657,1824767.23627331,-3473127.71774615,21.34537421,2.14570111076184,53.4963610439253,2.14570111076184
10635,151.3129692,-30.63487153,1824873.28056158,-3472674.06061665,17.39252713,-5.68711029479049,52.1922650269804,5.68711029479049
10637,151.3103906,-30.60186529,1825188.38155889,-3468980.97701408,30,5.38052765901607,56.6124489644715,5.38052765901607
10640,151.6367324,-29.33292261,1877571.98132642,-3333103.30919297,29,-3.32535154990133,288.702267885962,3.32535154990133
10641,151.6455525,-29.32634354,1878521.6748669,-3332503.83499611,35,4.25137264537432,288.702267885962,4.25137264537432
10643,151.6283125,-29.33674759,1876707.60899124,-3333403.50476983,62,27.7660605667227,282.165915846156,27.7660605667227
10646,151.6384885,-29.33484464,1877705.56253455,-3333342.13021472,39,8.06247138317365,288.702267885962,8.06247138317365
10648,150.480671,-30.84859158,1743339.88708227,-3484734.78013006,61,37.8901239886552,141.165214947643,37.8901239886552
10651,150.4810934,-30.85842175,1743220.70314932,-3485830.29595651,11,-15.9171359150936,141.335465475379,15.9171359150936
10652,145.9652694,-32.46194444,1299662.46595346,-3610103.2830714,12,-8.38384774145927,35.3990118030445,8.38384774145927
10659,148.3555215,-31.94927894,1528302.37141371,-3579619.02755598,8,-2.26154502681627,126.547684856223,2.26154502681627
10662,150.4686567,-30.71558439,1744361.15194964,-3469824.79285993,23,-5.60614222104166,154.084663694442,5.60614222104166
10670,147.7778837,-32.08043081,1472798.63936998,-3587391.5848086,6,-24.416623990323,121.472167496482,24.416623990323
10672,141.989612,-33.69099238,919854.221714677,-3712256.07600793,6.531972647,-6.17221599079441,34.8833515293406,6.17221599079441
10683,148.7471651,-31.79205399,1566990.84972455,-3566917.45956978,11,-5.02493237033667,93.9210327145888,5.02493237033667
10691,148.2339278,-31.98829167,1516448.62877683,-3582499.56992802,20,-1.05977674303073,167.280989979214,1.05977674303073
10694,145.8129443,-32.84398123,1280934.17333905,-3651014.42861897,4.898979486,-2.72984764796997,37.8562225829757,2.72984764796997
10695,145.8117918,-32.85028414,1280751.72147182,-3651703.04338123,8.98146239,-0.757140497868027,37.8562225829757,0.757140497868027
10700,145.805671,-32.82857837,1280447.94586548,-3649230.42963603,4.082482905,-5.14967837391368,38.4773031960847,5.14967837391368
10705,145.8237589,-32.83416159,1282051.63871079,-3650032.06757413,4.082482905,-3.22653182586536,34.0445925294096,3.22653182586536
10706,145.7635619,-32.86064036,1276172.33846777,-3652370.8495469,13.88044188,3.76498779584144,45.1747264997954,3.76498779584144
10711,145.779578,-32.86169964,1277638.86731266,-3652648.60206209,13.88044188,3.07769720997437,37.6624586712272,3.07769720997437
10716,145.7528133,-32.86504348,1275126.71097596,-3652752.66194606,2.449489743,-7.83399686011925,43.4632495838155,7.83399686011925
10719,145.7980114,-32.8420347,1279578.2178791,-3650648.54790066,17.1464282,7.77796618953244,38.1312578800534,7.77796618953244
10724,139.97076,-33.5688,735078.174901658,-3685578.43280423,11.18033989,-0.561131464439184,12.0963747328605,0.561131464439184
10733,145.70025,-32.63935,1272971.54617662,-3627151.25948231,10,-13.8854236068223,36.896002863607,13.8854236068223
10741,149.7212597,-30.82354984,1672560.12788561,-3471804.95742632,51,16.1574149674343,70.8127973158823,16.1574149674343
10742,149.7398533,-30.87474348,1673509.92190334,-3477728.45183266,33.40137061,11.5861659582024,63.165500428921,11.5861659582024
10745,149.6908427,-30.91978316,1668219.64182101,-3482084.52484643,27,1.599617416304,57.5069480192106,1.599617416304
10747,149.7379751,-30.86017332,1673559.7777545,-3476087.31337361,25,2.18095603206705,63.4621011698933,2.18095603206705
10749,149.7796303,-30.86801487,1677342.66688644,-3477503.59071527,28,-4.15630910489065,71.5855684700873,4.15630910489065
10751,149.7561186,-30.8315153,1675705.34665378,-3473145.54265923,30,-3.26166665041216,68.4742090908952,3.26166665041216
10755,149.7230752,-30.82122997,1672766.31619108,-3471571.32566349,47,12.2786200257273,67.2436970698696,12.2786200257273
10758,149.7243313,-30.88413494,1671909.55304405,-3478567.18448076,23.85812186,3.19584931594971,64.0534458465774,3.19584931594971
10761,149.7743392,-30.79353737,1678003.82918189,-3469171.00956022,30,2.44800180955636,84.7809151645078,2.44800180955636
10765,149.7870427,-30.88029161,1677846.57220849,-3478962.93372034,26,-4.78498570284767,71.5855684700873,4.78498570284767
10771,149.7557806,-30.83065673,1675686.9792328,-3473045.8508688,18,-9.53393702374274,68.4742090908952,9.53393702374274
10778,151.0209099,-30.56114775,1798707.93862656,-3460363.90479124,32,2.40519186627333,116.473080025951,2.40519186627333
10782,151.0141745,-30.56017913,1798091.81267105,-3460161.75045888,32,1.419398268232,116.473080025951,1.419398268232
10784,151.0236211,-30.57189713,1798783.72284744,-3461593.29536532,14,-12.1922166714757,121.885772854159,12.1922166714757
10785,151.1514,-30.65764,1809340.69073209,-3472898.35650504,24,-6.73077896728134,76.0491028056231,6.73077896728134
10792,151.0145129,-30.56301695,1798076.42223615,-3460480.99724695,22,-9.17458593956202,116.473080025951,9.17458593956202
10794,151.0182111,-30.57505086,1798223.54982041,-3461866.62170017,38.73790134,13.6496482028573,122.77758486715,13.6496482028573
10795,151.0171711,-30.56980274,1798213.15951692,-3461270.40021078,27.66992953,0.623080166841028,122.77758486715,0.623080166841028
10799,151.0182222,-30.57450976,1798233.58446508,-3461806.81479999,28.46049894,3.68354207671322,122.77758486715,3.68354207671322
10805,147.9188518,-32.0848998,1485827.41366316,-3589519.98133403,4,-25.2440095628206,150.472442503443,25.2440095628206
10806,147.8802806,-32.11241763,1481864.20107422,-3592126.47376288,27.03920478,-5.96850653128499,117.569871030915,5.96850653128499
10810,147.8696628,-32.11386588,1480858.4344782,-3592164.1143586,29,-2.18010988512365,146.699247645022,2.18010988512365
10814,147.8854681,-32.11397821,1482324.12360718,-3592359.87802723,23.85812186,-5.42149689487116,146.699247645022,5.42149689487116
10818,150.6200543,-30.07999311,1768904.83367299,-3401423.37292803,28,-9.62716736461135,203.859882141437,9.62716736461135
10819,150.6350395,-30.03979539,1770973.29055649,-3397172.57210499,83,45.823826275211,192.483070231562,45.823826275211
10824,150.6382667,-30.12538333,1769883.0453143,-3406709.7678058,34,1.65291381099035,203.182585660241,1.65291381099035
10826,149.8968321,-31.16742943,1683644.61053528,-3512256.22664211,26,6.20275682290884,150.249031166356,6.20275682290884
10828,149.9445967,-31.15512731,1688301.39981219,-3511522.34665736,26,2.33371135082349,122.009688826565,2.33371135082349
10830,149.9010299,-31.13037175,1684616.56156242,-3508201.96498687,44,12.587663404398,98.4457904645122,12.587663404398
10834,140.9582,-33.59472,825798.005327777,-3694496.7477119,13.41640786,1.44484198671648,27.9557887105258,1.44484198671648
10835,140.90266,-33.63312,820388.097120181,-3698413.38895212,9.391485505,-4.17892364273345,20.6867863060408,4.17892364273345
10839,149.5288049,-30.93658383,1652778.76183596,-3481842.60546127,11,-18.5694729129974,108.789163698308,18.5694729129974
10843,149.5243822,-30.96733531,1651893.33565998,-3485197.73621981,14,-18.6599134295097,111.148860297389,18.6599134295097
10844,149.4593988,-30.98381379,1645554.61592786,-3486187.66424383,39,6.65574843523266,126.124406245771,6.65574843523266
10845,149.5351747,-30.94006665,1653322.20913607,-3482311.49862428,12,-15.8838077465053,102.253811320812,15.8838077465053
10848,149.4205968,-30.97863036,1641999.16039383,-3485113.20082642,35,7.29808481714133,91.0808632821169,7.29808481714133
10852,149.417236,-31.01387805,1641147.75143263,-3488981.55092944,24,-4.800342872334,80.460412947868,4.800342872334
10853,149.4362654,-31.01765103,1642872.16556872,-3489644.8169288,33,0.579807531059998,93.013297198762,0.579807531059998
10854,149.427313,-31.01729664,1642039.29441208,-3489490.39668492,27.03920478,-5.94567588332633,93.9069890317904,5.94567588332633
10860,149.3987756,-31.02565018,1639240.06238595,-3490050.91720417,45.33043154,17.1710447866357,62.9866632912998,17.1710447866357
10863,149.5391802,-30.94038484,1653692.61849311,-3482398.6485942,38,12.3857434812326,102.253811320812,12.3857434812326
10866,149.4213702,-30.96407654,1642293.22555582,-3483508.02746868,36,10.5359585952007,90.5531678462069,10.5359585952007
10870,149.4681728,-30.95092438,1646878.57608686,-3482650.96452729,47.71624373,15.4127250680513,112.527036979151,15.4127250680513
10880,149.4721563,-30.96499947,1647036.83791834,-3484264.24307312,30,4.06591338291931,127.421265660817,4.06591338291931
10886,149.4270179,-30.92500654,1643417.47220954,-3479244.7481639,12,-17.5276185191963,119.5560038851,17.5276185191963
10890,149.5136611,-30.95762338,1651037.74708273,-3483981.46734042,23,-2.08955318325199,112.553742498191,2.08955318325199
10891,149.4106018,-30.93372896,1641746.24199069,-3480001.6986235,34,9.552139011629,110.635364663531,9.552139011629
10898,149.50814,-30.96740826,1650370.78904608,-3484995.91477906,38,12.6097623416317,113.581163128902,12.6097623416317
10901,149.4241517,-31.01611139,1641761.3297675,-3489318.24125994,37,6.447783301202,79.8198587572404,6.447783301202
10902,149.5169411,-30.96297099,1651263.14127449,-3484617.25780205,27,0.806793838755677,112.89800337035,0.806793838755677
10903,149.4104656,-31.36616888,1635153.77283362,-3527981.72383149,34,4.14605197026119,71.5316756367136,4.14605197026119
10910,150.9656596,-30.72473594,1790810.54982999,-3477715.54130172,34,-1.32124524212565,103.932615014745,1.32124524212565
10919,149.5795574,-31.0095808,1656412.38554603,-3490599.59594225,15,-13.8134934823147,139.321058602662,13.8134934823147
10923,149.5572834,-30.989497,1654635.07327025,-3488082.56981587,46.12570227,16.5078304349407,107.102850687821,16.5078304349407
10929,151.9333801,-29.32024521,1905928.16352893,-3336091.19439456,24,0.754199119687001,69.990307442229,0.754199119687001
10932,151.9553245,-29.32864487,1907862.74864975,-3337349.29694074,39,2.45679348889634,69.990307442229,2.45679348889634
10934,151.9437302,-29.34941862,1906401.06137338,-3339477.61215537,39,7.94001409270333,103.886297070143,7.94001409270333
10938,151.9334241,-29.353876,1905346.2414056,-3339817.67382169,48,15.925920666375,105.608098558005,15.925920666375
10940,151.9206977,-29.32860844,1904579.72663739,-3336828.60065161,30,5.73239505627899,102.729429771687,5.73239505627899
10942,151.9228079,-29.32674835,1904812.24022113,-3336653.98546252,13,-9.986825285084,102.24821866457,9.986825285084
10943,151.9237843,-29.31811056,1905055.29788991,-3335711.57910832,25,0.918057493264676,96.8714575658169,0.918057493264676
10952,151.9207251,-29.32111816,1904712.77889087,-3335999.17279476,9,-17.2888275102303,97.1265486905087,17.2888275102303
10960,151.9191305,-29.32585225,1904479.10493144,-3336499.88356616,27,2.92508883570165,102.575845518865,2.92508883570165
10963,151.9469323,-29.33754041,1906911.7998703,-3338209.48405235,35,3.41058000554702,68.7532836451654,3.41058000554702
10965,151.9263873,-29.31833006,1905298.34387221,-3335774.71473431,24,0.343529912731995,60.9707103524532,0.343529912731995
10970,151.9590256,-29.32927845,1908202.65964322,-3337474.76292504,35,-1.10596880963166,68.7532836451654,1.10596880963166
10975,151.9391509,-29.35295604,1905905.22611146,-3339801.17808115,49,19.6443961435063,105.608098558005,19.6443961435063
10977,151.9264496,-29.33231433,1905060.62713783,-3337324.92787777,40,14.8115878351483,71.906260655672,14.8115878351483
10988,151.9417499,-29.33970142,1906382.72091029,-3338371.54751067,32,7.86061173806001,71.0851756898761,7.86061173806001
10991,143.1745197,-33.57020357,1029875.60486445,-3707865.86677466,16.32993162,0.840165073523872,28.7663166445371,0.840165073523872
10996,151.5941156,-30.15063025,1859522.50825942,-3423085.61278932,40,9.95242197528734,52.8337527307906,9.95242197528734
10997,140.54653,-33.58759,787960.015890841,-3691102.93965574,8.049844719,-2.33075629276644,12.2895477808106,2.33075629276644
10999,140.68234,-33.5835,800493.082948548,-3691491.8597567,12.52198067,-0.929385423929723,15.0439100111242,0.929385423929723
11001,147.9255081,-32.08193752,1486486.67803286,-3589268.59933846,21.47230968,-4.30366472635018,150.472442503443,4.30366472635018
11007,140.26748,-33.58084,762317.829705681,-3688658.22116233,5.813776741,-3.66384255484921,13.1199021238541,3.66384255484921
11009,148.6353541,-31.79985374,1556475.02826705,-3566416.07506217,10,-11.425477426647,101.104420436597,11.425477426647
11010,148.5694928,-31.89062631,1549033.68779171,-3575687.68745127,48,29.4943740806731,112.545939367131,29.4943740806731
11011,148.6344093,-31.80618018,1556295.20572528,-3567106.5596445,4,-16.4232671497773,101.351597975638,16.4232671497773
11018,149.325887,-31.21842474,1629495.99022275,-3510509.71792074,34,8.35629611496733,46.67855102385,8.35629611496733
11020,149.3622422,-31.14076349,1634072.48817914,-3502356.73098543,33,2.26626053974467,49.3446228328092,2.26626053974467
11021,149.3436115,-31.19029604,1631579.05758048,-3507614.80781753,25,-1.23930727344632,44.7983900445277,1.23930727344632
11022,149.3245302,-31.20715693,1629539.75783699,-3509242.14799558,19,-7.35549136816934,43.191985780852,7.35549136816934
11025,149.3626614,-31.14920699,1633983.57771603,-3503299.00465332,34.99191207,4.89872307778367,47.578118646653,4.89872307778367
11027,149.336968,-31.20044652,1630804.13267245,-3508656.27250456,40,12.5170535911657,44.6671335715176,12.5170535911657
11030,149.3385459,-31.20060725,1630949.21029048,-3508694.24973835,24,-3.60506937559101,44.6369003823806,3.60506937559101
11032,142.9589281,-33.52477649,1010489.65608298,-3701093.58081791,26.94438717,8.96686944925614,24.8171806193413,8.96686944925614
11037,149.2983387,-31.17550911,1627569.70836318,-3505396.53393299,26,-6.55616227671767,40.4365027173218,6.55616227671767
11041,149.2894131,-31.19605249,1626424.64624264,-3507562.47794976,29,-4.96615956552066,47.1387980198268,4.96615956552066
11045,149.2971693,-31.18485622,1627319.05957817,-3506418.8491155,26,-7.42122411178833,40.4365027173219,7.42122411178833
11046,149.3000627,-31.19604288,1627420.47619125,-3507697.03030499,28,-6.18521092638967,44.9968361160023,6.18521092638967
11055,149.234428,-31.23158299,1620748.49343491,-3510806.38631369,36,2.65979737522933,108.481553910622,2.65979737522933
11058,149.2655614,-31.21928547,1623844.03770237,-3509837.12096779,22,-15.0253159706637,61.838784511956,15.0253159706637
11061,149.2939891,-31.21783433,1626523.28623411,-3510037.72657166,38,3.674970040863,49.4558875662702,3.674970040863
11062,149.2932458,-31.20835002,1626597.13714595,-3508975.85911056,35,0.198469479846992,47.1387980198268,0.198469479846992
11063,149.2972361,-31.19543497,1627165.39354941,-3507593.5702195,24,-11.2782094318277,44.9968361160023,11.2782094318277
11066,149.1893683,-31.26717478,1616002.00588452,-3514185.12876523,31,-2.34202691643667,122.324446200391,2.34202691643667
11072,149.2339247,-31.23427961,1620660.83698766,-3511099.23801643,40,9.28645850207467,108.481553910622,9.28645850207467
11076,149.2020497,-31.30903498,1616557.7494675,-3518990.58666531,44,13.498004523008,135.848183609077,13.498004523008
11077,149.1593471,-31.26443578,1613237.74092179,-3513501.76311905,18,-12.1646965714676,150.723286994741,12.1646965714676
11080,150.6537829,-30.49538486,1765312.38543209,-3447953.51399068,57,11.12579277052,100.67246231837,11.12579277052
11081,150.6292944,-30.44021946,1763909.65517333,-3441498.76899592,52,10.0991812263997,100.767828961989,10.0991812263997
11084,150.6775403,-30.44617486,1768348.02811461,-3442826.04618441,55,12.1423014446459,119.304510522224,12.1423014446459
11085,150.6157834,-30.48776759,1761865.73807638,-3446584.39471235,38,1.38059003556746,100.567363878643,1.38059003556746
11086,150.6288683,-30.44363037,1763814.05436981,-3441871.086468,52,12.3868970169553,104.39143821318,12.3868970169553
11091,150.6176511,-30.42176537,1763115.35273807,-3439291.83333657,33,1.61810051569832,113.515957483083,1.61810051569832
11093,150.6253045,-30.47638097,1762945.83232195,-3445453.22476548,42,5.08926035168099,103.340158446659,5.08926035168099
11095,150.6524958,-30.37706994,1767120.47783455,-3434817.31001426,63,26.4477873339014,112.040901049812,26.4477873339014
11097,150.6274936,-30.45242392,1763541.63935541,-3442827.1302952,54,15.0026797578886,104.119112353663,15.0026797578886
11098,150.6525316,-30.5041119,1765052.53022803,-3448903.80266308,23,-21.846677908264,99.4520536987066,21.846677908264
11102,151.5269089,-29.83757554,1858537.60252512,-3387422.79478799,58,16.8791583396013,126.270012854932,16.8791583396013
11109,151.5164292,-29.66876568,1860428.1466216,-3368563.23348184,28,-7.14716641746332,62.718682486495,7.14716641746332
11113,151.5114702,-29.66662563,1859995.61117968,-3368253.85864608,29,-8.02000294464697,62.718682486495,8.02000294464697
11114,151.5363149,-29.83131867,1859532.71851299,-3386866.33983414,52,14.6769332588874,126.270012854932,14.6769332588874
11117,139.87684,-33.70778,725472.220236027,-3700519.35690968,10.73312629,1.72776320249408,15.8661466429099,1.72776320249408
11119,139.87688,-33.70417,725500.716187288,-3700117.59263876,8.497058314,-0.245407013614583,14.7987815281259,0.245407013614583
11123,150.2687963,-31.1802081,1718196.81203034,-3518625.3001652,46,16.0475127189083,155.081725448768,16.0475127189083
11126,146.6078869,-32.33789482,1360794.4450997,-3603010.12552251,47,27.7941664896269,189.188017148201,27.7941664896269
11133,147.7238521,-32.22093245,1465851.13311678,-3602367.01003908,19.88176822,-4.671781096981,122.548093836635,4.671781096981
11134,147.7198526,-32.22378793,1465440.96617638,-3602638.08566931,20.67703895,-2.34844587668334,119.018084330007,2.34844587668334
11138,148.0259943,-32.09580489,1495622.87594183,-3591980.5744504,7,-11.220259047439,149.354137043476,11.220259047439
11140,147.1962415,-32.36593959,1414976.6447823,-3612516.58383848,32,2.53144307287447,291.735547278953,2.53144307287447
11141,147.1752952,-32.27425061,1414250.54624991,-3602103.39375623,25,-5.58356473668873,252.638859109782,5.58356473668873
11143,147.2032379,-32.40020017,1415170.20241208,-3616398.01451638,20,-9.20896428447719,298.719240698336,9.20896428447719
11145,147.2742665,-32.33241551,1422654.41141485,-3609660.88048141,5,-12.8830780445774,253.205130994628,12.8830780445774
11149,147.6096964,-32.24476415,1454937.3462303,-3603707.50538937,20,-5.79498177855033,140.215102599668,5.79498177855033
11150,147.5422126,-32.25849968,1448492.06726411,-3604465.47076831,34,6.54311904254534,170.000953998432,6.54311904254534
11160,150.9109308,-30.93284561,1782242.16008677,-3500009.16791193,32.41334602,-0.421824457403531,89.2505254881195,0.421824457403531
11161,150.9287158,-30.9339389,1783887.9336559,-3500378.51913505,42,0.760858302507984,89.2800020178511,0.760858302507984
11162,150.9533006,-30.89404957,1786848.34534722,-3496302.64798203,25,-18.2729843202124,85.8507004552782,18.2729843202124
11163,150.9459599,-30.88757368,1786268.56238144,-3495482.50513177,21,-20.5708177631623,87.7870508206392,20.5708177631623
11167,150.915065,-30.94051661,1782502.17269709,-3500916.74428273,34,3.63748063584313,89.2800020178511,3.63748063584313
11171,150.9589761,-30.90952843,1787123.09765231,-3498096.96639146,49,5.56947975829904,84.7384992108953,5.56947975829904
11173,150.9603588,-30.9148724,1787163.95729366,-3498708.36876297,38,-6.36896940364196,87.927843433909,6.36896940364196
11178,143.1665361,-33.66431944,1028224.92448656,-3718263.46271895,5.813776741,-9.33753314584177,32.0208543857893,9.33753314584177
11183,145.6530283,-32.92624302,1265180.91405765,-3658559.13462906,32.65986324,7.72197866817801,57.3259473539742,7.72197866817801
11184,145.6625027,-32.9362662,1265935.99835695,-3659766.42092188,36.74234614,14.1055919451464,62.558547959086,14.1055919451464
11185,145.6908292,-32.93746822,1268536.2581187,-3660180.92126757,13.06394529,-8.92346864582737,68.0136306900603,8.92346864582737
11189,145.6542342,-32.91723656,1265399.57596785,-3657570.56938125,23.67840085,-0.296402728791538,54.3565155644837,0.296402728791538
11191,145.7214226,-32.89268729,1271896.35247754,-3655510.64371145,14.69693846,3.27125154193587,50.6092315630335,3.27125154193587
11192,145.7172119,-32.88813436,1271562.06121931,-3654962.95514406,8.98146239,-3.87477782883919,50.4219524360601,3.87477782883919
11195,150.1824691,-31.18951885,1709984.78498857,-3518499.17625076,32,4.35152477270834,152.267010935009,4.35152477270834
11198,150.9644325,-30.87268398,1788244.09387717,-3494091.23546533,53,10.739503796695,81.3165596112803,10.739503796695
11201,150.9639414,-30.88205773,1788042.82263114,-3495122.91207511,44,-1.35605783681733,86.4489791727396,1.35605783681733
11204,150.9117714,-30.86525069,1783437.62924824,-3492531.51761617,29,-5.494202506586,84.0110451364417,5.494202506586
11205,150.9651868,-30.88103093,1788176.39618732,-3495026.58085105,46,-0.29401835787565,86.4489791727396,0.29401835787565
11208,150.8336496,-30.85917649,1776224.0156211,-3490770.09946778,21,-9.84812703349699,73.7179005838842,9.84812703349699
11209,150.8524527,-30.8416837,1778272.60985363,-3489093.26391418,36,3.69362610120967,86.479396753129,3.69362610120967
11210,148.5038469,-32.0269888,1540965.40688833,-3590023.30654555,11,-5.74716239269382,88.1352368352007,5.74716239269382
11213,148.570956,-32.05052983,1546855.63305818,-3593445.92002175,12,-2.35601264105413,79.9198656905921,2.35601264105413
11217,148.5672103,-32.11033504,1545642.78348688,-3600034.70035739,38,22.7561536888667,76.5719163181907,22.7561536888667
11224,150.7863935,-30.83395004,1772213.52534889,-3487318.31547925,22,-10.3934542217367,67.5736467869311,10.3934542217367
11226,150.7870896,-30.83459335,1772268.15779998,-3487399.2640747,25,-7.06135365044101,67.5736467869311,7.06135365044101
11239,145.7667426,-32.93959368,1275517.37367862,-3661172.86006812,22.86190427,6.45370533566464,62.694931998696,6.45370533566464
11242,145.8202065,-32.94101205,1280434.50681786,-3661865.21432474,29.39387691,10.3565039360014,71.4243411182279,10.3565039360014
11244,145.7774377,-32.93969882,1276503.18973499,-3661291.35978825,26.12789059,11.2885887056636,57.5098028928761,11.2885887056636
11245,145.8141745,-32.91209196,1280226.52043936,-3658592.56193329,31.84336666,12.1463378726206,53.9022996068718,12.1463378726206
11246,145.8107014,-32.93190225,1279667.10805226,-3660758.1527668,11.43095213,-8.37943713658581,74.8918356742866,8.37943713658581
11250,149.6198347,-30.96425273,1660881.44036671,-3486093.26683862,24,-3.45315122844867,88.1158418573969,3.45315122844867
11253,149.6117146,-30.9773682,1659918.9935108,-3487442.9202937,32,5.152694872372,97.2931835291671,5.152694872372
11256,149.6621678,-30.9461253,1665126.25305403,-3484633.06826263,36,8.03762861861061,63.7432285417488,8.03762861861061
11258,149.6315638,-30.94239629,1662316.84066473,-3483820.78433205,31,6.97315418182033,81.6297606814373,6.97315418182033
11264,147.768301,-32.20137393,1470243.15220353,-3600706.79077841,11,-15.638986410316,89.3038745526,15.638986410316
11267,147.7493126,-32.20693664,1468405.14238638,-3601105.86027325,22.26758041,1.68932721431567,99.1088659761788,1.68932721431567
11271,145.8817306,-32.81610278,1287625.79035243,-3648608.99169596,20,5.21246403088727,37.9113186545296,5.21246403088727
11275,145.8700361,-32.82850833,1286395.10791631,-3649869.25434662,20,10.2377668156917,37.9113186545296,10.2377668156917
11279,145.8745479,-32.78862718,1287294.9562753,-3645484.38233543,8.98146239,-1.4893896945457,31.0429027115872,1.4893896945457
11280,145.8733323,-32.80034216,1287040.73232113,-3646773.55681361,10.61445555,-1.33194315390928,34.8124320865628,1.33194315390928
11281,145.8722644,-32.80033255,1286942.1684013,-3646761.73138792,7.348469228,-0.820203664382718,34.8124320865628,0.820203664382718
11282,145.8744683,-32.79494042,1287211.13217762,-3646184.92344182,6.531972647,-2.6216330756232,34.8124320865628,2.6216330756232
11286,151.4862473,-30.49378697,1843521.70242162,-3459534.17148062,29,-7.24693061681498,16.9516800981247,7.24693061681498
11287,151.4783277,-30.50592909,1842571.61899261,-3460764.81931876,36,-3.71272885913663,16.9516800981247,3.71272885913663
11290,151.4771892,-30.50543761,1842473.12149944,-3460693.9617486,41,-0.478445797037644,16.9516800981247,0.478445797037644
11293,151.4839967,-30.49312925,1843321.63242868,-3459428.84574574,29,-7.16610097941745,16.9516800981247,7.16610097941745
11295,151.4812318,-30.5021014,1842909.35828324,-3460382.74133335,40,5.32352871578802,16.9516800981247,5.32352871578802
11296,151.4153577,-30.47988796,1837102.70665438,-3456973.4398864,41,3.74287158467549,23.0937342867694,3.74287158467549
11309,151.479917,-30.4955268,1842897.85151407,-3459635.54999604,29,-3.29278160426599,16.9516800981247,3.29278160426599
11330,151.3957073,-30.45719257,1835642.33144549,-3454176.8747205,20,0.279149730909001,23.181731407642,0.279149730909001
11335,151.4868094,-30.50458427,1843390.62132317,-3460738.21907836,33,1.35664171891633,16.3360748741762,1.35664171891633
11336,151.3939752,-30.46247634,1835390.11912355,-3454737.31654827,20,-1.13533881760667,23.181731407642,1.13533881760667
11337,151.3942937,-30.46337346,1835404.82533711,-3454841.2736103,24,1.94508955925165,23.181731407642,1.94508955925165
11340,150.5418188,-30.37233642,1756785.71303497,-3432766.00114517,35,-2.51020712609836,140.563284427709,2.51020712609836
11343,145.666616,-32.8402523,1267461.08432536,-3649140.73055912,17.1464282,-1.6159043751951,38.2247804232572,1.6159043751951
11345,145.6631272,-32.85915616,1266913.28945156,-3651206.34583567,25.31139401,1.97167789806838,39.1954193436064,1.97167789806838
11346,145.6618216,-32.87492639,1266604.61542806,-3652945.42732635,14.69693846,-9.4746504209498,42.7004155355901,9.4746504209498
11348,143.6300077,-33.57217831,1071720.90019677,-3711831.78081904,14.31487312,-0.243132395026667,11.9419407404864,0.243132395026667
11351,145.4876069,-33.14540657,1247329.4220371,-3681275.91239909,3.976353644,-8.35423945086635,53.2530856289028,8.35423945086635
11353,149.9471051,-31.26202468,1686859.66307264,-3523408.74721306,46,16.0358924498838,168.212638973983,16.0358924498838
11361,142.5807371,-33.62701036,974755.208022437,-3709523.42988172,15.90541458,-0.918826188494917,48.9677356215289,0.918826188494917
11366,150.4787289,-31.18236669,1737769.22644974,-3521704.02759004,41,17.1956659500776,120.929884504073,17.1956659500776
11368,149.1278897,-31.12579967,1612373.29446488,-3497718.47201487,22,-10.650582673698,45.2090227815738,10.650582673698
11374,149.1426454,-31.14924171,1613402.78323157,-3500506.5959988,27,-1.135932350257,128.965270268308,1.135932350257
11381,149.0302958,-31.9236504,1591369.70519383,-3585014.57195726,33,4.73503267586699,35.2761326425555,4.73503267586699
11384,149.0444336,-31.96943119,1592001.57833687,-3590267.57188184,40,12.4278893994847,33.4955524709402,12.4278893994847
11385,149.0047637,-31.91082445,1589188.47204038,-3583274.33515567,28,0.274737724892336,35.2761326425555,0.274737724892336
11387,149.0293199,-31.92110449,1591316.91373228,-3584720.07611326,28,1.50653210442999,35.2761326425555,1.50653210442999
11390,149.0386885,-31.9344835,1591988.11226327,-3586320.50243799,25,-1.00393658147366,38.718018478672,1.00393658147366
11393,149.090387,-31.95880651,1596426.71530621,-3589662.8473833,15,-9.498821382181,47.3858550135315,9.498821382181
11394,149.0586415,-31.88584497,1594565.84394363,-3581175.37806184,25,-3.65428947458732,72.7524045759491,3.65428947458732
11397,149.0337229,-31.9673665,1591037.81286551,-3589905.1864639,20,-4.63254848764451,33.8439081458749,4.63254848764451
11399,149.0556424,-31.97388602,1592975.94547097,-3590901.28592041,17,-6.26930573976234,43.5005826072534,6.26930573976234
11404,149.061316,-31.94036855,1594002.0327504,-3587255.26794482,24,0.0581518657036604,33.5481694105437,0.0581518657036604
11406,151.1495807,-30.75019621,1807621.48391243,-3483126.64260982,28.46049894,-2.06057652971768,90.9029731402361,2.06057652971768
11407,151.1983746,-30.76621964,1811923.93494612,-3485592.90403949,16.60195772,-13.7067751247092,76.3247309580796,13.7067751247092
11409,151.1335953,-30.76124367,1805939.16815916,-3484124.44150307,11.85854123,-17.3309954854392,140.682038844736,17.3309954854392
11410,151.1501167,-30.7603979,1807501.01237083,-3484264.39034405,9.486832981,-18.3896260696693,90.902973140236,18.3896260696693
11411,151.1698469,-30.77213497,1809152.6995804,-3485843.89052829,32.41334602,0.747485489001317,95.4255331198785,0.747485489001317
11416,151.1349719,-30.74403291,1806355.85988158,-3482237.2202198,26.87936011,1.34605905152632,106.887448543098,1.34605905152632
11421,151.1504946,-30.75156244,1807684.24489711,-3483290.92798168,24.50765187,1.72990617578815,90.9029731402361,1.72990617578815
11430,151.1353893,-30.61253742,1808593.53427467,-3467674.51469754,35,2.66923013680368,50.4053223972459,2.66923013680368
11432,151.1248092,-30.57061362,1808301.65540345,-3462879.55337241,33,-1.34904269254933,68.4147647784334,1.34904269254933
11435,151.1294787,-30.59076255,1808403.05478999,-3465178.19747746,41,11.3719162531349,75.1236308483021,11.3719162531349
11437,149.3914676,-31.8227227,1626444.97797815,-3578371.62092279,42,8.27109198064166,57.5692022884313,8.27109198064166
11442,149.3496716,-31.85392307,1622087.62071039,-3581299.46486345,14,-12.76490629134,71.4615702028343,12.76490629134
11443,149.3925279,-31.86583829,1625888.71020526,-3583165.26033169,30,2.31893754980567,70.5210231401278,2.31893754980567
11444,149.3170654,-31.88867378,1618532.37391835,-3584738.77645659,36,8.37804766990899,55.541312134272,8.37804766990899
11445,149.3528394,-31.86887892,1622155.34685752,-3582997.84876713,28,1.80049124773433,71.4615702028344,1.80049124773433
11455,140.43437,-33.60065,777538.240858867,-3691869.90643268,6.260990337,-1.79641703393202,12.8009677191536,1.79641703393202
11457,140.42845,-33.6818,776396.346826418,-3700868.98506793,4.472135955,-2.83768480300518,13.8786101015653,2.83768480300518
11462,143.2467169,-33.66006265,1035630.79012412,-3718437.9796262,16,-4.77668601862449,33.4794633415061,4.77668601862449
11466,143.1981993,-33.72848182,1030506.37587949,-3725649.71220871,13.06394529,-11.1013972181689,33.2538567908805,11.1013972181689
11468,143.2245879,-33.72487126,1032963.86841772,-3725461.56947101,33.47635982,14.2099821617706,34.8065327378963,14.2099821617706
11472,145.8693658,-32.94462358,1284927.49684375,-3662759.89693203,12.24744871,-2.25159485657677,61.2737700817556,2.25159485657677
11476,145.8359955,-32.96055247,1281655.6649789,-3664193.81343909,2.449489743,-9.26655883991771,75.4478673657503,9.26655883991771
11479,147.4073156,-32.46217723,1433241.18783127,-3625553.15950409,35,2.72259046144973,197.201192169213,2.72259046144973
11481,147.4370064,-32.49381853,1435563.26583974,-3629398.40230778,35,9.14307061131197,178.747293782281,9.14307061131197
11484,145.734221,-33.08222666,1270806.21681843,-3676689.8805971,20.41241452,6.87509391042263,73.8700543606619,6.87509391042263
11485,145.7251157,-33.08213386,1269968.07380535,-3676589.03316165,8.98146239,-8.56030250944864,74.3507029703201,8.56030250944864
11492,145.6458686,-33.0799452,1262689.487393,-3675560.46606245,26.94438717,7.89593390326691,68.2359089832962,7.89593390326691
11494,145.6505319,-33.05519284,1263414.20365466,-3672857.54924774,1.632993162,-10.4513842161665,72.0353994754354,10.4513842161665
11496,145.688695,-33.08175601,1266615.54812021,-3676185.50641944,22.04540769,4.79446172290426,73.8708972608537,4.79446172290426
11497,145.6762908,-33.0157839,1266259.54269604,-3668735.59480906,26.12789059,10.2998953112031,75.4493874725535,10.2998953112031
11498,145.7079463,-33.01070408,1269239.98705612,-3668485.51841922,24.49489743,12.8638365231386,75.5335138584687,12.8638365231386
11499,145.6819044,-33.10603638,1265699.74008147,-3678814.60052256,4.898979486,-7.89836894076614,74.9671267436825,7.89836894076614
11501,145.6591261,-33.0534817,1264226.99728431,-3672752.52306883,4.082482905,-10.0178457356438,78.4357562265968,10.0178457356438
11504,145.6977516,-33.01240198,1268279.36811198,-3668572.8532497,28.57738033,13.7977491363129,75.5335138584687,13.7977491363129
11509,145.6660882,-33.01793007,1265292.91564126,-3668872.88141227,25.31139401,5.61752082622845,76.454276284643,5.61752082622845
11510,145.6607326,-32.98269721,1265219.00837694,-3664906.44715889,29.39387691,5.60034378610022,73.6166216150244,5.60034378610022
11512,145.6583265,-33.00025913,1264787.66710689,-3666833.30061591,26.94438717,11.9111610145685,73.6166216150244,11.9111610145685
11514,150.201816,-31.15304,1712372.04432737,-3514714.31903794,43,12.0118231795573,148.932139947483,12.0118231795573
11515,148.5807547,-31.97970072,1548790.73620561,-3585707.00962989,22,4.10574868352053,96.5701007324948,4.10574868352053
11520,148.5861826,-31.97413708,1549375.4875534,-3585155.57984612,27,8.25202390463906,96.5701007324948,8.25202390463906
11522,150.4606168,-31.31696422,1733907.40730112,-3536373.27820525,28,5.939495572603,177.144253251254,5.939495572603
11523,150.4558407,-31.35546042,1732841.40056363,-3540574.05858749,13,-9.55286520871,190.017042198672,9.55286520871
11528,150.4017805,-31.35402667,1727823.86946118,-3539682.99455306,61,30.1553751419556,193.136896653534,30.1553751419556
11534,148.8495198,-31.97760799,1573782.02925917,-3588759.41237828,21,-6.58727108170166,49.8915786822565,6.58727108170166
11536,148.855446,-31.95974355,1574595.2770573,-3586851.03326846,17,-6.14437834166065,54.0977584171843,6.14437834166065
11539,140.10317,-33.63116,746831.947404175,-3693291.35646053,10.2859127,3.64203119136671,12.8195264569806,3.64203119136671
11541,143.0877811,-33.62723438,1021350.05076318,-3713509.46752928,10.61445555,-1.35033498524245,34.8713140540426,1.35033498524245
11545,143.1148713,-33.60529521,1024051.89015594,-3711287.45353866,15.51343504,4.65867847782924,33.836769244368,4.65867847782924
11549,143.0500334,-33.59812722,1018162.19359135,-3709972.36268941,13.88044188,2.12682349342733,35.4910837432916,2.12682349342733
11551,150.5995839,-31.17258431,1749213.40919594,-3522269.31667416,44,13.3815645290383,116.563849004457,13.3815645290383
11553,148.026153,-32.25186553,1493453.60780606,-3609301.22595361,33,15.2539150342594,141.935271624401,15.2539150342594
11554,148.0307222,-32.24926389,1493913.58326247,-3609065.96328949,11,-6.72005487354489,141.935271624401,6.72005487354489
11556,148.0532136,-32.25294551,1495946.93286257,-3609737.6616439,30,15.0485731763121,141.935271624401,15.0485731763121
11557,148.0358579,-32.21840929,1494821.68713964,-3605702.2675305,3,-14.3558383993428,133.590333554261,14.3558383993428
11559,138.94586,-33.54908,640779.629387617,-3677862.61355473,32,5.14762290871994,93.2819517113052,5.14762290871994
11563,149.4594045,-31.51029749,1637523.00870048,-3544595.00212315,14,-18.166285512205,55.2363715045504,18.166285512205
11564,149.4311079,-31.58460279,1633754.15653478,-3552473.37373099,31,-2.61555140755966,38.9553750328671,2.61555140755966
11570,149.3057054,-31.04510689,1630230.9154212,-3491019.24504357,40,1.59829592246037,66.9258281834115,1.59829592246037
11572,149.3036922,-31.00065755,1630714.70750524,-3486060.41448813,31.01555842,1.77049887503165,52.0223691420247,1.77049887503165
11575,149.3161321,-31.08154885,1630655.56936823,-3495196.5702394,50.89732664,16.8756128405183,53.2707560903774,16.8756128405183
11578,149.3914834,-31.01045246,1638788.29134616,-3488270.82431642,15,-12.3616986509967,72.5579341928523,12.3616986509967
11582,149.385046,-31.00425794,1638279.57772755,-3487500.82329293,17,-10.0254947251063,69.4282847423962,10.0254947251063
11584,149.3051307,-30.9903764,1631004.95823908,-3484937.70911468,19,-5.61196287283233,52.0288232851772,5.61196287283233
11585,149.3103193,-31.05960012,1630443.6098881,-3492686.57819078,35,0.763286992470661,58.2758927712953,0.763286992470661
11587,149.3303696,-31.06461498,1632244.57756997,-3493499.13978119,25,-10.1951131330706,66.1486786636092,10.1951131330706
11589,149.3449106,-30.99444041,1634669.55398118,-3485897.17472989,31.01555842,-1.4262206528143,64.8951375206597,1.4262206528143
11592,149.3200319,-31.04967549,1631503.06310577,-3491709.15160858,33,-0.847318946196324,59.322901201039,0.847318946196324
11593,149.3203614,-31.05030093,1631524.4424529,-3491782.76988494,40,6.15268105380368,58.9523304280616,6.15268105380368
11597,149.3498911,-31.00583182,1634963.30039055,-3487225.13568278,43,11.8821978284373,67.4769185509818,11.8821978284373
11598,149.3861172,-31.01278863,1638250.26241064,-3488461.25628243,28,0.312451291617993,72.5579341928523,0.312451291617993
11600,149.3118688,-31.00407416,1631428.85594577,-3486543.99951465,31,5.383402882202,37.8661999349416,5.383402882202
11601,149.307202,-30.98943743,1631213.18706718,-3484859.94088083,23,-2.21498338040599,51.174269575157,2.21498338040599
11603,149.3035198,-31.08872002,1629366.69353618,-3495831.47787789,28.62974624,-3.41107488395967,53.9584884270132,3.41107488395967
11608,149.3387621,-31.00677358,1633906.73782229,-3487187.27457706,26,-3.65494495045536,49.8702557107354,3.65494495045536
11610,149.3103633,-30.99028287,1631496.52358857,-3484994.14103576,19,-4.89298527920334,51.174269575157,4.89298527920334
11611,149.3260393,-30.98909942,1632982.83966778,-3485063.07577009,24,-4.67546906390801,42.4434377182759,4.67546906390801
11614,149.3102405,-31.05157402,1630557.66638491,-3491794.84387173,17,-17.1567014685953,66.4478960458369,17.1567014685953
11616,145.7738501,-33.08307378,1274448.6566698,-3677178.71337159,25.31139401,14.0967846225023,86.1689167718578,14.0967846225023
11617,145.8263235,-33.08493186,1279262.49523768,-3677909.48681205,26.94438717,14.7282118199803,83.4845994778713,14.7282118199803
11623,144.0031897,-33.64569972,1105240.78074789,-3723180.33677521,4.771624373,-4.25785918028085,7.71987284652927,4.25785918028085
11625,144.0030335,-33.65020324,1105179.29837242,-3723679.26984013,7.157436559,-2.76466544616828,7.71987284652927,2.76466544616828
11626,147.0748619,-32.4030082,1403239.30435215,-3615293.75160068,27,3.17538735094239,256.933760115565,3.17538735094239
11631,147.0968636,-32.32363293,1406324.22671,-3606721.48894741,16,-9.57043675132265,309.886376450138,9.57043675132265
11634,146.7168027,-32.5525102,1368137.60902932,-3628011.57103878,6,-12.6720873607492,299.959534902805,12.6720873607492
11637,145.46625,-33.05478056,1246426.63162926,-3671001.59053705,15,-0.498754362455045,66.1293085935699,0.498754362455045
11639,145.4687611,-33.04638889,1246756.83439679,-3670093.93852643,18,6.30945318306897,68.2854028470069,6.30945318306897
11640,145.4744611,-33.05036944,1247235.69752268,-3670591.73827945,16,2.22161565003779,68.2854028470069,2.22161565003779
11647,138.92699,-33.33492,640336.031755475,-3653898.06113731,41.64132563,10.4605027410677,81.1233127885169,10.4605027410677
11655,149.1069178,-31.1688819,1609766.72419468,-3502235.75062174,24,-4.36095559788567,150.05480897418,4.36095559788567
11663,150.6171156,-30.07580841,1768695.75463057,-3400918.55399237,30,-2.00371004912165,203.310328714442,2.00371004912165
11668,150.6327607,-30.04120828,1770735.24482601,-3397297.6924276,22,-13.411339381465,192.483070231562,13.411339381465
11669,145.9016472,-32.70263611,1290842.99430649,-3636204.39713838,12,-6.04645691968026,34.7716073903218,6.04645691968026
11670,145.8951889,-32.73403056,1289864.8040955,-3639627.14398914,15,-2.35589306117127,37.041613254791,2.35589306117127
11672,151.2045418,-30.76603456,1812504.70452859,-3485659.88362682,12.64911064,-14.3492262651634,76.3247309580796,14.3492262651634
11675,151.2073893,-30.77022381,1812701.12200075,-3486164.34139177,11.06797181,-10.1291813930188,76.3247309580796,10.1291813930188
11676,151.2058359,-30.76948061,1812568.09613287,-3486059.9747434,8.696263565,-14.8793540146548,76.3247309580796,14.8793540146548
11677,149.3589214,-31.17305975,1633271.92293656,-3505897.90261035,37,8.89062645535899,44.6882166767362,8.89062645535899
11678,149.375767,-31.26111178,1633510.12442671,-3515882.94963167,41,8.99217549862868,50.7043500616906,8.99217549862868
11682,149.3517849,-31.18522228,1632420.16483222,-3507156.23735565,26,-1.88819114618632,44.7983900445277,1.88819114618632
11688,149.3453065,-31.30219523,1630041.45490455,-3520051.9506244,31,0.108051044707004,56.7813627356007,0.108051044707004
11690,147.4890975,-32.17118688,1444747.2976596,-3594170.26710036,4,-22.2353783509629,206.604429517809,22.2353783509629
11696,147.473885,-32.18296357,1443176.14114132,-3595305.92828519,41,12.5849151735063,214.757714692681,12.5849151735063
11697,147.4722071,-32.19700713,1442830.64728446,-3596846.2585729,33,0.786386920667589,218.029357214153,0.786386920667589
11702,148.0659883,-32.25424196,1497112.90022393,-3610031.15661879,42,23.3101094564235,141.935271624401,23.3101094564235
11704,143.8699107,-33.66150291,1092840.53284003,-3723789.38387221,9.543248745,-1.80622210405693,13.0233225196633,1.80622210405693
11706,145.8773845,-33.11381372,1283618.56768933,-3681628.56680514,30.21037349,11.0377635535721,87.2543474049296,11.0377635535721
11712,145.8493445,-33.08604847,1281370.64631353,-3678264.18199925,10.61445555,-4.16910542779758,79.4822180267882,4.16910542779758
11715,147.6510116,-32.26878899,1458440.61691641,-3606845.45391872,1,-26.6415933725645,134.666588668503,26.6415933725645
11718,150.9804337,-30.53351422,1795366.91341597,-3456732.15544963,33,2.18387643392601,107.438162561047,2.18387643392601
11719,151.0009343,-30.57866563,1796542.02794081,-3462024.13788818,24.50765187,-7.32486044387104,105.296863244691,7.32486044387104
11723,150.9993463,-30.58478732,1796291.3515262,-3462680.20679485,31,-2.19834979013043,42.2747664189822,2.19834979013043
11725,150.9456323,-30.55155305,1791800.55320257,-3458242.76872032,29,-1.06355842073433,98.1703136091039,1.06355842073433
11730,150.927188,-30.55280321,1790048.27516809,-3458122.76525514,40,11.3815224374743,98.1703136091039,11.3815224374743
11731,150.9524022,-30.53144361,1792769.19228602,-3456109.02918494,39,6.93589128681501,110.936240308545,6.93589128681501
11734,151.0072012,-30.55097022,1797590.21316488,-3459043.08811718,27.83447551,-2.75473036045735,116.19853477376,2.75473036045735
11739,150.9671969,-30.56109309,1793666.91490283,-3459602.66717169,36,2.15055739186568,95.1296186950866,2.15055739186568
11740,151.0014437,-30.50803782,1797762.64681746,-3454204.16668053,48.22473432,22.9162088076641,115.5896037832,22.9162088076641
11749,150.9837057,-30.5370561,1795615.37150528,-3457170.6712771,34,3.51496351684802,116.377539161786,3.51496351684802
11751,150.9893933,-30.56195212,1795736.22980669,-3460009.68097219,23,-9.96577130067701,105.594868620733,9.96577130067701
11754,150.9998482,-30.50963714,1797586.25205059,-3454358.96176172,22.13594362,-3.32663779005515,115.5896037832,3.32663779005515
11757,150.9932689,-30.56763209,1796005.74614919,-3460693.62366552,28,-3.85449214488573,105.684394735934,3.85449214488573
11759,151.0126176,-30.52724352,1798492.90329134,-3456489.88835845,15.02081889,-7.81455428381219,116.19853477376,7.81455428381219
11760,150.962954,-30.52617843,1793847.23861387,-3455673.60842794,71,40.090895902905,108.053943662766,40.090895902905
11765,150.9251216,-30.54753814,1789941.35610864,-3457510.27768357,39,1.93899348371234,98.1703136091039,1.93899348371234
11767,150.9410974,-30.54122453,1791545.77757609,-3457034.46529963,43,5.51618057401035,95.2795953115227,5.51618057401035
11770,145.6810007,-33.16645546,1264895.229625,-3685514.86395186,4.082482905,-3.64941211235234,52.2867619212818,3.64941211235234
11771,145.6747981,-33.15105701,1264507.67516637,-3683743.60922085,1.632993162,-8.56975016532886,58.7559571302993,8.56975016532886
11777,147.3686223,-32.46119582,1429672.37434681,-3625010.6817932,25,-10.6806308018041,197.201192169213,10.6806308018041
11782,147.422331,-32.41229538,1435302.83066271,-3620184.94318117,11,-14.1920016194251,229.534941912421,14.1920016194251
11784,148.7341787,-31.97939303,1563044.72996472,-3587541.40374485,26,3.73680043636387,41.9658812598871,3.73680043636387
11787,148.7038589,-31.97145721,1560344.66042341,-3586290.47235432,16,-5.35379381197523,41.9180333781596,5.35379381197523
11788,149.2846451,-31.87622875,1615708.58566643,-3582948.58046319,40,13.811839817628,49.7638187286461,13.811839817628
11790,149.2840313,-31.85349438,1615994.68625343,-3580420.07800156,33,6.50658321637034,46.0678172960709,6.50658321637034
11797,146.1429299,-32.97476232,1309797.25445973,-3668884.78058743,9.797958971,-9.80420358221662,67.5700944844365,9.80420358221662
11802,146.2070722,-32.94971111,1316023.69854761,-3666762.49779205,22,5.96409089221883,59.2260310897143,5.96409089221883
11805,146.1494627,-32.96308099,1310544.02965298,-3667654.77116043,5.715476066,-11.6989047838814,58.8542295209235,11.6989047838814
11807,142.914825,-33.72259,1004549.45027251,-3722737.89114177,10,-6.27832039881231,52.0548657278124,6.27832039881231
11809,142.916985,-33.72054481,1004767.2362577,-3722527.54087351,5.566895101,-10.0954470268542,52.0548657278124,10.0954470268542
11814,149.5330952,-31.51625422,1644299.89737604,-3546202.10212473,35,4.37656860340467,63.4983552755202,4.37656860340467
11816,148.7338586,-31.90554953,1564094.13020153,-3579345.98366741,32,5.24748809771659,90.7524629279291,5.24748809771659
11818,148.771714,-31.89237897,1567805.01784088,-3578348.91779253,15,-13.6507575441515,42.8848168738886,13.6507575441515
11819,148.792692,-31.89031686,1569784.96559238,-3578377.76501094,15,-11.659205518469,42.7737703347625,11.659205518469
11820,148.8021908,-31.88569056,1570735.67844469,-3577981.31447359,14,-12.8684542684573,42.7737703347625,12.8684542684573
11821,148.7040687,-31.85143442,1562115.09204107,-3572977.88249904,31,7.22827126341494,100.563822366533,7.22827126341494
11823,148.7072134,-31.8666725,1562185.14014567,-3574706.9381842,23,-0.914639633930268,96.6005786665726,0.914639633930268
11830,148.7521102,-31.87158886,1566287.16754473,-3575802.08235272,27,-6.31030983558431,94.9204370268506,6.31030983558431
11832,148.7148978,-31.84845436,1563165.52026768,-3572779.7100439,23,-1.27955266721132,100.563822366533,1.27955266721132
11841,145.5866244,-32.83462065,1260137.4206742,-3647723.71970567,18,-3.81655938071813,56.7290120310189,3.81655938071813
11842,145.5880368,-32.83448326,1260269.55394713,-3647722.38643756,15,-6.88024452687474,56.7290120310189,6.88024452687474
11844,145.5694359,-32.82520745,1258660.72976992,-3646508.3606562,27,7.813941880696,53.5582603912567,7.813941880696
11845,145.5162381,-32.71324298,1255066.03169197,-3633542.84170107,50,16.4951491045563,44.0593048126556,16.4951491045563
11852,145.5608079,-32.80844057,1258061.93444814,-3644560.31978637,19,-0.176305186612836,47.7490114320683,0.176305186612836
11856,145.5586901,-32.80929109,1257856.13249345,-3644633.97412656,15,-4.3935289059365,47.7490114320683,4.3935289059365
11861,148.3948611,-31.98971389,1531379.20873732,-3584577.06223577,12,-9.32152842111777,103.537648829575,9.32152842111777
11866,143.2505661,-33.74027698,1035197.22852087,-3727383.87740044,26,7.16453507918581,32.6621355137455,7.16453507918581
11870,143.2173709,-33.77769294,1031784.69103585,-3731273.16623823,22,2.48076858840033,35.185092553881,2.48076858840033
11873,143.3002718,-33.75463445,1039617.39861238,-3729382.95456863,21,2.96785186174501,32.6724074802657,2.96785186174501
11878,149.5105069,-31.14133074,1647930.8368913,-3504324.10543449,25,-5.71155173968483,93.58267156097,5.71155173968483
11879,149.5432197,-31.12435547,1651250.3599272,-3502863.18551152,41,10.61268317567,88.0334072724067,10.61268317567
11882,149.5325028,-31.14358752,1649953.31184718,-3504858.38205844,44,9.98198695728936,77.9699445300773,9.98198695728936
11883,149.5577368,-31.14494647,1652292.2298777,-3505335.27068533,39,8.8228233357927,87.0170507639005,8.8228233357927
11885,149.5634308,-31.12664231,1653105.6310438,-3503378.26843182,24,-8.58408783141666,86.5617694817701,8.58408783141666
11887,140.43225,-33.76028,776168.409989383,-3709628.53528259,4.91934955,-0.985749429652463,16.126303408537,0.985749429652463
11896,149.4749162,-31.39293535,1640760.45161942,-3531777.10287778,47,12.3318944316507,58.5026311994686,12.3318944316507
11902,149.4394407,-31.51174408,1635640.21108118,-3544499.69788765,35,2.53997972841167,55.668823416769,2.53997972841167
11903,149.4469648,-31.50194126,1636490.90732069,-3543508.84034425,20,-12.6325962522013,55.2363715045504,12.6325962522013
11907,149.473843,-31.45776478,1639670.64547451,-3538953.8759633,31,-2.20390674730839,68.7433697657849,2.20390674730839
11910,149.4568544,-31.46955482,1637906.64466141,-3540043.60087552,42,11.3181954596103,69.1424209902194,11.3181954596103
11911,149.4676787,-31.49107261,1638587.5615202,-3542568.92735745,32,-2.07951999230566,69.1424209902194,2.07951999230566
11912,149.4904225,-31.48669975,1640774.5608289,-3542375.85527167,37,5.65721015800803,73.2311035684958,5.65721015800803
11913,149.4576276,-31.4991214,1637527.82973859,-3543332.72431263,26,-5.28174755934131,69.0233991016703,5.28174755934131
11915,149.4558929,-31.47705883,1637702.56201008,-3540863.55138231,34,3.389949928064,69.1424209902193,3.389949928064
11919,148.2946377,-32.28367736,1517886.05945539,-3615994.83505115,14,-5.72308635199163,137.300935111397,5.72308635199163
11920,148.2136218,-32.26012654,1510713.26178509,-3612421.95568241,11,-10.8718878493255,136.775560319458,10.8718878493255
11924,151.8326513,-29.64041947,1890823.27245147,-3370064.95067773,29,-9.02121053484935,64.4260627762423,9.02121053484935
11927,151.3628909,-30.76290729,1827388.29352097,-3487569.26062016,28,-5.77082884170383,52.6599462206496,5.77082884170383
11929,150.4600962,-30.33857211,1749641.70554409,-3427899.923424,27,-6.53529596682199,94.2660589261381,6.53529596682199
11933,147.2967367,-32.41301438,1423660.74360094,-3618859.46108262,31,2.85772873884793,349.285618921826,2.85772873884793
11934,147.2364891,-32.42920455,1417864.80072115,-3619986.82448807,61,26.0879843586552,324.43708257064,26.0879843586552
11936,147.2758139,-32.49208679,1420668.16251985,-3627404.30008029,12,-17.812102332931,315.855149049814,17.812102332931
11938,147.2645601,-32.49853009,1419540.66665373,-3627994.43440458,54,28.529497608145,303.988629194639,28.529497608145
11939,147.2513525,-32.49935483,1418307.27619083,-3627939.29332572,17,-11.132275044465,312.460026453924,11.132275044465
11940,147.2556003,-32.49573786,1418748.59665498,-3627584.95712622,11,-15.430281789735,312.460026453924,15.430281789735
11944,140.9916,-33.77827,827431.719504665,-3715141.22345525,7.602631123,-4.36219287702214,17.3606156624832,4.36219287702214
11947,145.7048283,-33.15047109,1267280.92367272,-3683976.10847145,0.816496581,-5.52315893854193,55.5718780548588,5.52315893854193
11950,145.7776275,-33.15842253,1273891.011474,-3685583.0198945,9.797958971,-1.51601946644223,58.1602101442867,1.51601946644223
11951,145.794671,-33.1667061,1275361.04674994,-3686672.78602576,25.31139401,14.4905902615963,71.284226391916,14.4905902615963
11952,145.8257549,-33.16790513,1278209.17372936,-3687116.56115863,10.61445555,-4.35166884097705,70.409383786184,4.35166884097705
11960,147.1168708,-32.4814785,1406095.70191416,-3624468.23302846,56,32.4588446449325,263.707880217944,32.4588446449325
11962,147.0891674,-32.48183496,1403526.17846789,-3624203.17991921,30,-2.92129167368431,284.98906105003,2.92129167368431
11968,142.510386,-33.712716,967502.937828977,-3718518.68778489,7,-11.7246377216372,51.2047319901631,11.7246377216372
11969,147.5780799,-32.35445681,1450512.96293848,-3615524.04960127,44,18.2735922657736,155.89708926683,18.2735922657736
11970,147.5663967,-32.32151954,1449878.18320096,-3611735.46853355,15,-10.717202938169,157.809114845399,10.717202938169
11974,147.6136103,-32.28854744,1454703.3758259,-3608612.23833509,26,1.319925013718,137.649069853298,1.319925013718
11977,147.5568905,-32.33058298,1448874.02631902,-3612633.67048495,16,-10.0720689591025,158.127700795223,10.0720689591025
11981,145.9334218,-33.08860025,1289087.85868388,-3679393.33884169,26.94438717,1.82547882367263,88.7262629956177,1.82547882367263
11987,145.6613214,-32.603463,1269796.41368936,-3622775.40172922,29,-1.8325322493032,48.8680304949057,1.8325322493032
11989,151.5992205,-30.230087,1858642.17853145,-3431961.70619379,29,-1.05328658905,41.8277086347752,1.05328658905
11995,145.896368,-33.00980701,1286628.73254657,-3670270.66500634,8.164965809,-9.3287666113428,97.9719725134254,9.3287666113428
11999,145.8791008,-33.10526064,1283880.27213831,-3680696.15370422,9.797958971,-13.2237533067901,87.9740783519822,13.2237533067901
12002,145.8906318,-33.04042292,1285728.61258184,-3673612.68834418,14.69693846,-9.24217892691157,83.138770712851,9.24217892691157
12005,145.8974608,-33.00801274,1286751.27341332,-3670082.41981266,4.082482905,-15.358104279578,97.9719725134254,15.358104279578
12006,145.8928636,-33.03322705,1286021.61295104,-3672836.09427966,15.51343504,-6.00647382445966,89.2641282242836,6.00647382445966
12008,141.9740591,-33.87988218,916781.671851858,-3733150.55646592,7.348469228,-5.4756866997763,22.2658285464331,5.4756866997763
12009,141.9771079,-33.86710116,917172.54625156,-3731751.31657556,17.1464282,3.42674300482605,24.8262322513968,3.42674300482605
12011,142.004691,-33.793572,920344.623716609,-3723773.33658158,8,-5.98974042336217,30.9327529230254,5.98974042336217
12013,139.13637,-33.32767,659716.623631292,-3654155.18927876,13.88044188,0.248466253158547,60.5014779046009,0.248466253158547
12018,148.8515025,-31.91926618,1574824.68561227,-3582312.78487463,9,-17.4412122827377,51.0195076996751,17.4412122827377
12027,143.1770963,-33.77265031,1028138.8181558,-3730388.1187972,20.41241452,0.70061873228013,31.928400249369,0.70061873228013
12028,149.048406,-31.44807865,1600133.97590702,-3532484.916717,30,-3.02403114096553,115.16123844398,3.02403114096553
12033,148.9754067,-31.37977035,1594336.06910831,-3523992.02591332,28,-0.695220173476173,109.807861681856,0.695220173476173
12034,149.0362108,-31.37160306,1600134.56507201,-3523845.83735863,36,5.23476979298849,94.8763061341846,5.23476979298849
12038,150.296339,-31.27235187,1719296.76856793,-3529209.12461567,40.55880717,2.18065461520101,209.131872735345,2.18065461520101
12041,147.9944959,-32.33046813,1489421.30945462,-3617653.24212993,30,8.5850510608021,142.760269734467,8.5850510608021
12047,150.3087621,-30.34485972,1735296.40402977,-3426533.2867445,42,2.66227561497534,119.561890856694,2.66227561497534
12052,150.2136127,-30.29906939,1727068.72461176,-3420164.11480833,26,-11.9822282044493,132.67936782156,11.9822282044493
12054,150.3157205,-30.33490135,1736110.8588257,-3425523.15459131,51,9.824357939777,129.923856002235,9.824357939777
12060,150.342345,-30.35544139,1738287.80732416,-3428163.61823132,26,-10.104824978048,128.521422519298,10.104824978048
12061,150.3428535,-30.35355768,1738365.87391921,-3427961.58916056,48,11.9349216038697,128.521422519298,11.9349216038697
12062,150.3456164,-30.33790218,1738877.01238169,-3426262.61481023,50,13.796511534265,118.580108573498,13.796511534265
12068,150.341591,-30.33196134,1738593.35800914,-3425548.84050987,38,0.825024836268668,122.235888387569,0.825024836268668
12071,150.3436004,-30.34593351,1738558.44139561,-3427126.0491698,43,2.82889745422003,128.521422519298,2.82889745422003
12077,150.3329306,-30.32771718,1737846.11164187,-3424960.21897898,48,0.63333698138667,129.923856002235,0.63333698138667
12079,150.3473349,-30.34550431,1738916.83567915,-3427129.26655742,61,25.5401358247967,129.054281565608,25.5401358247967
12080,150.2196644,-30.35377148,1726767.27247668,-3426314.67073459,37,0.824169414715008,112.631651810886,0.824169414715008
12082,150.3453316,-30.34459776,1738742.81449775,-3427001.44229803,46,11.401907672886,129.054281565608,11.401907672886
12083,150.3388945,-30.33461772,1738296.92522792,-3425806.80886801,30,-9.14065062494864,122.235888387569,9.14065062494864
12092,150.3441277,-30.33620692,1738764.06632456,-3426054.30626696,35,-2.22968760155067,118.580108573498,2.22968760155067
12095,150.0014791,-31.43412425,1689230.2141279,-3543206.84626345,19,-9.28806290304407,84.9006955444183,9.28806290304407
12097,149.9961511,-31.41317841,1689062.80487824,-3540814.52233682,25,-1.59582456723333,84.9006955444183,1.59582456723333
12099,149.9705107,-31.4336132,1686351.41874002,-3542741.06963955,26,0.987676916700874,81.9039618369474,0.987676916700874
12100,149.969333,-31.42294631,1686409.05817882,-3541543.05107653,21,-5.0276466800198,81.9039618369474,5.0276466800198
12102,150.0121041,-31.42009886,1690441.29414167,-3541792.66773314,24,0.305072877047682,79.8647676473333,0.305072877047682
12108,149.9709137,-31.36235098,1687507.63759372,-3534846.38596259,22,-8.36968705795287,92.4975619529832,8.36968705795287
12115,149.9969237,-31.36671388,1689865.27887347,-3535673.86307335,18,-11.771691203194,91.8537809590575,11.771691203194
12119,149.9984692,-31.36210611,1690081.88027376,-3535183.49368789,28,-1.92548523270302,91.8537809590575,1.92548523270302
12121,141.9327475,-33.80699208,913623.567543745,-3724749.35722633,27,8.24751054725034,30.9327529230254,8.24751054725034
12124,142.0393355,-33.84321478,923090.382085816,-3729543.52283368,8.98146239,-5.18747948728527,24.5766207518606,5.18747948728527
12125,141.1007366,-33.81377857,837175.961215056,-3719803.18316839,2.449489743,-9.62743609708433,19.7056472306272,9.62743609708433
12127,147.0333751,-32.42008515,1399171.20928473,-3616734.95354692,42,13.7934981789482,256.933760115565,13.7934981789482
12128,147.0392859,-32.48730015,1398836.15131035,-3624262.8787764,27,-6.48749305571233,303.448221386339,6.48749305571233
12130,139.24547,-33.62088,667936.496525935,-3687397.22688283,12.24744871,-0.625679130386194,78.0331096756585,0.625679130386194
12133,140.22056,-33.75278,756763.898863797,-3707523.61524759,16.32993162,9.54779318331395,13.1829619037841,9.54779318331395
12134,144.8105441,-33.6717846,1179048.3135139,-3733294.93770287,4,-11.2011754746073,15.9663503651917,11.2011754746073
12136,148.1285796,-32.33668809,1501753.59467845,-3619912.98523338,17,-2.21412365803386,159.105634998154,2.21412365803386
12143,148.1130121,-32.34609953,1500179.39440897,-3620774.17104172,36.58245352,19.7497741630766,159.105634998154,19.7497741630766
12146,152.0166789,-29.19699595,1915984.5073614,-3323683.08574129,22,-12.849185152759,48.9195590049851,12.849185152759
12154,148.7452563,-32.06370974,1562840.61141597,-3597029.18173255,30,-0.153068327309352,64.6765427977819,0.153068327309352
12156,148.7948369,-32.03544369,1567855.84742201,-3594501.67415304,33,4.16275131499592,53.938166019753,4.16275131499592
12157,148.7502507,-32.05171001,1563479.5711174,-3595759.37888794,26,-3.67778028375767,52.4648297764989,3.67778028375767
12158,148.750328,-32.0518713,1563484.38595337,-3595778.21395594,27,-2.67778028375767,52.4648297764989,2.67778028375767
12165,148.7882749,-32.01653166,1567524.03057108,-3592323.58858648,21,-6.104191297864,56.392932141399,6.104191297864
12166,148.7842203,-31.99687136,1567435.77775682,-3590093.21738528,25,-1.51946338956067,50.2589583195497,1.51946338956067
12167,148.7870485,-32.04442019,1567001.38641312,-3595401.69839301,27,-0.527303089103654,54.6330186441568,0.527303089103654
12172,150.6709725,-30.55840532,1765899.10941487,-3455177.99867149,23,-14.8942821721451,80.2929724960381,14.8942821721451
12174,138.89233,-33.23772,637720.371591658,-3642887.72283117,32.65986324,10.9212559571385,73.827258271914,10.9212559571385
12176,146.1146667,-32.95106667,1307482.30252798,-3665964.22309436,14,-5.32115744726302,70.8495886323874,5.32115744726302
12184,143.3205644,-33.77422582,1041286.01386614,-3731725.15852867,20,0.577743844336823,25.3161020170131,0.577743844336823
12186,143.3150132,-33.77135471,1040805.06982221,-3731360.90035314,22,-1.012570409055,25.3929826709942,1.012570409055
12190,143.3406781,-33.78095066,1043064.74722035,-3732636.45323124,22,6.6913175065477,26.4035721146855,6.6913175065477
12196,143.3347656,-33.77435455,1042587.56648883,-3731855.28282786,16,-5.06183519850771,26.3262195345246,5.06183519850771
12200,142.5784634,-33.79748003,972973.242568131,-3728459.463967,11.1337902,-6.16999534065318,47.2436531848644,6.16999534065318
12202,150.2860977,-31.10979012,1720937.8683481,-3511052.27106954,14,-18.664291365766,148.932139947483,18.664291365766
12203,150.2888796,-31.11185078,1721164.96090661,-3511318.17901218,19,-16.1510118881176,148.932139947483,16.1510118881176
12206,151.9958523,-29.06462475,1916321.55969363,-3308705.84761155,35,7.24149731890699,54.8747967202,7.24149731890699
12210,151.9963957,-29.06261622,1916408.32802468,-3308491.47318525,35,6.71035623720365,54.8747967202,6.71035623720365
12215,151.9977729,-29.06253626,1916540.63408472,-3308503.27389055,40,11.8416388120157,54.8747967202,11.8416388120157
12219,151.9548416,-29.05645404,1912565.87000729,-3307186.03540881,35,16.695845808743,57.3530083669278,16.695845808743
12225,151.9550258,-29.06161783,1912493.2824501,-3307760.92058828,28,6.36162960166667,66.8716651196147,6.36162960166667
12230,151.9540339,-29.06116787,1912406.84343584,-3307696.21848021,21,-0.700195179291988,66.8716651196147,0.700195179291988
12232,151.9569261,-29.05243603,1912834.14404351,-3306772.06358709,26,5.02497890977,51.7355062325309,5.02497890977
12233,151.9543913,-29.05933857,1912472.73466685,-3307498.88923009,23,0.687300876842681,57.3530083669278,0.687300876842681
12237,145.6575565,-33.25860513,1261637.9588238,-3695514.50118753,23,-1.17771619608828,59.0623418602694,1.17771619608828
12239,145.6581594,-33.24094339,1261903.87782421,-3693559.56842879,24,2.88617810978349,59.0623418602695,2.88617810978349
12244,145.6873533,-33.17193411,1265414.89355813,-3686186.11138859,2.449489743,-5.6764677727127,52.2867619212818,5.6764677727127
12245,145.6707924,-33.20332527,1263515.25937619,-3689507.71199434,7.348469228,-0.978970153212971,50.6272758972722,0.978970153212971
12246,145.6848988,-33.19265224,1264941.47520246,-3688462.24646263,0.816496581,-5.21883872351158,45.2492565617321,5.21883872351158
12247,145.7166144,-33.22455043,1267480.08383922,-3692318.20011658,8.164965809,1.01672996538363,51.7744823909306,1.01672996538363
12250,145.6515261,-33.20041221,1261776.06482087,-3688993.84991885,6.531972647,-2.1213242263854,54.1578984904818,2.1213242263854
12251,145.7301117,-33.30554516,1267752.41476238,-3701443.78628925,38,15.560194113548,54.8563364723363,15.560194113548
12253,145.7081073,-33.23459082,1266576.937436,-3693348.54931273,26,17.9864437551625,51.7744823909306,17.9864437551625
12254,145.6833231,-33.28776863,1263660.9856945,-3699006.85583195,27,3.8790394807963,61.1010398915662,3.8790394807963
12255,145.6676459,-33.27426244,1262379.74714653,-3697352.45477961,26,6.57218779331444,61.1010398915662,6.57218779331444
12260,143.0332089,-33.74959631,1015158.1255046,-3726675.39059772,8.98146239,-0.191153924287292,58.426669444866,0.191153924287292
12261,150.5985419,-30.604994,1758339.87010153,-3459344.06514358,53,9.22391837177535,83.8236117800669,9.22391837177535
12265,150.5966586,-30.61495328,1758001.20717806,-3460422.3110181,54,7.58232188310767,79.2252552687736,7.58232188310767
12269,150.575023,-30.66342575,1755183.45620712,-3465498.80165629,56,15.82142723581,60.7981022703382,15.82142723581
12271,150.5946831,-30.62651633,1757627.86077016,-3461677.0907782,39,-3.95989747639633,75.8169669614152,3.95989747639633
12278,150.597415,-30.64399831,1757600.11606712,-3463652.82473847,45,6.89450726745331,78.6626415733079,6.89450726745331
12280,149.2143728,-31.83035735,1609869.22612193,-3576975.07360984,45,16.2694966444427,89.0411901844723,16.2694966444427
12285,149.158865,-31.82111995,1604847.92213505,-3575252.32087326,31,3.70195948191033,88.7688672676736,3.70195948191033
12287,140.2541,-33.75753,759813.00590509,-3708251.48123958,8.049844719,0.560824989882181,13.4838320487397,0.560824989882181
12288,140.25409,-33.75934,759799.050309398,-3708452.9159084,7.155417528,-0.0690512755210868,13.4838320487397,0.0690512755210868
12289,140.25407,-33.76159,759781.006545286,-3708703.27210783,6.708203932,-1.38514933450085,13.4838320487397,1.38514933450085
12291,145.8700086,-33.14576615,1282552.32798639,-3685102.09615142,0.816496581,-3.659735476644,75.5708154302545,3.659735476644
12302,140.94728,-33.8414,822867.195349178,-3721879.40210741,11.62755348,-1.2110126867303,18.4768287386384,1.2110126867303
12303,140.94728,-33.83959,822881.322486433,-3721678.01447164,11.62755348,-1.30386600640766,18.4768287386384,1.30386600640766
12304,151.236006,-30.80501801,1814796.67762249,-3490424.74163055,35,-1.42576523671848,58.343236717702,1.42576523671848
12308,151.2526041,-30.80609996,1816332.53975182,-3490780.46238936,46,4.66386299294933,50.6615470273984,4.66386299294933
12310,149.2408096,-31.54800159,1616578.44945489,-3545993.05778445,28,-3.30487883296033,56.543894682161,3.30487883296033
12311,149.2497029,-31.54511253,1617450.78962618,-3545785.14789078,31,1.99263148727466,56.543894682161,1.99263148727466
12324,149.2472952,-31.54528115,1617223.85984274,-3545773.37174302,40,11.9418850554483,56.543894682161,11.9418850554483
12327,149.231836,-31.54798723,1615742.36925771,-3545877.94532213,15,-12.1772472315603,56.543894682161,12.1772472315603
12339,149.6076231,-31.01125335,1659014.35182895,-3491149.33635961,26,-3.119174554263,113.759430431815,3.119174554263
12345,149.0943549,-31.88187015,1597943.58326424,-3581180.79619908,34,2.46373995960264,75.8220571889745,2.46373995960264
12348,149.0804221,-31.91941182,1596088.99831151,-3585169.84427852,24,-5.461438170764,41.4022522055893,5.461438170764
12359,148.2607189,-32.13427941,1516864.62879287,-3599017.54274836,11,-11.6617280332694,155.967399070811,11.6617280332694
12361,150.6358221,-31.37887607,1749239.54108534,-3545621.05261653,14,-21.238153053203,151.081691133835,21.238153053203
12365,145.6217781,-33.38677741,1256822.51957882,-3709390.47137674,19,-0.775713533576376,42.0387032142025,0.775713533576376
12367,145.5831466,-33.34196102,1253802.56873062,-3704035.96080267,34,16.9792895670512,45.0473009700706,16.9792895670512
12368,148.3513218,-32.5960809,1518679.05907026,-3651313.72774475,34,6.910353225488,67.2112359836579,6.910353225488
12370,149.6850202,-31.1158583,1664643.59040906,-3503760.76147686,28,-2.8746236550413,91.6936715203512,2.8746236550413
12371,149.6829065,-31.11375597,1664478.39196525,-3503500.015379,27,-2.38065803255931,91.6936715203512,2.38065803255931
12376,141.5901809,-33.8659985,881680.649463248,-3728904.64873105,18.77942136,5.34673314670432,28.4022240416705,5.34673314670432
12379,150.684269,-30.67110631,1765307.38600517,-3467855.4683197,33,0.793008748620842,71.9214934150678,0.793008748620842
12380,150.6829093,-30.66599471,1765263.29630681,-3467270.05388259,43,9.84822935605752,71.9214934150678,9.84822935605752
12381,150.6860388,-30.6817816,1765299.07732144,-3469063.2803663,30,-2.56680469788,74.6104473988047,2.56680469788
12386,150.1279138,-31.10051559,1706298.28054247,-3507902.29762169,32,-3.41131679195264,150.308127017427,3.41131679195264
12397,150.1275203,-31.12087784,1705938.98320339,-3510154.67892678,62,28.5306987176113,150.308127017427,28.5306987176113
12400,150.1362436,-31.04014662,1708033.70609471,-3501320.03356447,56,22.4186770783017,144.778473474956,22.4186770783017
12403,150.1442649,-31.09412489,1707928.29181136,-3507412.22297342,36,5.61162961072664,150.569802443861,5.61162961072664
12404,150.1537425,-31.03725827,1709716.43086241,-3501233.8413735,32,-1.04228351991233,150.569802443861,1.04228351991233
12406,150.1529674,-31.10203681,1708616.45372217,-3508405.80170083,31,-7.111370574798,150.569802443861,7.111370574798
12408,150.1808547,-31.02632878,1712426.23260987,-3500385.12638579,25,-3.70340881155822,150.569802443861,3.70340881155822
12409,150.1400064,-31.10159632,1707411.71608876,-3508183.68315742,34.99191207,-2.86067088468469,150.569802443861,2.86067088468469
12410,150.1860978,-31.02573085,1712926.23384243,-3500389.11836768,39,10.3845334201554,150.569802443861,10.3845334201554
12413,150.1790542,-31.03340468,1712145.39495816,-3501145.54461593,36,8.18508985726826,150.569802443861,8.18508985726826
12414,150.1509154,-31.09319906,1708564.77236984,-3507398.49840818,43,7.415708487804,150.569802443861,7.415708487804
12415,150.1822452,-31.0278291,1712532.48005354,-3500570.11527648,29,1.4539810619412,150.569802443861,1.4539810619412
12429,150.180517,-31.0303254,1712331.15044895,-3500823.73098979,26,1.15298032895878,150.569802443861,1.15298032895878
12430,150.1823997,-31.02258398,1712630.26563086,-3499990.62538826,23,-4.25078922825634,150.569802443861,4.25078922825634
12432,150.1770951,-31.02633673,1712074.38847871,-3500335.6197118,21,-5.00349282363833,150.569802443861,5.00349282363833
12443,150.5805285,-29.92261876,1767733.28967495,-3383420.34306949,52,17.2314511664547,94.7028947303754,17.2314511664547
12447,145.7542188,-33.22132511,1270980.19157649,-3692333.70941888,8.164965809,-0.957793494565674,54.3549950755466,0.957793494565674
12448,145.8160861,-33.16916645,1277303.56543852,-3687159.89649339,19.59591794,2.14736189617774,71.284226391916,2.14736189617774
12451,145.720201,-33.19933376,1268112.06117201,-3689554.07624038,3.265986324,-0.72299516409244,52.3734562222096,0.72299516409244
12455,145.7369485,-33.22836626,1269306.08107939,-3692943.72636957,2.449489743,-7.07671102473781,51.7744823909306,7.07671102473781
12457,145.692192,-33.20715971,1265439.72874104,-3690145.25933602,2.449489743,-4.54265948943836,49.7574072494796,4.54265948943836
12458,151.5572062,-29.2072964,1872176.07332581,-3318012.45383373,39,-19.793751335253,347.857116872054,19.793751335253
12461,151.5490775,-29.21519972,1871268.90511406,-3318769.39480993,35,-17.2532065945033,347.857116872054,17.2532065945033
12462,151.5435939,-29.18868553,1871201.24115473,-3315750.11143934,67,15.915849528527,343.582273753815,15.915849528527
12463,151.5672017,-29.19563631,1873324.94512769,-3316866.53808566,51,1.47796883202236,379.466371403404,1.47796883202236
12464,151.5649924,-29.20548988,1872946.50460049,-3317926.33915274,22,-24.3154504672153,379.466371403404,24.3154504672153
12465,151.5640353,-29.20700471,1872829.68365682,-3318080.21548616,24,-22.3834023810693,379.466371403404,22.3834023810693
12470,151.5677631,-29.21369065,1873069.34051013,-3318875.94933719,49,3.59120544693301,390.993451962341,3.59120544693301
12471,151.4947056,-29.20480291,1866282.09787754,-3316821.59348707,41,-10.7484787492894,424.365891532425,10.7484787492894
12478,151.518317,-29.20507552,1868520.22616255,-3317196.9392788,91,38.1972996306367,408.736313366401,38.1972996306367
12484,148.3250917,-32.47771944,1517942.39250367,-3637877.94191835,17,-8.34707364876198,72.9300256922927,8.34707364876198
12485,144.9906862,-33.684853,1195423.3204624,-3736419.65344796,3.976353644,-9.85609267464129,44.8076743815692,9.85609267464129
12489,149.5022746,-31.48163453,1641956.8869479,-3541966.3703386,24,-9.75113009419973,71.7096670768095,9.75113009419973
12491,149.4947783,-31.49497514,1641054.15000767,-3543349.57844452,36,2.11366173210567,73.2311035684958,2.11366173210567
12496,149.5117223,-31.48075498,1642851.11129118,-3541990.28269013,33,-0.262843193616391,61.4426870570706,0.262843193616391
12497,149.5224026,-31.50462431,1643481.42698337,-3544774.78684604,24,-8.11677704409167,64.2372896672643,8.11677704409167
12501,149.5001621,-31.49953263,1641486.32998437,-3543924.18272166,34,2.897703885721,64.2372896672643,2.897703885721
12506,151.4857411,-30.61771155,1841364.33018911,-3473252.4239885,22,-6.796159761705,26.2627893823123,6.796159761705
12512,151.4805106,-30.61396947,1840937.5852181,-3472762.6020861,31,0.627424351506331,26.2627893823123,0.627424351506331
12514,151.4008403,-30.62964913,1833200.92504465,-3473353.61201407,49,11.9766411470357,29.2982104307772,11.9766411470357
12515,151.4822859,-30.61384584,1841106.15565076,-3472774.49269637,26,-5.15323318748246,26.2627893823123,5.15323318748246
12520,151.4762203,-30.61483052,1840520.63973649,-3472796.1502597,27,-1.81371320900368,26.2627893823123,1.81371320900368
12522,151.4767021,-30.6173714,1840522.57989254,-3473084.50091332,28,-0.170978736537332,26.2627893823123,0.170978736537332
12525,151.4734743,-30.6209695,1840158.70609227,-3473436.50320867,21,-6.87997861398166,26.2627893823123,6.87997861398166
12527,151.470049,-30.61589486,1839923.86373372,-3472825.13667679,23,-4.866125326736,26.2627893823123,4.866125326736
12528,151.4936377,-30.61907539,1842081.51653676,-3473517.30750046,36.58245352,10.003634731891,26.2627893823123,10.003634731891
12529,151.4909282,-30.6188906,1841830.61462542,-3473457.77692579,29,2.19764258381965,26.2627893823123,2.19764258381965
12532,150.6477567,-31.4966144,1748434.55595709,-3558826.20543677,20,-11.7532630767604,138.575767461079,11.7532630767604
12535,150.615579,-31.44848641,1746221.28357116,-3553055.16076754,34,2.37006556088099,182.456925858598,2.37006556088099
12537,150.6464434,-31.45113426,1749052.81233616,-3553770.67065851,23,-1.94671715241434,170.348512768311,1.94671715241434
12540,150.6955388,-31.41524711,1754211.00481654,-3550468.72809651,29,3.04748243696935,148.026135079225,3.04748243696935
12545,149.9537194,-31.31690495,1686616.46959358,-3529580.88242074,16,-13.806934433476,92.4975619529832,13.806934433476
12547,149.9568226,-31.34928631,1686398.11637446,-3533211.91316017,27,-4.47443142571592,92.4975619529832,4.47443142571592
12548,149.9549177,-31.31391069,1686775.26444749,-3529264.72766051,39,10.2353128234957,92.4975619529832,10.2353128234957
12551,149.9569713,-31.37080684,1686074.41287456,-3535599.74332811,25,-3.95463982489697,92.4975619529832,3.95463982489697
12552,149.9093474,-31.36585513,1681709.5925875,-3534423.05462815,30,-2.99855726878099,162.795896072994,2.99855726878099
12556,149.9609818,-31.39812629,1686019.872848,-3538681.34412657,24,-10.275835381511,81.9039618369474,10.275835381511
12557,149.9368091,-31.3578077,1684397.41986387,-3533892.62719078,17,-15.7552441339536,92.4975619529832,15.7552441339536
12559,149.923309,-31.36569979,1683014.42687561,-3534589.68668067,34.19664134,1.28107599781136,92.2838112348412,1.28107599781136
12560,149.954773,-31.39959517,1685417.85056756,-3538762.25954164,49,16.5891355710224,81.9039618369474,16.5891355710224
12566,149.6030271,-31.73527033,1647449.61418239,-3571386.96176523,31,-6.561795823297,149.132393281222,6.561795823297
12571,149.595003,-31.72186194,1646909.42644019,-3569797.05612826,24,-6.97852043881434,140.289121218082,6.97852043881434
12576,149.6060482,-31.7301134,1647809.85089098,-3570854.2349695,33,2.11273709175234,149.132393281222,2.11273709175234
12579,152.0361,-29.54543,1911725.0342249,-3362570.55449313,31,6.24771515706432,61.1733866396736,6.24771515706432
12581,151.9628,-29.47995,1905931.01716393,-3354222.30821405,40,9.935620772415,59.6456533023571,9.935620772415
12582,151.9654,-29.4684,1906378.81842943,-3352981.65550398,35,3.914605658205,63.1947272819541,3.914605658205
12583,151.9872,-29.48086,1908225.6601901,-3354687.34311817,17,-8.45041550923668,60.392701243125,8.45041550923668
12584,151.9624,-29.47924,1905905.52921373,-3354137.691008,24,-8.14095859072633,59.6456533023571,8.14095859072633
12585,152.0267491,-29.54452242,1910856.03750463,-3362330.13566056,33,5.60338500743966,61.1733866396736,5.60338500743966
12586,152.0193,-29.53835,1910259.12586089,-3361535.06296083,42,15.9273214601523,61.1733866396736,15.9273214601523
12587,152.030946,-29.53733348,1911379.07824015,-3361596.65770178,41,15.687765576805,61.1733866396736,15.687765576805
12593,151.9761,-29.5094,1906676.17608486,-3357683.01709954,19,-4.98082145737568,60.392701243125,4.98082145737568
12594,151.963,-29.47597,1906019.41442617,-3353784.40966989,32,1.41029416417734,63.194727281954,1.41029416417734
12598,152.0298481,-29.52261546,1911532.87683634,-3359950.03031694,34.99191207,9.96145847680365,61.1733866396736,9.96145847680365
12600,151.9609,-29.4931,1905521.62888289,-3355650.64558672,32,-0.493997276053676,60.392701243125,0.493997276053676
12602,152.0036,-29.49683,1909499.33058561,-3356701.37090073,19,-5.50212892886633,60.392701243125,5.50212892886633
12603,151.9955,-29.4885,1908878.05478913,-3355657.62157427,32,10.0695325467657,60.392701243125,10.0695325467657
12609,152.0066,-29.49944,1909737.71195161,-3357035.31642048,26,1.21401129381997,60.392701243125,1.21401129381997
12610,152.0337611,-29.49087745,1912459.06914047,-3356493.18292217,24.50765187,-2.39048539131569,60.0876290358978,2.39048539131569
12613,152.0259851,-29.48423276,1911839.17312254,-3355640.80038898,18.97366596,-4.48972137462467,60.392701243125,4.48972137462467
12614,152.0257823,-29.48387029,1911826.3165192,-3355597.61637044,17.39252713,-6.174155182876,60.392701243125,6.174155182876
12615,152.0288799,-29.48353196,1912125.53615256,-3355606.49941318,22.13594362,-2.72038303372371,60.392701243125,2.72038303372371
12617,152.0106426,-29.49215139,1910247.93847081,-3356288.41584042,26.87936011,3.97042801765466,60.392701243125,3.97042801765466
12620,151.9597,-29.48965,1905468.20560217,-3355250.57695257,36,6.96911077871833,60.392701243125,6.96911077871833
12621,152.0122864,-29.51409328,1910019.71488336,-3358743.41677784,22.92651304,2.19284022844186,61.1733866396736,2.19284022844186
12622,151.9809,-29.46543,1907898.61830768,-3352884.04176568,19,-7.57672778333599,63.1947272819541,7.57672778333599
12625,151.9925,-29.46196,1909057.8503479,-3352672.94940208,11,-13.56773344465,63.1947272819541,13.56773344465
12626,152.0145736,-29.51230534,1910267.50404196,-3358579.57177787,31.6227766,11.4023288077115,61.1733866396736,11.4023288077115
12630,146.0004798,-33.03323384,1295943.48969819,-3673924.31884502,30.21037349,10.63267988886,69.9617925526218,10.63267988886
12631,146.0041309,-33.04183181,1296175.02894939,-3674916.0188824,26.12789059,5.21496859920902,69.9617925526218,5.21496859920902
12633,146.079329,-33.01940898,1303382.46304657,-3673191.45558363,12.24744871,-10.1579362004426,70.9462118658324,10.1579362004426
12643,146.0104087,-33.00715562,1297177.69288227,-3671129.45819907,26.12789059,6.5874898721009,71.6420773473694,6.5874898721009
12651,148.6248351,-32.0728519,1551532.68874084,-3596575.4190586,21,0.471050269557846,75.074414532692,0.471050269557846
12653,148.7064699,-32.06383212,1559239.55997052,-3596568.8266183,29,2.14607312327056,48.2695012188839,2.14607312327056
12656,146.1813623,-33.04267007,1312501.58866983,-3676818.55174189,19.59591794,-0.484457127971787,62.9850798238194,0.484457127971787
12657,146.1915152,-33.04499128,1313408.64167452,-3677180.58131409,23.67840085,4.03762656351083,62.9850798238194,4.03762656351083
12658,146.121976,-33.09142424,1306427.02903913,-3681622.21555313,27.76088375,12.3051323030217,63.0884775449743,12.3051323030217
12659,146.1503339,-32.98383292,1310368.13749172,-3669967.81724804,13.06394529,-5.77005473862328,57.9263334709916,5.77005473862328
12661,146.1964106,-33.09553438,1313233.7907794,-3682841.62088358,35.92584956,13.4951081294477,62.9850798238194,13.4951081294477
12664,146.1669224,-33.04077046,1311194.12619538,-3676459.39012073,13.88044188,-5.80643770482159,62.9850798238194,5.80643770482159
12666,146.2090482,-33.09988948,1314344.01581189,-3683455.00753336,26,3.49550258596729,61.7726885700657,3.49550258596729
12670,146.1594564,-33.0375634,1310545.57954384,-3676026.74379822,20.41241452,5.68741178678151,62.9850798238194,5.68741178678151
12671,146.2054655,-33.04192396,1314732.42251348,-3676983.55832543,26.94438717,7.37752176167609,62.9850798238194,7.37752176167609
12681,145.7047893,-33.3226633,1265218.65642606,-3703092.97619537,31,6.6333093769572,56.7723166185548,6.6333093769572
12683,145.614815,-33.34248976,1256708.40373593,-3704405.81273463,29,5.38429989039625,50.7008868436904,5.38429989039625
12685,146.6007194,-32.94751389,1352359.11758403,-3670629.55971988,27,-1.05224672970253,94.5341229160865,1.05224672970253
12687,146.7983972,-32.80615,1372412.68528388,-3657046.92953212,22,0.537689175296066,277.646018552209,0.537689175296066
12689,147.6952062,-32.36383832,1461235.60319158,-3617900.02255683,22,-8.18445335252168,136.422444969203,8.18445335252168
12693,140.64624,-33.84523,795195.154495595,-3720399.19707287,13.86362146,3.1635032940802,19.5913518243799,3.1635032940802
12695,147.6773259,-32.36635325,1459544.87901095,-3617974.74061832,23,-1.72097665204817,136.422444969203,1.72097665204817
12700,143.0420627,-33.85289336,1014976.07775933,-3738225.13507435,14.31487312,-2.04865811941289,58.6905123249294,2.04865811941289
12710,147.4742785,-32.35886365,1440835.69083825,-3614838.59835582,26,-8.77467204171352,185.862788447183,8.77467204171352
12713,141.9735056,-33.89071332,916636.692804551,-3734350.87306526,17.1464282,1.8940669686541,25.809883097831,1.8940669686541
12714,141.9757265,-33.88821564,916862.123329861,-3734089.10127646,17.96292478,0.756511948616428,25.809883097831,0.756511948616428
12715,147.0257601,-32.79278132,1393577.18954959,-3658024.44654527,3,-39.160713345139,302.786018103087,39.160713345139
12717,147.0591372,-32.82866014,1396186.94236628,-3662370.41573977,55,18.6909609397543,319.748709567639,18.6909609397543
12720,147.0067094,-32.82462367,1391401.44780026,-3661350.50945659,49,20.758955463772,302.786018103087,20.758955463772
12724,150.6562859,-30.72030045,1761880.29663393,-3472922.35362437,42,3.29232466209601,50.846837735308,3.29232466209601
12731,149.75096,-31.84809956,1659456.88288345,-3585807.70487542,16,-12.6560443853353,146.85168709132,12.6560443853353
12735,149.7850931,-31.87796083,1662163.53741245,-3589560.66383239,24,-7.23909745702368,155.501461178814,7.23909745702368
12740,147.4745079,-32.55083936,1438263.40628055,-3636148.33666249,23,3.31585246365664,196.481560056479,3.31585246365664
12741,147.4059926,-32.53964072,1432076.88731684,-3634135.86216828,55,17.5768219734925,226.957845218818,17.5768219734925
12744,147.4273344,-32.55083715,1433900.30532764,-3635617.82175062,47,15.8423832433541,202.341784264454,15.8423832433541
12755,147.999092,-32.43925323,1488327.68175377,-3629775.88614507,26.24393405,1.46324306965201,154.490609902826,1.46324306965201
12756,147.9630599,-32.4589372,1484718.97001181,-3631540.27710369,1,-19.4826378427047,148.731536797419,19.4826378427047
12766,150.3267159,-30.11217644,1740714.89618255,-3400964.23164342,40,3.40047592947651,97.9211105701818,3.40047592947651
12767,150.3196477,-30.0827189,1740520.04342413,-3397599.68998119,44,7.87690509898168,97.687262975877,7.87690509898168
12770,147.8619118,-32.45155146,1475462.0290454,-3629549.0572548,6,-10.936514191328,161.60821717339,10.936514191328
12773,147.8780586,-32.4611011,1476823.89355012,-3630795.12078223,50,22.0307024835397,161.60821717339,22.0307024835397
12774,147.837275,-32.40928394,1473766.45748308,-3624574.99011012,23,-9.76448862510967,171.035661611649,9.76448862510967
12778,147.85987,-32.47851928,1474899.7300234,-3632517.44660941,28,-5.07057192401066,137.637261279267,5.07057192401066
12784,149.2635319,-31.53730124,1618857.39568355,-3545093.83249154,31,0.761360140273002,55.5107320791488,0.761360140273002
12788,149.2855925,-31.58000225,1620268.67595976,-3550109.94928347,25,-3.99698156101099,57.6853441146896,3.99698156101099
12791,145.5831832,-33.44899536,1252537.94224617,-3715917.36759161,25,3.93970031692314,45.3020255659641,3.93970031692314
12792,145.5657793,-33.46253052,1250779.00399004,-3717249.13310605,22,-0.179389346033613,42.2228881694562,0.179389346033613
12793,145.5827431,-33.47008486,1252247.7115187,-3718253.75772525,29,8.49925028962464,44.5454084517612,8.49925028962464
12796,147.0248494,-32.66731763,1395138.37200171,-3644089.51256167,62,24.8997467334982,349.404031785944,24.8997467334982
12797,147.0406249,-32.59973221,1397483.77899073,-3636759.64871129,11,-12.3900761346538,379.365503808643,12.3900761346538
12800,147.0786376,-32.58685036,1401168.85759624,-3635746.01008335,37,1.27060355052997,334.332482201342,1.27060355052997
12805,147.0789439,-32.60857824,1400911.18064212,-3638161.29251111,30,-4.87385630064322,371.664015884648,4.87385630064322
12808,147.0545219,-32.67099201,1397832.5885862,-3644821.70678934,29,-3.15823834231778,351.42540140994,3.15823834231778
12809,147.0407781,-32.60869897,1397380.21533557,-3637756.71302246,34,7.1082518756547,382.06222162876,7.1082518756547
12816,148.8883056,-31.95243106,1577754.89937253,-3586445.38717117,26,-1.42794735981664,59.9095261955546,1.42794735981664
12817,149.0150722,-31.98006565,1589117.38494294,-3591081.29579731,32,6.32142641376701,58.7665286079523,6.32142641376701
12823,148.9090877,-31.94193703,1579840.03296506,-3585538.30797479,18,-13.114329801746,65.052857154959,13.114329801746
12824,148.931577,-31.97474714,1581443.83219293,-3589455.41900973,23,-6.42997092461099,59.5682376668051,6.42997092461099
12827,149.0058007,-31.94981718,1588705.76841494,-3587611.56903936,33,2.35281068381484,38.3674340573286,2.35281068381484
12828,148.9621561,-31.95090517,1584636.331231,-3587190.18087343,25,-5.59328016145733,60.4887424998978,5.59328016145733
12829,148.9504938,-31.89709365,1584349.74695484,-3581077.42724422,25,-5.53802120347801,42.3967120957148,5.53802120347801
12833,145.4783863,-32.84736732,1249985.94782379,-3648076.73088359,16,-9.27544985541175,42.9710201510302,9.27544985541175
12837,145.543192,-32.87407842,1255657.75291848,-3651680.17372368,19,-1.1372989253444,48.6889585040943,1.1372989253444
12840,149.0211347,-31.75199268,1593070.45012082,-3565861.48624335,66,29.8999453783977,80.0213841729675,29.8999453783977
12844,146.4033306,-32.92342778,1334457.22119507,-3665880.28027752,19,-5.822588781687,71.8955542430678,5.822588781687
12845,146.4040972,-32.93666389,1334361.5687764,-3667357.68681523,21,-4.53944192195243,71.8955542430678,4.53944192195243
12848,152.0497752,-29.06546869,1921432.07909347,-3309609.26051011,22,-10.7611171020233,52.3420994832533,10.7611171020233
12850,149.2688872,-31.34244263,1622296.45399788,-3523544.58862687,23,-9.66126995307766,70.1233886297503,9.66126995307766
12852,149.1849124,-31.31618282,1614849.66889368,-3519566.99557707,31,0.878979950222678,136.099493659884,0.878979950222678
12854,143.6001145,-33.86452179,1066016.43557395,-3744062.01945646,14,-0.916050116574594,16.2166793690973,0.916050116574594
12864,143.5995385,-33.86655344,1065943.10319356,-3744282.8733907,20,5.27525800833536,16.2166793690973,5.27525800833536
12874,145.8690528,-33.18335,1282009.52995976,-3689265.11553375,19,6.55290684615717,73.0953562211048,6.55290684615717
12877,145.8667366,-33.1917354,1281694.82753399,-3690172.79844726,26.12789059,10.5099308165517,69.0981217813875,10.5099308165517
12882,145.8439484,-33.17078124,1279849.86441882,-3687618.02235997,14.69693846,-4.42198905482617,72.5526440626551,4.42198905482617
12884,145.8476945,-33.212305,1279693.18651108,-3692265.44969327,1.632993162,-10.333187325365,70.714175261718,10.333187325365
12890,147.2883109,-32.87752209,1416681.90794954,-3670314.6132317,60,31.9369874415017,334.256044476712,31.9369874415017
12895,140.72862,-33.77121,803323.579772077,-3712677.13791924,5.813776741,-2.192954084045,17.3083786613976,2.192954084045
12897,149.2795,-31.43906944,1621828.53688334,-3534399.41187043,13,-16.6185241571493,70.3962204512201,16.6185241571493
12905,150.1626483,-30.27797892,1722603.71130899,-3417136.08180493,29,-4.46919845253866,133.864899743877,4.46919845253866
12907,150.1340042,-30.2782022,1719901.75704799,-3416774.93394385,32,-6.64560297785803,140.901348229657,6.64560297785803
12910,150.1568608,-30.27616676,1722087.27730216,-3416856.9923739,31,-1.63451044681698,132.534407823833,1.63451044681698
12912,150.1344234,-30.2837939,1719852.58401551,-3417401.01025857,34,-5.549604521445,119.4159983154,5.549604521445
12918,150.1481561,-30.29401458,1720984.02801227,-3418719.97156647,42,7.48535627169067,134.269094735025,7.48535627169067
12919,150.2031434,-30.29295655,1726180.01501473,-3419344.42943738,28,-12.2501762763063,130.217744315622,12.2501762763063
12920,150.1797846,-30.28736829,1724068.74159476,-3418409.00145054,24,-7.88349791631934,135.815567866324,7.88349791631934
12933,150.1782025,-30.27910904,1724050.99389385,-3417471.28483832,11,-19.3377253883517,133.864899743877,19.3377253883517
12937,150.0966176,-30.27080322,1716496.71305612,-3415451.13503014,48,13.5884797340403,121.612862992245,13.5884797340403
12938,150.1167559,-30.28847402,1718114.12846901,-3417682.58056153,37,0.755028233069986,121.110905030768,0.755028233069986
12939,150.1054255,-30.28044979,1717173.84137177,-3416639.88868557,30,-2.843081727914,148.864861128657,2.843081727914
12940,150.1555783,-30.31086077,1721415.70421453,-3420689.08661958,17,-18.095955977748,129.042414932362,18.095955977748
12946,150.0783891,-30.35881329,1713388.06555393,-3424971.94594853,31,2.0501674238903,122.423699855072,2.0501674238903
12948,150.1235916,-30.34330388,1717889.17755492,-3423858.13974676,40,7.75101560009532,106.100853744772,7.75101560009532
12949,150.0912859,-30.30182542,1715503.6408762,-3418821.76181223,34,1.11666583246098,115.944897675299,1.11666583246098
12950,150.0932049,-30.32481995,1715320.61332195,-3421398.96684986,30,0.931463287705657,113.005589828577,0.931463287705657
12955,150.1576082,-30.28159422,1722071.51707181,-3417469.26191499,59,26.6324149748447,132.453877143555,26.6324149748447
12957,150.1701173,-30.28673558,1723168.19285271,-3418208.37548543,32,0.354810450137357,133.864899743877,0.354810450137357
12958,150.1739496,-30.29152624,1723453.04885062,-3418791.59665028,61,28.3217001382003,134.271191921847,28.3217001382003
12960,150.0918835,-30.35999829,1714639.70131243,-3425284.473386,28,0.199487004857964,115.479360488207,0.199487004857964
12967,150.152811,-30.28002885,1721644.46212275,-3417230.92332372,36,8.135160678582,132.453877143555,8.135160678582
12974,150.1873191,-30.28699844,1724784.32024087,-3418469.66626953,29,3.56359162649201,135.815754239744,3.56359162649201
12978,150.1434936,-30.3024805,1720410.55751644,-3419596.49436017,47,17.5007965260806,127.116545973471,17.5007965260806
12980,150.0679998,-30.28105911,1713638.36898574,-3416204.97654187,31,-2.43982419214135,137.053352543444,2.43982419214135
12987,150.0943138,-30.26965181,1716297.87394063,-3415292.42101156,31,1.01431313938299,120.999825760295,1.01431313938299
12989,150.1292133,-30.34983069,1718315.00623456,-3424657.90065673,32,0.883168502193673,139.492027771346,0.883168502193673
12991,150.0962945,-30.26942524,1716488.0760396,-3415293.89100015,30,0.918505757843654,121.612862992245,0.918505757843654
12993,150.0797412,-30.28808558,1714633.44618383,-3417142.19404125,27,-4.50751273119466,167.739502879102,4.50751273119466
12999,150.1869406,-30.28860466,1724723.12620958,-3418642.76470025,34,4.51345274295167,129.111635007624,4.51345274295167
13006,147.3375783,-32.5168124,1426053.68492884,-3630836.93125494,52,7.60205755946264,298.038445322141,7.60205755946264
13007,147.3073303,-32.52632591,1423127.64794725,-3631555.57811003,64,20.5193591822873,298.038445322141,20.5193591822873
13010,147.3938828,-32.51013555,1431353.16432984,-3630725.52249921,65,27.6037572514687,186.611103316678,27.6037572514687
13011,147.3720303,-32.59377596,1428208.75123848,-3639763.54867461,25,3.19078563511483,348.585078667798,3.19078563511483
13012,147.3294234,-32.5782668,1424476.73350957,-3637566.6580224,47,23.8138573473897,345.142452354772,23.8138573473897
13015,147.2636081,-32.5807946,1418356.39974872,-3637114.94553046,52,20.0786718265227,385.240239919534,20.0786718265227
13017,147.369211,-32.59491704,1427932.76821914,-3639858.66683038,30,7.23609666797167,380.525212126925,7.23609666797167
13018,147.3199141,-32.56461946,1423779.8354058,-3635946.00661335,22,-1.09765259607717,349.4474856913,1.09765259607717
13021,141.1362929,-33.90572309,839708.477661426,-3730265.27169285,11.43095213,-2.07982244357062,18.9758700148039,2.07982244357062
13034,143.2921257,-33.87579547,1037676.93276526,-3742778.58480676,24,3.14951424438247,16.0099795932207,3.14951424438247
13040,143.3045581,-33.83241125,1039244.0207345,-3738059.72435404,15,-5.01495719418799,20.7294400268205,5.01495719418799
13047,143.2919597,-33.8279306,1038132.96700376,-3737459.47912103,22,1.31539881842512,26.2302774061396,1.31539881842512
13051,143.3062458,-33.81600594,1039560.49777153,-3736250.75164298,31,3.03955003660174,34.0779950080247,3.03955003660174
13054,143.2794037,-33.82459294,1037014.45215908,-3736986.6724857,28,8.00873575157844,26.4383115377876,8.00873575157844
13056,143.294354,-33.82050162,1038425.67549397,-3736653.53771491,22,1.82708023208833,34.2185920287763,1.82708023208833
13058,143.2989089,-33.82802659,1038769.23401162,-3737526.62997181,17,-0.891628794400877,26.2302774061396,0.891628794400877
13064,146.9136403,-32.77290852,1383484.65589078,-3654600.28353278,12,-14.450425324861,280.827457793379,14.450425324861
13072,139.89349,-33.96496,725232.546945191,-3729244.64269302,11.18033989,0.0539331327546027,23.4848697697319,0.0539331327546027
13075,143.5042577,-33.84322008,1057445.05529529,-3740899.22377463,18,2.13344128114726,14.7867303228438,2.13344128114726
13077,143.5216054,-33.8463644,1059003.70870005,-3741392.20083861,14,-2.54471485333858,14.7471644781948,2.54471485333858
13082,143.5847858,-33.86474525,1064609.38188527,-3743959.01890999,20,5.13912465014672,16.2166793690973,5.13912465014672
13086,143.4957818,-33.84194049,1056680.8996852,-3740686.94980154,15,-0.813117591247201,14.7867303228438,0.813117591247201
13089,143.5878044,-33.86557441,1064877.64524215,-3744076.2742143,19,4.01252792096365,16.2166793690974,4.01252792096365
13090,143.5559764,-33.86194754,1061997.29837742,-3743408.48412861,21,4.85668426972407,16.9235516660408,4.85668426972407
13092,143.5504327,-33.85650877,1061543.98855199,-3742758.28645364,10,-5.16441634631605,16.9371821566141,5.16441634631605
13093,143.5538003,-33.85637589,1061853.98264417,-3742771.51243319,14,-1.32556321046055,15.6561142483674,1.32556321046055
13095,143.4978053,-33.84204375,1056865.36026205,-3740715.15853999,15,0.889248624684463,14.7867303228438,0.889248624684463
13096,143.4770745,-33.83991976,1054986.19595983,-3740307.86767908,12,-0.445854995757399,14.3587655902955,0.445854995757399
13097,143.5745419,-33.86371564,1063680.96405383,-3743759.32898467,19,5.01743025585239,16.9235516660408,5.01743025585239
13102,143.3813299,-33.87245316,1045885.80306803,-3743134.697901,24,4.74348453466317,15.975455338744,4.74348453466317
13106,143.3328977,-33.8507131,1041661.64718127,-3740323.85264448,18,1.16510565164831,17.0119614209365,1.16510565164831
13108,143.3397377,-33.79797332,1042810.15759772,-3734520.15504103,22,5.52805720649694,31.9106461065186,5.52805720649694
13110,143.3844633,-33.82809617,1046613.2658766,-3738232.62102407,19,1.3682233810149,19.2805967614971,1.3682233810149
13115,143.3350877,-33.82397438,1042126.67623819,-3737371.05803464,26,6.16616996858013,25.712947636734,6.16616996858013
13119,143.3672549,-33.81246917,1045190.30520197,-3736355.58229924,20,3.53392252097089,30.7423654232042,3.53392252097089
13120,143.3573325,-33.79332841,1044469.92648935,-3734147.80321703,16,-0.593992865717802,25.903214805836,0.593992865717802
13125,143.4012959,-33.80727565,1048363.61803575,-3736057.49176378,20,1.97788636334597,29.3283060769986,1.97788636334597
13126,143.3596435,-33.84208018,1044199.01266113,-3739583.10478637,21,2.57492113890562,19.9374953495493,2.57492113890562
13129,143.3549386,-33.82301065,1043956.46824988,-3737426.05560411,19,0.450622466969634,23.8311375042833,0.450622466969634
13130,143.3490354,-33.80347681,1043608.46838259,-3735207.5512731,12,-10.1108123905545,31.8633954478321,10.1108123905545
13131,143.3492383,-33.80378851,1043623.99245304,-3735243.84036427,18,-4.16744266233985,31.8633954478321,4.16744266233985
13132,143.3401354,-33.80583702,1042768.87578411,-3735397.11138282,19,4.21933522694996,32.9711214415833,4.21933522694996
13133,143.3523101,-33.80355863,1043907.99291251,-3735243.39606519,18,-2.39752539264969,31.7763052837867,2.39752539264969
13138,143.3401792,-33.852225,1042314.21838901,-3740551.20732234,16,-2.93969021119845,17.8645472590265,2.93969021119845
13140,143.3451832,-33.83999397,1042893.93045051,-3739233.21690402,28,12.2499554257294,23.8425722261102,12.2499554257294
13146,143.3327722,-33.81270274,1042025.73357768,-3736099.85138308,26,0.363206242191005,31.9566150456526,0.363206242191005
13147,143.335254,-33.8511283,1041873.55413932,-3740389.19398377,18,1.45779619885974,17.3422807170446,1.45779619885974
13151,143.3449121,-33.79208654,1043342.98324927,-3733908.33317631,19,-5.860570845533,31.9106461065186,5.860570845533
13153,143.3749361,-33.82424082,1045777.95158494,-3737726.27966754,21,2.29560965417966,27.554235661212,2.29560965417966
13156,143.3457878,-33.87158439,1042636.86483337,-3742747.66966209,22,3.24312384050246,12.9044227303255,3.24312384050246
13159,143.3281015,-33.85515869,1041178.05311124,-3740778.64374047,23,8.65453489806676,17.007189871259,8.65453489806676
13160,143.3296678,-33.86309046,1041243.28545407,-3741672.58841851,18,1.85969304284641,16.5886185652843,1.85969304284641
13161,143.3534168,-33.80808172,1043964.71461176,-3735754.97669575,20,2.46913098078033,31.9024607342475,2.46913098078033
13162,143.3672526,-33.81905107,1045124.85717642,-3737086.82293695,22,4.95417350393527,29.3378595340651,4.95417350393527
13165,143.3181618,-33.81245539,1040688.29631423,-3735953.2778066,18,-6.11844959512806,32.9421227121235,6.11844959512806
13167,143.3366699,-33.79953722,1042513.32188896,-3734668.87874546,16,-2.9992344502684,26.183332687786,2.9992344502684
13172,143.3174511,-33.81293761,1040618.3608208,-3736001.06626964,27,-2.67254202313119,32.9421227121235,2.67254202313119
13176,143.3817033,-33.87460981,1045898.62532188,-3743377.33191484,24,3.13467777481844,15.975455338744,3.13467777481844
13181,143.3460846,-33.81921233,1043182.16362503,-3736931.73219608,27,9.42999227989923,29.3111224769598,9.42999227989923
13182,143.336475,-33.78879343,1042601.65111966,-3733473.559508,13,-11.5164837162011,26.3262195345246,11.5164837162011
13188,143.386598,-33.83570959,1046733.40962125,-3739095.93504458,13,-1.36722474867626,18.9278127557483,1.36722474867626
13198,143.3829222,-33.87257564,1046030.52437959,-3743161.34036512,24,4.85724519204964,15.975455338744,4.85724519204964
13203,143.3342421,-33.86437434,1041649.8919831,-3741852.50836769,16,0.995974219115864,16.288999760903,0.995974219115864
13209,150.0005529,-31.32020038,1690935.18882965,-3530565.32001324,29,3.62046636368253,92.4975619529832,3.62046636368253
13210,150.0209442,-31.30801544,1693029.81406801,-3529484.51133919,18,-7.22695754314966,91.8537809590575,7.22695754314966
13217,149.9735935,-31.3139571,1688517.44956801,-3529516.57935783,42.14934862,19.502056257471,92.4975619529832,19.502056257471
13227,149.9825547,-31.35097163,1688772.27895724,-3533738.66236585,19,-6.07724207722014,92.4975619529832,6.07724207722014
13231,143.1982028,-33.87598542,1029066.34957863,-3742039.97835048,30.21037349,13.6249938047079,15.9968217320628,13.6249938047079
13235,143.2087575,-33.79847927,1030791.28523696,-3733513.40383834,19.59591794,0.458091632974291,27.6532183642982,0.458091632974291
13240,143.1801584,-33.86015733,1027566.67591434,-3740136.17888666,18.77942136,0.986484020878798,15.7214199994398,0.986484020878798
13242,143.2145912,-33.78848339,1031424.14390938,-3732449.7602128,21.2289111,-0.0284024260357043,29.0929162348648,0.0284024260357043
13243,143.2146871,-33.7988401,1031331.65956586,-3733601.35353955,22,0.987969144977477,27.6532183642982,0.987969144977477
13244,143.1520979,-33.8337628,1025250.8587304,-3736978.03733033,20.41241452,0.284491120079739,28.5966031061406,0.284491120079739
13245,143.2129337,-33.79876507,1031171.56027531,-3733578.86287881,21.2289111,-0.314704784709324,27.6532183642982,0.314704784709324
13247,141.6018432,-33.98238592,881776.232505945,-3741927.88894806,8.164965809,-4.23063889192357,26.9688293099235,4.23063889192357
13250,149.3975936,-31.66795628,1629365.80896619,-3561288.91142027,37,2.24670374247835,58.8723711750357,2.24670374247835
13251,149.4251108,-31.66897818,1631911.38273206,-3561753.45207317,29,-6.81311802682033,53.0803847813887,6.81311802682033
13252,149.5243044,-31.68606393,1640881.47866419,-3564918.49696577,26,-6.533816276708,69.7367826413529,6.533816276708
13255,146.3405833,-33.02806111,1327358.87332796,-3676841.84906542,18,-0.431259921385873,52.0129183676313,0.431259921385873
13258,144.9185538,-33.77163715,1187830.9367999,-3745378.93492922,1,-2.15571571390004,22.4691759629492,2.15571571390004
13261,144.9185538,-33.77133715,1187834.31506703,-3745345.64009637,7,3.84428428609996,22.4691759629492,3.84428428609996
13264,144.9180409,-33.77016294,1187800.53795729,-3745210.55407407,1,-3.97607114043738,22.4691759629492,3.97607114043738
13269,144.9180409,-33.77086294,1187792.65563071,-3745288.24219847,2,-4.0529285687787,22.4691759629492,4.0529285687787
13278,144.9185538,-33.77083715,1187839.9455167,-3745290.14866446,3,-3.0529285687787,22.4691759629492,3.0529285687787
13282,144.9203,-33.765,1188065.69885063,-3744658.558695,17,3.4110019222303,22.4691759629492,3.4110019222303
13283,149.7439927,-31.24053529,1668225.7808794,-3518358.71085311,31,-1.53788353515608,110.508686770921,1.53788353515608
13288,149.7745907,-31.21623307,1671461.34333784,-3516063.40787734,27,-5.35833326877533,147.024685951406,5.35833326877533
13291,143.7024352,-33.87101003,1075327.01631171,-3745640.16374827,11,-0.717829236788376,15.1867854008939,0.717829236788376
13294,143.660601,-33.86762057,1071528.06224112,-3744912.21485327,13,0.442105741213334,15.1867854008939,0.442105741213334
13297,143.7672414,-33.82161256,1081771.95775869,-3740700.90503249,9.543248745,-3.0412744524332,12.5969760427495,3.0412744524332
13299,143.0088018,-33.90934535,1011384.49087566,-3744233.9141951,10.33851947,-2.81017261675617,54.3633655725606,2.81017261675617
13300,142.8968988,-33.78848537,1002277.36837609,-3729921.35924307,6.36216583,-6.97944386058078,60.1832918503745,6.97944386058078
13303,149.5606562,-31.18096348,1652012.52992382,-3509368.64039354,30,-6.14988530566767,74.3320035541248,6.14988530566767
13306,149.5793493,-31.18793122,1653652.93523961,-3510383.43409825,40,6.810913677432,71.3428040040136,6.810913677432
13310,149.6114766,-31.29259205,1655045.36914162,-3522408.78912501,37,2.72324209971833,113.83286452317,2.72324209971833
13316,146.2239,-33.01588207,1316754.71711881,-3674282.38883768,14.69693846,-3.34490989286262,55.6998917796636,3.34490989286262
13323,145.4731088,-33.52029944,1241587.77749641,-3722756.86409158,1,-2.53070426602101,47.197528558931,2.53070426602101
13324,145.4731088,-33.52019944,1241588.95231866,-3722745.7654294,1,-2.53070426602101,47.197528558931,2.53070426602101
13326,145.4731088,-33.51999944,1241591.30196381,-3722723.56809877,1,-2.53070426602101,47.197528558931,2.53070426602101
13327,145.4731088,-33.51989944,1241592.47678672,-3722712.46943032,2,-1.53070426602101,47.197528558931,1.53070426602101
13331,145.4735204,-33.52016022,1241627.20259229,-3722745.41271278,1,-2.53070426602101,47.197528558931,2.53070426602101
13334,145.4735204,-33.51986022,1241630.72716789,-3722712.11672259,2,-1.53070426602101,47.197528558931,1.53070426602101
13338,145.4731088,-33.52069944,1241583.07820965,-3722801.2587194,6,-0.172217218948289,47.197528558931,0.172217218948289
13347,150.3757992,-30.67600352,1736287.18519141,-3464171.0732155,6,-15.5715007940513,144.781146293021,15.5715007940513
13356,150.3352071,-30.79058211,1730642.04685381,-3476325.47590289,44.53516081,16.0226873205827,142.591589281189,16.0226873205827
13363,150.321085,-30.77846722,1729512.20903055,-3474790.88170563,12,-15.7556705717673,152.67655013011,15.7556705717673
13370,150.3081763,-30.64885209,1730376.01702043,-3460242.63921,14,-16.5440276890257,143.399372239103,16.5440276890257
13386,149.3126816,-31.73669709,1620422.8464661,-3567831.77060401,19,-9.87533736880532,63.5813307169347,9.87533736880532
13388,149.3238115,-31.73064132,1621549.80908165,-3567301.44946179,24,-4.96007024185265,60.3705551236843,4.96007024185265
13389,149.4309784,-31.74716554,1631267.21018848,-3570498.03264524,22,-9.54284264396832,45.6017610704753,9.54284264396832
13395,144.890403,-33.72513677,1185773.85798132,-3739956.39101539,3.181082915,-7.2196305679085,15.9663503651917,7.2196305679085
13401,145.7935695,-33.55812202,1270550.8424957,-3730104.66444225,14,-1.82448219011063,33.7765761286334,1.82448219011063
13403,145.8933716,-33.5879151,1279346.80312124,-3734405.92224935,19,-0.490019549354997,44.4390704750069,0.490019549354997
13407,147.2045715,-32.52469842,1413641.03240628,-3630234.06659468,14,-35.7348591045707,316.070007346726,35.7348591045707
13419,149.5493392,-32.0321011,1637908.47282876,-3603597.44961362,26,-7.11344182083202,144.823148501173,7.11344182083202
13421,149.5420483,-32.04177941,1637084.07782225,-3604576.56373558,26,-7.67386003783734,145.632157243098,7.67386003783734
13429,149.5004684,-31.73004716,1637991.36471915,-3569489.16686313,38,1.19145583110068,142.993330162302,1.19145583110068
13432,149.4825182,-31.74263614,1636129.58224395,-3570654.91190239,50,17.3515942779964,125.11288553453,17.3515942779964
13434,149.653114,-31.11291218,1661704.9497702,-3503018.58301641,17,-20.8810143978406,105.211883535183,20.8810143978406
13435,149.6704873,-31.11756737,1663257.99464437,-3503761.06195099,31,-3.11189104092632,91.6936715203512,3.11189104092632
13437,149.6359833,-31.10559816,1660215.40368998,-3501984.50039233,35,-0.372747006567664,104.765938722782,0.372747006567664
13439,149.6554854,-31.11751685,1661855.70521571,-3503560.22971787,22,-9.52877458297266,91.6936715203512,9.52877458297266
13443,149.6403102,-31.09568832,1660772.90508345,-3500941.39416239,12,-21.3260870168087,104.765938722782,21.3260870168087
13444,149.6766375,-31.11335433,1663898.2711162,-3503373.80016177,22,-4.48187664933332,91.6936715203512,4.48187664933332
13448,149.644995,-31.10438531,1661077.04878048,-3501967.09373072,21,-15.6546522419793,104.765938722782,15.6546522419793
13449,152.0175256,-28.89104914,1921419.6863571,-3289800.54887702,48,14.9553403197248,153.62437641503,14.9553403197248
13451,152.011994,-28.8903769,1920904.83902846,-3289642.88549269,14.23024947,-10.3379083637232,153.62437641503,10.3379083637232
13453,152.0123085,-28.88965718,1920947.37408177,-3289567.87305759,6.32455532,-13.8856254662256,153.62437641503,13.8856254662256
13457,151.0232484,-30.38383104,1801875.40441699,-3440745.52693286,51,11.0548275514837,212.806231413001,11.0548275514837
13459,151.0293618,-30.38667497,1802402.87547857,-3441146.96620616,35,-8.26474859389699,212.806231413001,8.26474859389699
13460,151.0276963,-30.38203988,1802323.37636661,-3440609.74699688,67,25.9518366247533,215.615254540738,25.9518366247533
13462,151.0166917,-30.38079967,1801309.33477177,-3440317.08454272,25,-14.666265692386,212.806231413001,14.666265692386
13463,151.0266085,-30.37714286,1802302.53718642,-3440051.64480966,43,0.890021291829989,215.615254540738,0.890021291829989
13466,145.2517811,-33.65486525,1219710.7421389,-3735559.31602696,25,21.817654149026,32.1992236495174,21.817654149026
13470,145.2541068,-33.65736846,1219895.10956838,-3735859.3227145,1,-1.57003092919019,32.1992236495174,1.57003092919019
13478,145.2535915,-33.65497288,1219875.53186787,-3735588.54604262,4,1.2872278678042,32.1992236495174,1.2872278678042
13479,145.2536915,-33.65497288,1219884.70293751,-3735589.50089587,5,2.2872278678042,32.1992236495174,2.2872278678042
13480,145.2546068,-33.65736846,1219940.96384938,-3735864.09712914,4,1.02352499224417,32.1992236495174,1.02352499224417
13483,145.2538915,-33.65497288,1219903.04507455,-3735591.4106239,1,-1.99579397071265,32.1992236495174,1.99579397071265
13491,140.95131,-33.92168,822610.402192028,-3730836.87312639,12.96919427,1.66819812757923,18.2597406802712,1.66819812757923
13492,140.98401,-33.94558,825423.261350718,-3733706.46367367,13.41640786,2.60193070064474,17.4976642073763,2.60193070064474
13497,140.96668,-33.92648,823983.022354186,-3731469.89530101,8.98146239,-4.38446557890262,18.2597406802712,4.38446557890262
13498,140.88895,-33.97699,816460.112676155,-3736589.58664978,15.65247584,3.56333700016139,16.7825753782188,3.56333700016139
13503,140.88825,-33.97076,816444.212777394,-3735892.10403427,7.348469228,-5.16114776958714,16.4557259955633,5.16114776958714
13504,140.93426,-33.89776,821232.492826265,-3728066.11340768,15.65247584,5.06183048430397,21.8768237329936,5.06183048430397
13507,140.91908,-33.93834,819523.741897319,-3732483.06985192,8.94427191,-5.25223404317835,18.6436896129269,5.25223404317835
13509,140.89658,-33.96829,817227.305780138,-3735670.60549983,14.69693846,1.27773644393246,16.4557259955633,1.27773644393246
13512,140.89683,-33.94021,817468.115165986,-3732548.54672263,11.43095213,-1.413125275106,16.1041900438274,1.413125275106
13526,150.9600019,-31.08502927,1784312.33694326,-3517553.45595152,43,11.938434863911,94.2954468293294,11.938434863911
13530,150.9525559,-31.08523592,1783613.32726721,-3517472.37203095,41,7.57918627714699,99.5246280045718,7.57918627714699
13532,150.9611347,-31.08548018,1784410.6920501,-3517619.22546172,40,8.10392966763865,94.2954468293294,8.10392966763865
13533,150.9763273,-31.08571966,1785825.95468837,-3517858.03727063,28,-3.49170852938266,84.1760262142946,3.49170852938266
13541,150.9575454,-31.07786426,1784201.50245365,-3516725.46844918,23,-9.2918013615306,94.5705744548304,9.2918013615306
13546,147.1807955,-32.8801534,1406731.30878766,-3669418.48050127,14,-19.2982760340485,347.009931014857,19.2982760340485
13551,147.6509828,-32.56106818,1454444.29160168,-3639281.26680233,2,-32.4170064054073,158.855778194861,32.4170064054073
13552,141.3768526,-34.05128088,860588.696153053,-3748054.07645358,12.24744871,-2.25957226074154,33.1905380368592,2.25957226074154
13553,141.3485092,-34.08599651,857709.092693508,-3751723.36471697,12.24744871,-2.73953501710269,32.0958063621907,2.73953501710269
13560,149.6132224,-31.93388695,1645343.19088785,-3593533.72400388,48,16.9923610526357,127.145818788913,16.9923610526357
13565,149.420145,-32.07315074,1625301.42144826,-3606496.85794008,16,-15.1802579638367,63.0421785482019,15.1802579638367
13567,147.1169903,-32.92490478,1400256.20741151,-3673682.44381883,38,5.59247903170148,370.211578368187,5.59247903170148
13569,142.8132313,-33.8387678,994126.087272139,-3734856.06911622,58,23.6642513087574,50.78194151891,23.6642513087574
13571,148.1230972,-32.58782222,1497711.65980382,-3647703.71928386,15,-10.6722769023952,81.5004424329639,10.6722769023952
13573,146.27805,-32.97666111,1322235.36963122,-3670487.47007229,21,-1.93382973741754,55.5701410521064,1.93382973741754
13576,148.8605464,-32.07501251,1573371.95865335,-3599697.80095264,26,-3.71318902540833,46.0600731527357,3.71318902540833
13583,140.20847,-33.90516,754561.165602896,-3724413.42256339,13.41640786,4.65001754724305,22.3229553379008,4.65001754724305
13596,148.3423121,-32.63496295,1517292.37500014,-3655517.40101371,31,-1.29513506463935,66.6906399505005,1.29513506463935
13597,148.3492629,-32.61084152,1518278.30074446,-3652925.74287018,30,-1.992655639314,66.6906399505005,1.992655639314
13600,148.3239873,-32.65085209,1515373.98012497,-3657061.42985416,29,-1.33770795213602,66.6906399505005,1.33770795213602
13601,148.3275271,-32.61115431,1516266.3531126,-3652702.27943133,19,-10.09640320176,84.5180823124739,10.09640320176
13603,148.2997007,-32.6627145,1512962.97723515,-3658088.69167219,21,-4.69905144008654,62.7853111772565,4.69905144008654
13606,139.46751,-33.97031,686105.660569276,-3727487.20045559,6.708203932,-7.84379772715497,22.3377279948923,7.84379772715497
13607,140.69515,-33.92085,799112.918835978,-3729118.69321356,4.472135955,-7.51775427955781,20.9128113286518,7.51775427955781
13615,147.1293363,-32.7870582,1403214.22214895,-3658523.06908646,54,25.5580613464247,356.913324604683,25.5580613464247
13616,147.1324405,-32.75590072,1403912.24815325,-3655099.62717585,46,13.7449031518937,371.669539378208,13.7449031518937
13626,139.5675,-33.96694,695304.189218255,-3727652.65829002,19.59591794,4.17197809475703,22.8378829542679,4.17197809475703
13630,149.1411254,-31.91553487,1601785.46096612,-3585499.66353801,30,1.38115385814834,53.4859021228168,1.38115385814834
13633,149.152976,-31.92357799,1602765.73318331,-3586540.16068933,25,-2.63712330578866,58.8140523167162,2.63712330578866
13635,143.4461011,-33.83662556,1052179.59210972,-3739686.48447613,18,-0.161827134301813,13.351134790494,0.161827134301813
13636,143.4379888,-33.79069809,1051893.90687459,-3734517.3136967,12.72433166,-5.30876446205606,17.6679059902065,5.30876446205606
13638,143.4390284,-33.83562973,1051541.10710893,-3739517.62438093,23,4.6402433355319,15.7366490332828,4.6402433355319
13639,146.7341035,-33.03559113,1363526.69313478,-3681821.85648806,40,17.2439578015604,165.615020112026,17.2439578015604
13642,146.6237722,-33.01457778,1353629.29439359,-3678316.73628806,30,0.955054851825796,94.5341229160865,0.955054851825796
13643,148.0410083,-32.58473815,1490169.62437837,-3646401.76758157,25,-5.139545973722,98.6376369614192,5.139545973722
13647,148.0422412,-32.59000483,1490209.82164475,-3647000.25155479,5,-23.1116579615177,98.6376369614191,23.1116579615177
13649,148.0416899,-32.58379439,1490245.82244236,-3646305.04954423,24,-5.51185597653233,98.6376369614192,5.51185597653233
13650,140.86605,-33.9428,814624.475934593,-3732640.06304267,24.14953416,12.0448007026219,17.9771105972607,12.0448007026219
13654,140.87518,-33.97091,815244.419679211,-3735825.32520556,10.61445555,-1.63140353757478,16.1816263734562,1.63140353757478
13656,140.7179972,-33.95559167,800945.225310605,-3733127.00125319,4.91934955,-3.67301813384806,21.3055089602466,3.67301813384806
13663,150.6197935,-31.10720533,1752163.96591658,-3515301.63300862,21,-20.0491076005041,96.2751960193624,20.0491076005041
13665,150.6101806,-31.08890181,1751563.34926412,-3513141.53148598,55,19.9243606616857,103.13179881559,19.9243606616857
13674,150.61829,-31.1125024,1751937.33299202,-3515867.99274513,44,5.73917223511533,96.2751960193624,5.73917223511533
13676,150.6154743,-31.12029714,1751547.50382963,-3516693.13169142,43,7.42559205513265,116.563849004457,7.42559205513265
13678,150.6406914,-31.1183861,1753934.47292289,-3516827.33501256,40,6.26970411348799,92.2860717874416,6.26970411348799
13679,150.6089998,-31.09420134,1751366.84894536,-3513712.612303,45,8.80853188200155,103.13179881559,8.80853188200155
13682,150.595782,-31.09009506,1750198.37723407,-3513076.43165416,27,-4.74157757978567,103.13179881559,4.74157757978567
13686,150.6016562,-31.12364824,1750202.09580438,-3516875.09838631,36,3.925527705729,116.563849004457,3.925527705729
13688,150.6203733,-31.10119107,1752315.96886966,-3514643.13007895,26,-9.13792783404633,96.2751960193624,9.13792783404633
13690,150.6104103,-31.10901927,1751257.75189192,-3515373.98373373,44,8.11110392800266,96.2751960193624,8.11110392800266
13696,150.6075391,-31.08975473,1751302.6312064,-3513199.83543666,42,10.809609531539,103.13179881559,10.809609531539
13698,150.596534,-31.08178981,1750403.57937831,-3512166.3660838,38,3.93188035741026,103.13179881559,3.93188035741026
13699,150.6102883,-31.11388746,1751167.20895079,-3515911.76969201,34,-3.21759160698499,96.2751960193624,3.21759160698499
13706,150.625046,-31.09917577,1752785.37507035,-3514483.90937373,25,-9.37205115750266,96.2751960193624,9.37205115750266
13717,150.6047058,-31.08313252,1751145.48524385,-3512427.14877018,21,-15.9490563150207,103.13179881559,15.9490563150207
13718,150.6051264,-31.08349209,1751178.94922959,-3512472.76038853,21,-15.2873638976,103.13179881559,15.2873638976
13720,150.6077487,-31.10229554,1751118.36245337,-3514592.41872012,39,2.18192316462402,96.2751960193624,2.18192316462402
13723,150.6137055,-31.11557431,1751459.04938169,-3516145.53741552,34,1.77403646544033,116.563849004457,1.77403646544033
13728,150.6065617,-31.11943395,1750728.87830652,-3516475.31571334,26,-6.87848908418766,116.563849004457,6.87848908418766
13730,150.6291651,-31.10390011,1753093.38509157,-3515063.94078676,35,-0.711362080540304,96.2751960193624,0.711362080540304
13747,146.2121389,-33.20626111,1313309.89815063,-3695293.0798743,10,-11.0081174219101,53.1186390562089,11.0081174219101
13748,141.723791,-34.05293883,892355.540225449,-3750618.58618811,10.61445555,-3.11504630471569,24.4324773458511,3.11504630471569
13753,147.5329715,-32.42810967,1445334.69079016,-3623187.60017561,34,10.81891780175,190.99537234841,10.81891780175
13755,147.524589,-32.44077862,1444386.83710067,-3624498.88016534,9,-14.5005067001105,190.99537234841,14.5005067001105
13756,147.4991604,-32.47869795,1441519.53395345,-3628420.11539235,37,10.4917636199441,176.230286429171,10.4917636199441
13759,147.5385521,-32.44897861,1445568.29813115,-3625566.88084473,32,9.99754069735121,166.087867314849,9.99754069735121
13763,147.7286955,-32.55522941,1461709.84791602,-3639520.39945356,4,-23.9856203908518,135.557953433219,23.9856203908518
13765,146.4450611,-33.09103333,1336194.58363554,-3684920.32737333,12,-6.01578046930043,67.4842882094101,6.01578046930043
13771,147.9111294,-32.58470954,1478167.29987475,-3644889.76087186,6,-16.1303191952537,109.746691039329,16.1303191952537
13774,149.7268531,-31.32543584,1665309.8100149,-3527550.67574472,33,1.97348052653134,116.605874487595,1.97348052653134
13778,149.7130665,-31.34330409,1663746.46007541,-3529352.58232612,29,4.54321780225467,126.078505069721,4.54321780225467
13780,149.719257,-31.37656668,1663809.28361326,-3533121.82663242,30,2.70309985379199,125.944272681133,2.70309985379199
13782,149.7006637,-31.35344969,1662432.06936031,-3530316.23927057,16,-11.816697255592,126.078505069721,11.816697255592
13785,149.6796767,-31.34562035,1660594.52363306,-3529175.03284477,33,4.38276448966366,126.078505069721,4.38276448966366
13789,149.6779898,-31.34986707,1660371.50345362,-3529624.06946632,28.62974624,-1.73699327480663,126.078505069721,1.73699327480663
13791,149.7077545,-31.35446348,1663078.07882268,-3530520.95234204,19,-9.26148633250662,126.078505069721,9.26148633250662
13795,149.7128941,-31.33180971,1663908.24414827,-3528075.64177308,24,-8.60884307548798,126.078505069721,8.60884307548798
13796,149.6980409,-31.35286462,1662196.36213003,-3530217.2298042,21,-7.95231766322697,126.078505069721,7.95231766322697
13806,141.1001828,-33.99988656,835647.937569176,-3740502.12464645,17.1464282,0.586743750791161,20.8953640399808,0.586743750791161
13808,141.0874096,-34.00433359,834441.745128279,-3740913.22713198,15.51343504,-1.61562217932347,20.8953640399808,1.61562217932347
13810,141.1612961,-34.05544109,840806.443947339,-3747081.3299804,6.531972647,-6.7044436268322,27.0050104454132,6.7044436268322
13811,141.1218561,-34.01877968,837484.482942015,-3742745.25558019,13.88044188,-2.32035965284823,25.1730857823855,2.32035965284823
13816,143.5695654,-33.89351011,1062924.36879036,-3747027.22818654,6.36216583,-5.12673749159678,18.4051325455777,5.12673749159678
13820,145.1181742,-33.75653349,1206294.21049043,-3745573.2266947,1,-2.06853762619576,46.4070339435883,2.06853762619576
13822,145.1184742,-33.75653349,1206321.70025083,-3745576.05938388,2,-1.06853762619576,46.4070339435883,1.06853762619576
13832,145.1194201,-33.75328653,1206445.50682803,-3745224.68079707,5,1.3971854480934,46.4070339435883,1.3971854480934
13834,145.1196906,-33.75510467,1206449.50192529,-3745428.99187498,6,1.70781385622078,46.4070339435883,1.70781385622078
13836,145.119856,-33.75458266,1206470.62790569,-3745372.62713835,13,6.67263516201825,46.4070339435883,6.67263516201825
13838,150.9543595,-30.62683519,1791372.89850072,-3466708.26614261,33,-3.75796321606765,49.1467577752488,3.75796321606765
13839,151.934494,-29.31116621,1906192.03595547,-3335101.97730205,19,-9.418658520446,69.990307442229,9.418658520446
13840,151.9315317,-29.31283016,1905882.07885401,-3335242.12631946,24,2.36380085743934,69.990307442229,2.36380085743934
13848,151.9147564,-29.34530544,1903725.58550339,-3338589.87860299,44,7.74817371520668,103.972163221984,7.74817371520668
13850,151.901455,-29.34757002,1902424.95799071,-3338642.62895209,71,35.807224429098,103.972163221984,35.807224429098
13852,151.9143671,-29.32345815,1904069.05220962,-3336163.64242247,31,2.41126162415199,102.575845518865,2.41126162415199
13853,151.9296507,-29.31349194,1905692.14533561,-3335287.383711,28,4.75220106546486,69.990307442229,4.75220106546486
13869,151.9150765,-29.34037157,1903841.84226307,-3338048.03360047,42,5.160576050922,103.972163221984,5.160576050922
13874,151.9140393,-29.33910871,1903765.4794096,-3337892.66697899,53,17.3899772713419,103.972163221984,17.3899772713419
13875,151.9082147,-29.33863701,1903221.37781861,-3337753.62433895,33,-3.94059153196101,104.173139324947,3.94059153196101
13885,151.9074602,-29.35047112,1902943.86271671,-3339053.47636156,19.76423538,-2.97784798915989,103.972163221984,2.97784798915989
13889,151.9237765,-29.31395011,1905127.02957716,-3335250.53295034,21,2.74894475689181,96.8714575658169,2.74894475689181
13894,151.9160825,-29.3533391,1903711.44013143,-3339499.6713854,20.55480479,-1.60538674097132,103.972163221984,1.60538674097132
13898,151.90208,-29.35268309,1902395.2514187,-3339218.41136641,25.29822128,0.725760475748675,103.972163221984,0.725760475748675
13900,151.9213891,-29.31575383,1904869.18238815,-3335414.7655959,37,11.4904891380397,97.1265486905087,11.4904891380397
13903,143.8525358,-33.95038291,1088260.24596018,-3755725.36633255,4.771624373,-5.80858503695358,14.495651376043,5.80858503695358
13906,143.2591786,-33.97172707,1033715.53725905,-3753168.00260688,16.7006853,0.771742604694037,24.6534407634065,0.771742604694037
13907,149.2493,-32.16851944,1608023.01166801,-3614905.01134344,10,-17.1035033767614,61.6323494536785,17.1035033767614
13908,149.342854,-32.16331735,1616769.60549117,-3615509.1944291,17,-11.0704352867638,63.6228249006165,11.0704352867638
13913,146.9824056,-32.97304722,1387218.04999831,-3677555.41655975,23,-11.910481152993,356.471966389989,11.910481152993
13917,141.23167,-34.0975,846915.500151001,-3752222.90119739,25.31139401,8.4915579854667,26.0230778559815,8.4915579854667
13918,141.23861,-34.06917,847779.258590184,-3749118.89608127,8.98146239,-5.12351117887692,25.6708465640137,5.12351117887692
13921,143.6914717,-33.91975451,1073825.60653229,-3750961.40668089,6.36216583,-5.61184068245326,15.0210508886444,5.61184068245326
13922,143.7155224,-33.8880314,1076352.3759758,-3747640.77347626,14,1.8377870935219,13.497763293213,1.8377870935219
13924,143.3432522,-33.90138616,1042109.74589021,-3746037.58820475,21,0.162960843550966,13.3874914651638,0.162960843550966
13926,143.3480024,-33.90308988,1042528.14569309,-3746265.5995669,17,-4.10396133078481,22.233071719363,4.10396133078481
13933,144.2170158,-33.91608078,1121990.28215555,-3755069.93293934,1,-3.10802788001479,7.68493534875862,3.10802788001479
13935,144.2172158,-33.91608078,1122008.59379635,-3755071.6894149,3,0.361895613717738,7.68493534875862,0.361895613717738
13936,144.2173158,-33.91608078,1122017.74961572,-3755072.56766343,1,-1.63810438628226,7.68493534875862,1.63810438628226
13938,144.2176158,-33.91608078,1122045.21706971,-3755075.20245203,3,0.361895613717738,7.68493534875862,0.361895613717738
13943,144.2182668,-33.91709392,1122094.03220739,-3755193.38943597,1,-4.11079710298155,7.68493534875862,4.11079710298155
13947,144.2223919,-33.92217463,1122417.59060836,-3755793.63416399,13,2.60044349624382,7.68493534875862,2.60044349624382
13950,144.2178668,-33.91709392,1122057.40930407,-3755189.87624601,3,0.575303013328015,7.68493534875862,0.575303013328015
13959,147.0699173,-32.91014636,1396110.25629671,-3671529.86139731,34,-1.04431173367407,381.192840827945,1.04431173367407
13960,147.0987845,-32.95227053,1398217.21173777,-3676519.05404868,56,24.2848576818276,370.211578368187,24.2848576818276
13967,150.8244457,-31.21334505,1769538.20817524,-3529881.8793024,29,-3.06679401553349,112.96274155815,3.06679401553349
13973,149.4906207,-31.935531,1633937.11755869,-3592142.45175144,42,6.21152104021633,142.924402374158,6.21152104021633
13975,147.2254689,-32.56968649,1414976.80329905,-3635459.1068399,23,-23.0378396390952,326.9154137751,23.0378396390952
13978,148.9344815,-32.03302888,1580851.73411579,-3595954.72881808,33,1.97674338510368,51.2431814095391,1.97674338510368
13981,148.9316884,-32.03111424,1580620.82925292,-3595707.84669418,3,-25.082188976875,59.3680804394697,25.082188976875
13982,148.9008657,-32.04028403,1577624.94648843,-3596343.75414082,18,-6.89981284630799,47.353157820515,6.89981284630799
13988,148.9624489,-32.03223824,1583458.88339496,-3596213.40715194,37,7.35383004016901,57.7773195981838,7.35383004016901
13990,148.9656898,-32.00402936,1584177.51572588,-3593125.42175926,22,-7.01578983275068,52.3979371399469,7.01578983275068
13995,144.1073679,-33.94097507,1111688.00358539,-3756874.97166829,4.771624373,-4.7856370261582,8.85411625427369,4.7856370261582
13996,152.0279372,-28.84121416,1923283.60025084,-3284435.78672152,20.55480479,-15.920509446624,153.62437641503,15.920509446624
13997,152.0213099,-28.86876822,1922170.01605083,-3287388.87915604,45.39559723,11.7888741382729,153.62437641503,11.7888741382729
13999,152.0153808,-28.85422797,1921859.9294741,-3285688.6927287,54,20.8637201388396,153.62437641503,20.8637201388396
14002,140.1507,-34.05872,748166.233177463,-3741161.33535575,8.049844719,1.76183064014244,21.7754623748605,1.76183064014244
14008,146.7028198,-33.02040254,1360839.26472144,-3679802.89850406,44,21.9047461526751,227.758821257077,21.9047461526751
14009,142.5968546,-33.97308961,973038.268920573,-3748117.5644216,19.08649749,0.764639670355372,69.8114535513269,0.764639670355372
14010,142.52607,-33.88831866,967331.361564155,-3738158.90374613,13.51960239,-3.36116247798308,67.5984676778703,3.36116247798308
14013,146.8287829,-33.03531737,1372252.81978903,-3682805.21974024,20,-9.29604960321806,250.889775678634,9.29604960321806
14016,144.9542943,-33.83846377,1190351.38579128,-3753127.59581033,4.771624373,-5.72643953439318,40.0947754883055,5.72643953439318
14020,141.03639,-34.06278,829304.23017261,-3747081.02409596,21.2289111,5.98422315095198,18.028977574604,5.98422315095198
14021,141.0540774,-34.00433467,831386.178073808,-3740696.03530309,11.43095213,-4.66043143456181,14.7154402866807,4.66043143456181
14024,141.0593488,-34.01655287,831772.887613621,-3742089.24057959,23.67840085,7.71684698001239,17.2325098286446,7.71684698001239
14026,149.5429132,-31.97346974,1638210.41968007,-3597017.14698094,19,-9.111994969375,143.195390418368,9.111994969375
14028,147.9146745,-32.54867823,1478995.40335787,-3640934.0912137,27,-1.33293735610534,103.10678744445,1.33293735610534
14030,147.8406034,-32.50662686,1472728.57407559,-3635413.50355503,21,-12.167570564674,117.880316753355,12.167570564674
14031,147.853621,-32.58183425,1472891.97065747,-3643906.62412565,21,-3.42714296238567,129.001599718241,3.42714296238567
14035,149.7054231,-31.73455336,1656982.58520387,-3572631.73216693,14,-18.743100287122,157.188979078043,18.743100287122
14037,145.8707139,-33.34034722,1280262.91382279,-3706708.81256704,17,1.88644416531076,49.4834993502265,1.88644416531076
14038,147.6475468,-32.64020224,1453045.84844697,-3648021.73815683,26,-3.39541703973829,135.284174520791,3.39541703973829
14039,147.6383009,-32.71933323,1451111.63616506,-3656694.84238059,35,14.8955326195946,142.57725362704,14.8955326195946
14040,143.4108843,-33.92976111,1048024.39430964,-3749742.6798424,14,-4.91868973961814,21.2943594715447,4.91868973961814
14044,143.3899444,-33.91234479,1046279.21782,-3747636.51952022,15,-2.07978931717396,21.2943594715447,2.07978931717396
14047,143.413863,-33.93183049,1048276.65271314,-3749996.96898923,16,-0.559082676174025,21.2943594715447,0.559082676174025
14050,143.4004491,-33.92329323,1047132.80681938,-3748938.70046202,6,-7.87113428625795,21.2943594715447,7.87113428625795
14052,143.3709333,-33.90961087,1044564.57885263,-3747177.27028338,15,-0.1354874624462,21.2943594715447,0.1354874624462
14057,143.3651975,-33.88713577,1044261.75079274,-3744633.77593214,24,5.16038914622617,13.3368759485086,5.16038914622617
14059,143.3661094,-33.89392544,1044278.03758997,-3745395.46056711,16,-2.34659767797153,20.2828678960552,2.34659767797153
14061,143.3654511,-33.89553395,1044201.7771054,-3745568.75968404,17,-1.627661782754,21.8784396441409,1.627661782754
14062,143.3638096,-33.89638594,1044042.92146995,-3745649.98641136,22,3.43941066682534,22.233071719363,3.43941066682534
14063,143.3876032,-33.90711582,1046116.63549717,-3747036.5188865,12,-4.756898341026,21.2943594715447,4.756898341026
14067,143.388431,-33.92398685,1046024.98352411,-3748917.29193993,12,-0.649077674417128,21.2943594715447,0.649077674417128
14068,143.3711176,-33.89869781,1044689.6476932,-3745966.53741183,22,4.08286819858073,21.2943594715447,4.08286819858073
14071,143.3703038,-33.89195138,1044681.95469923,-3745210.4652118,18,0.254349223493833,20.2828678960552,0.254349223493833
14073,143.4028302,-33.89755107,1047606.82373109,-3746098.83921635,26,8.55461900060568,21.5665353500957,8.55461900060568
14074,143.3986487,-33.93005429,1046900.6964348,-3749674.92525466,16,1.4549167342545,21.2943594715447,1.4549167342545
14075,143.4044201,-33.89949455,1047733.18110477,-3746327.75964818,25,8.03824307541667,21.5665353500957,8.03824307541667
14077,143.3977464,-33.92680807,1046850.2993114,-3749306.96088034,26,13.1936948816581,21.2943594715447,13.1936948816581
14092,149.3910223,-31.53061512,1630840.49553064,-3545973.69278707,34,3.119482813874,57.4978077004104,3.119482813874
14098,140.7141,-34.06437,799761.091586535,-3745203.0342998,13.06394529,6.10847174875117,19.9459410238549,6.10847174875117
14102,140.7054139,-34.03775833,799167.147778271,-3742188.6510534,4.472135955,-5.9797606303194,19.1210655830553,5.9797606303194
14103,140.73182,-34.06867,801352.124277386,-3745792.34536454,7.348469228,-0.696474004345029,19.9459410238549,0.696474004345029
14104,140.76256,-34.04917,804317.827594876,-3743816.60509075,8.164965809,3.23564875144127,18.9306262364756,3.23564875144127
14105,140.76262,-34.08495,804049.942767315,-3747796.5627181,4.618802154,-3.22427635681045,18.6976672138398,3.22427635681045
14106,140.81828,-34.05872,809350.849242681,-3745230.69997861,2.683281573,-3.802085402091,18.4405454326839,3.802085402091
14109,140.75805,-33.99418,804324.48416802,-3737671.44266284,9.797958971,0.543087764109526,21.5338097375633,0.543087764109526
14132,139.01472,-33.34572,648371.585426556,-3655544.49863684,35.10935298,-0.309922936218854,73.8905400812037,0.309922936218854
14133,139.05759,-33.34322,652345.45716386,-3655484.05002249,12.24744871,-14.8442410097711,60.7008310531746,14.8442410097711
14135,139.01589,-33.30073,648755.327213734,-3650534.99700434,16.32993162,-3.73590719127922,60.5014779046009,3.73590719127922
14137,149.1531752,-32.0521134,1600859.1826765,-3600794.06391196,38,9.45773384295654,72.8043372668059,9.45773384295654
14144,149.1583408,-32.03533151,1601589.76802672,-3598998.2545428,47,15.5238010020556,72.7500145458641,15.5238010020556
14145,149.0670038,-32.00160692,1593617.67039086,-3594116.84113282,27,3.19986241378468,50.2002214739717,3.19986241378468
14149,149.158064,-32.04789958,1601375.81713779,-3600388.16521867,33,4.36656909907701,72.7500145458641,4.36656909907701
14151,149.1418999,-32.07404013,1599485.06949532,-3603083.73862808,28,1.45118745025201,82.725875648354,1.45118745025201
14152,149.0936032,-31.98258216,1596370.4857829,-3592339.40007633,13,-14.8884053382865,48.91105892185,14.8884053382865
14158,149.6691658,-31.28632823,1660528.87907095,-3522462.64430837,40,3.869446639317,116.762286058504,3.869446639317
14169,147.3721552,-32.6368914,1427641.7975506,-3644549.56705111,41,18.2128998699528,328.662935209951,18.2128998699528
14176,147.2922766,-32.6454056,1420145.23097873,-3644604.12380076,8,-14.3965360371777,382.759964471747,14.3965360371777
14191,147.2395378,-32.92343426,1411573.41242198,-3674867.90773042,24,-8.11111701763726,246.184668603108,8.11111701763726
14196,146.9265579,-32.64572375,1386334.53925804,-3640622.46420353,5,-20.7426326257638,341.433629432515,20.7426326257638
14202,141.8543,-34.1333,903618.460985393,-3760468.27570783,11.92906093,-1.24597946063792,25.7406115768747,1.24597946063792
14209,141.83611,-34.13222,901963.036297491,-3760219.7047095,17.96292478,5.48503305409163,25.7406115768747,5.48503305409163
14210,141.8635972,-34.16373333,904207.6525455,-3763916.26214094,15,1.73290626951126,23.540661908205,1.73290626951126
14212,141.8165667,-34.07960251,900624.726410632,-3754233.54980529,12.24744871,-2.04017055704367,22.4387984762516,2.04017055704367
14215,147.613381,-32.61581948,1450221.26697614,-3644928.4350325,22,-3.17335891129968,180.477153016696,3.17335891129968
14225,147.5661432,-32.52954502,1447027.63709259,-3634820.0772453,17,-3.30609076193026,207.905315209015,3.30609076193026
14228,147.5923257,-32.60541138,1448416.95156301,-3643534.80833236,29,6.29524833406557,175.867194348063,6.29524833406557
14237,150.8114482,-31.71093386,1760152.15449547,-3584806.88826207,34.99191207,-2.02035941682438,123.852721216415,2.02035941682438
14238,150.8131577,-31.71136908,1760303.80418846,-3584878.62555859,36,-0.51335822047372,123.852721216415,0.51335822047372
14241,150.7910807,-31.72048547,1758103.50273673,-3585583.91560679,56,22.3630073138186,111.688827603823,22.3630073138186
14242,150.8176703,-31.71014767,1760743.04301591,-3584805.58769094,31.81082915,-3.05802171615897,123.852721216415,3.05802171615897
14243,150.8072614,-31.71175479,1759749.76064019,-3584840.09766907,27.03920478,-6.99277745548765,123.852721216415,6.99277745548765
14250,149.1853381,-32.03750242,1604061.96594405,-3599577.64295429,14,-21.9145676996607,80.6671868918582,21.9145676996607
14252,149.1612448,-32.04131568,1601769.5406436,-3599698.10917702,39,8.66198412107301,72.7500145458641,8.66198412107301
14254,149.1600867,-32.05466537,1601462.09880404,-3601163.61005087,28,0.110180231609991,80.6671868918583,0.110180231609991
14256,149.1702982,-32.03145664,1602757.25406787,-3598718.61512642,20,-9.29502720898033,71.464802341872,9.29502720898033
14259,149.172597,-32.04585649,1602754.64924179,-3600343.90260832,32,2.11475506110667,80.6671868918582,2.11475506110667
14262,149.1987739,-32.02553655,1605488.14133528,-3598419.82649033,26,-3.05347191472964,80.8923555193466,3.05347191472964
14263,149.1906303,-32.02579881,1604728.60305571,-3598346.58667101,37,8.34983008010269,71.464802341872,8.34983008010269
14270,149.2030186,-32.0281685,1605842.45228304,-3598764.96317813,20,-11.8881404952628,80.8923555193466,11.8881404952628
14271,149.1728442,-32.03750077,1602902.85748434,-3599420.64715723,31,0.471759474640997,71.464802341872,0.471759474640997
14274,149.0321194,-32.45061111,1583704.44541865,-3643455.44529677,8,-22.3074843884347,70.6470956280555,22.3074843884347
14277,139.23814,-33.91532,665401.576596637,-3720151.94788726,11.43095213,-2.45580260359765,46.2492495142763,2.45580260359765
14279,139.18696,-33.84192,661161.861919184,-3711713.06258141,12.24744871,-1.48722898356402,54.5304105373573,1.48722898356402
14282,139.18581,-33.80208,661305.996510408,-3707270.32868587,10.61445555,-3.45453172971459,53.3927540912591,3.45453172971459
14283,147.6363144,-32.65893242,1451752.4166268,-3649971.92757812,43,19.1372263139615,154.428481596207,19.1372263139615
14286,147.5839414,-32.73549642,1445872.78416582,-3657871.45676616,26,4.70299262150918,210.548402779139,4.70299262150918
14287,150.9025867,-30.55001856,1787784.61073127,-3457469.65201283,31,-3.29937309738101,94.1153048324169,3.29937309738101
14291,150.9062945,-30.54577529,1788202.83777428,-3457051.24376624,39,6.36128101100765,94.1153048324169,6.36128101100765
14293,150.9178496,-30.5464207,1789277.0790434,-3457284.56268586,34,-4.25834832931668,98.5672257202834,4.25834832931668
14297,147.3835214,-32.81914722,1426245.51072538,-3664898.16097514,40,-0.89854794105247,267.783615291005,0.89854794105247
14299,147.3664993,-32.78951147,1425072.34349367,-3661420.45662212,31,8.31346335408223,260.43749877184,8.31346335408223
14308,139.77462,-34.09026,713475.038250529,-3742519.3680683,11.43095213,-1.92490510817017,23.8123513200951,1.92490510817017
14309,145.5663833,-33.66876389,1248395.10873457,-3740140.43692445,7.602631123,-8.7685925119298,39.7477096221941,8.7685925119298
14310,141.375,-34.12361,859827.800260404,-3756083.21811658,16.32993162,7.21660206999893,32.067573008587,7.21660206999893
14312,141.4196248,-34.11850314,863955.096308489,-3755816.53659293,13.88044188,1.32173476808135,33.4867962690794,1.32173476808135
14316,148.9648404,-32.36170269,1578801.75631386,-3632769.19317056,38,9.44640724989027,75.5826668595818,9.44640724989027
14318,148.9670065,-32.37487269,1578807.14164101,-3634255.69627626,27,-3.07857886506376,75.5826668595818,3.07857886506376
14320,141.33007,-34.18286,855232.50383333,-3762368.28097268,5.715476066,-7.75038109771233,32.063960266167,7.75038109771233
14326,148.767973,-32.32734588,1561089.41703148,-3626541.39467517,27.83447551,-3.8415048955651,84.7873799216807,3.8415048955651
14327,148.7684895,-32.32604885,1561156.20973498,-3626403.90776812,23.85812186,-7.44311127386277,84.7873799216807,7.44311127386277
14329,148.7668743,-32.32648928,1561000.25257825,-3626433.00063443,20,-11.0370911959414,84.7873799216807,11.0370911959414
14334,147.1143136,-32.98095124,1399270.3821002,-3679870.82205842,66,27.3254724573799,362.832434033859,27.3254724573799
14337,144.632207,-33.874449,1160456.7939977,-3754157.72639727,1,-6.64841730525143,33.5892346433427,6.64841730525143
14340,144.636009,-33.87483709,1160800.65085604,-3754235.33867153,1,-0.777888151468838,33.5892346433427,0.777888151468838
14344,144.636009,-33.87513709,1160797.34691385,-3754268.63402294,1,-0.777888151468838,33.5892346433427,0.777888151468838
14345,144.6358653,-33.87750477,1160758.11386973,-3754530.10347846,2,0.217960709656999,33.5892346433427,0.217960709656999
14348,144.6358653,-33.87710477,1160762.51905549,-3754485.70987877,1,-0.782039290343001,33.5892346433427,0.782039290343001
14351,144.634275,-33.878887,1160597.28152438,-3754669.0606299,2,-0.401858270984127,33.5892346433427,0.401858270984127
14356,144.634275,-33.878287,1160603.88845704,-3754602.47032007,2,-2.47209537152748,33.5892346433427,2.47209537152748
14357,144.631507,-33.874449,1160392.6982345,-3754151.36819268,1,-2.54697146400992,33.5892346433427,2.54697146400992
14361,144.6371425,-33.87793583,1160870.30963271,-3754589.54906941,2,-0.244397601113361,33.5892346433427,0.244397601113361
14363,144.636009,-33.87543709,1160794.04297366,-3754301.92935424,1,-1.32026682088291,33.5892346433427,1.32026682088291
14370,146.5582417,-33.10158889,1346484.75985191,-3687280.02523981,22,4.5809479907403,72.6763506417278,4.5809479907403
14371,146.615062,-33.17555475,1350774.17863667,-3696086.8530394,15,-7.39454546584409,78.3888728202248,7.39454546584409
14374,148.6781007,-32.27071194,1553594.55102109,-3619166.4496472,19,-5.91865702699493,61.2817640039891,5.91865702699493
14375,148.7005139,-32.36261111,1554330.85173062,-3629628.6708873,32,10.7816073414317,97.079319666067,10.7816073414317
14377,149.4626704,-31.81003702,1633255.84771685,-3577873.55936071,36,0.389667990488995,42.105373206637,0.389667990488995
14381,149.4613536,-31.85352178,1632470.42943593,-3582677.51653275,32,1.98328802166053,128.90987641994,1.98328802166053
14384,149.4361772,-31.80537054,1630864.4485009,-3577017.75668583,27,-4.28914281768633,50.984631844624,4.28914281768633
14385,149.4990063,-31.88586578,1635474.38725275,-3586744.54718365,33,-0.459288077970896,131.974042198492,0.459288077970896
14387,149.4770619,-31.93232431,1632727.32805307,-3591613.66230898,33,-1.54711337170067,146.88757398654,1.54711337170067
14388,149.4660554,-31.92091414,1631879.50441605,-3590208.25533215,34,1.25151853089065,153.237571422826,1.25151853089065
14389,149.4536719,-31.91567095,1630809.60630979,-3589468.92339632,28,-4.48754139886869,149.608412101972,4.48754139886869
14392,147.5608832,-32.77722755,1443177.40808416,-3662239.82362568,19,-8.22261128509915,180.038533254943,8.22261128509915
14396,149.5489994,-31.68973898,1643122.9094527,-3565643.35643841,34,-1.63517657201101,151.248815034341,1.63517657201101
14402,147.4659541,-32.82800001,1433731.32197367,-3666802.88152001,9,-17.452622035863,254.385087150322,17.452622035863
14403,147.4643453,-32.75484937,1434569.99228774,-3658670.11244411,21,-8.56500246796965,209.027710091555,8.56500246796965
14406,147.4605694,-32.81341203,1433431.37712366,-3665124.26613897,17,-7.51632333574832,272.338111464921,7.51632333574832
14407,147.4616339,-32.81899551,1433454.26400281,-3665755.57123087,9,-17.4627222129773,272.338111464921,17.4627222129773
14408,147.461098,-32.81648608,1433438.6765446,-3665471.19441253,20,-5.74086712984298,272.338111464921,5.74086712984298
14410,147.4626131,-32.82024205,1433527.78439336,-3665904.83300263,21,-5.00002890634898,254.385087150322,5.00002890634898
14416,147.4917067,-32.65380393,1438461.8456505,-3647767.2197779,1,-20.140527069097,287.010849396019,20.140527069097
14420,146.27245,-33.27847222,1317961.00980433,-3703927.46059412,23,3.60119194516801,46.0187987737231,3.60119194516801
14421,149.1174926,-32.29914858,1593857.79866993,-3627731.45751593,22,-4.08223248962835,68.7104038766827,4.08223248962835
14423,149.1254724,-32.28664075,1594783.31286285,-3626444.77398114,40,15.1819559812913,68.7104038766827,15.1819559812913
14425,139.53712,-34.01358,692209.477772515,-3732679.12088469,8.98146239,-8.27503028114283,22.9547977105231,8.27503028114283
14427,140.80237,-34.20927,806737.574406986,-3761871.99613792,8.164965809,-2.32815113859315,14.1518013559581,2.32815113859315
14434,140.80205,-34.19596,806810.417992277,-3760390.044105,9.797958971,-1.44864629380229,15.308941005913,1.44864629380229
14435,140.777,-34.13924,804951.910284184,-3753924.85222566,5.715476066,-5.02471547189883,13.3420992038026,5.02471547189883
14438,142.6498417,-33.97058703,977915.708191467,-3748244.05389477,18.29122676,1.10750009571362,64.4633205049042,1.10750009571362
14440,147.432424,-32.74332693,1431778.37662492,-3657033.70757766,2,-29.6215675943547,279.753731685879,29.6215675943547
14448,147.268113,-32.76934697,1416260.3925849,-3658089.14869099,32,2.27633292260434,322.753175573682,2.27633292260434
14449,147.3479681,-32.70931108,1424436.2377701,-3652315.53079968,1,-36.6553498179154,311.671423391192,36.6553498179154
14462,150.4225929,-31.57796675,1726161.67813632,-3564775.6872582,23.06285113,-9.23222362603465,119.029292016705,9.23222362603465
14463,150.4363914,-31.58301516,1727364.31759723,-3565521.43982507,31,-0.265155278218984,123.801630401274,0.265155278218984
14465,150.4168743,-31.57982619,1725599.67174105,-3564904.42025875,24,-8.00352228793567,92.1968084328922,8.00352228793567
14469,146.0802457,-33.08571139,1302652.39969437,-3680561.89276851,26.12789059,5.56482344463363,66.0426808061376,5.56482344463363
14473,146.0935685,-33.09257383,1303795.58915608,-3681459.63288132,11.43095213,-7.13150931907396,66.3692627767327,7.13150931907396
14477,146.0909455,-33.08714286,1303620.69073764,-3680829.94898489,29.39387691,8.25213951165114,66.3692627767328,8.25213951165114
14480,146.0539245,-33.09227918,1300146.56369701,-3681022.90630879,9.797958971,-13.7402630435453,72.9647373435607,13.7402630435453
14485,149.8016147,-31.38170047,1671412.70375678,-3534766.11845813,48,15.91792921497,152.510880707573,15.91792921497
14488,149.8405697,-31.46747423,1673709.74487582,-3544786.12178821,41,9.92570906074868,150.915869496889,9.92570906074868
14494,149.8024062,-31.38676013,1671407.85068374,-3535337.49179362,38,3.24374565140599,145.413605585239,3.24374565140599
14496,149.8010438,-31.3674289,1671581.38120459,-3533176.18998222,41,5.91864178223633,140.811649208587,5.91864178223633
14507,150.6333865,-29.91874477,1772789.61139969,-3383723.05339326,24,-1.83824409264501,72.8409275778493,1.83824409264501
14513,150.6330566,-29.93399305,1772510.00034163,-3385409.83349112,28,-1.19409453070601,110.843050079762,1.19409453070601
14521,150.5962131,-29.99421387,1768050.7413421,-3391579.04432504,45,6.42954695524619,200.4987505034,6.42954695524619
14522,150.6318626,-29.92099967,1772608.91828827,-3383952.02568335,31,-3.12087881747098,72.8409275778493,3.12087881747098
14526,150.6331827,-29.93566416,1772494.68252153,-3385596.94354908,29,-8.86706044595231,110.849629421494,8.86706044595231
14531,150.6399766,-29.9194493,1773400.65869662,-3383892.66336312,25,4.093496617407,71.630924549791,4.093496617407
14535,150.6320252,-29.9171958,1772686.25304008,-3383532.34934851,22,-11.2498042417303,78.9303287584677,11.2498042417303
14536,150.6406161,-29.94018162,1773123.13181123,-3386201.16966151,30,-5.07982324368668,110.991315072866,5.07982324368668
14537,150.6431086,-29.95815836,1773065.48129156,-3388229.71448691,65,17.011219844432,191.719351274622,17.011219844432
14538,150.6310404,-29.92117432,1772528.40532565,-3383959.99042707,31,-1.35700272755765,78.9303287584677,1.35700272755765
14540,150.6201792,-29.94241199,1771156.62061732,-3386165.07679592,23,-8.08939414755434,186.44409504261,8.08939414755434
14542,150.6226094,-30.01891394,1770140.40055106,-3394684.25676142,69,30.9135240327617,200.4987505034,30.9135240327617
14548,150.6301833,-29.95670856,1771868.55908073,-3387889.58090519,24,-10.9004499189177,197.193273573341,10.9004499189177
14549,150.6464609,-29.96272872,1773307.51867792,-3388783.17446084,44,-4.742567897781,191.719351274622,4.742567897781
14551,150.6427839,-29.91940933,1773666.49745752,-3383927.20141765,19,-6.27770056252699,74.6856225612402,6.27770056252699
14553,150.7250619,-29.88860392,1781942.77538963,-3381655.32993819,28,-2.131680916631,85.1806885265878,2.131680916631
14557,150.6627481,-29.96179203,1774860.71365234,-3388905.45335473,59,10.9185428327037,196.508402059595,10.9185428327037
14562,150.6272194,-29.94079798,1771847.82452466,-3386083.67034921,24,-6.16423393210252,110.849629421494,6.16423393210252
14563,150.6276769,-29.94072503,1771892.22200882,-3386081.92382794,22,-8.16423393210252,110.849629421494,8.16423393210252
14566,150.6275637,-29.9389459,1771910.51009551,-3385883.0110363,17,-12.4134316802143,110.849629421494,12.4134316802143
14570,141.15528,-34.14194,839564.812191568,-3756659.75436471,19.59591794,1.8974680613416,26.6296674462477,1.8974680613416
14574,141.19556,-34.11028,843506.038218905,-3753404.97796748,22.86190427,9.09436049390083,26.9127830361105,9.09436049390083
14575,141.13778,-34.12,838137.531708506,-3754105.44442829,22.04540769,5.47871640056218,27.6622426813355,5.47871640056218
14579,147.9256661,-32.62438783,1478959.31602365,-3649458.95015877,13,-4.55777993543573,107.439142775054,4.55777993543573
14580,147.9454221,-32.62783978,1480736.41967428,-3650070.64869729,25,5.53164200600625,102.669394345187,5.53164200600625
14582,147.9221065,-32.61620105,1478744.21743767,-3648509.72916681,13,-8.68590204882867,107.503037377773,8.68590204882867
14583,150.2585983,-31.12533213,1718119.57937119,-3512405.04966304,22,-10.6011668529787,148.932139947483,10.6011668529787
14584,150.2629321,-31.1266418,1718503.70836874,-3512608.52300575,38,3.18349054335534,148.932139947483,3.18349054335534
14585,150.208216,-31.15648862,1712915.19548501,-3515182.42509297,62,33.4802826654983,148.932139947483,33.4802826654983
14586,144.1153714,-34.01843637,1111602.79839706,-3765543.21686256,10,0.538499741528566,9.99897933758141,0.538499741528566
14592,144.1446736,-34.01110675,1114360.79487974,-3764984.93584482,6,0.751650727969808,8.98321321029592,0.751650727969808
14596,148.7386321,-32.24218474,1559617.74100396,-3616740.72568219,28,-1.94320359468,63.2045762642951,1.94320359468
14597,148.7635866,-32.26104155,1561653.58323905,-3619136.43325706,43,12.9235380043607,63.3984242615163,12.9235380043607
14602,148.7250651,-32.19873337,1558995.28408062,-3611756.87799192,30,8.70465710792667,62.2072122744714,8.70465710792667
14604,148.7155287,-32.20432284,1558029.88132204,-3612260.37396025,24,2.26455966061722,62.2072122744714,2.26455966061722
14606,140.42663,-34.03488,773633.352882073,-3740152.40463209,4.91934955,-6.35683985624176,18.7549871307994,6.35683985624176
14610,144.2420024,-34.02715861,1123092.93190026,-3767618.80692303,6,-2.96790352764705,7.6053545615616,2.96790352764705
14612,144.217269,-34.01832526,1120924.83522001,-3766421.21311967,8,0.221939334239146,7.49956046376103,0.221939334239146
14613,144.2471624,-34.05007312,1123320.32723563,-3770207.23928549,7,-1.89890497153557,8.266488938153,1.89890497153557
14615,150.9082587,-31.26479198,1776509.75721523,-3536743.57800185,15,-17.4672102150428,122.173596257505,17.4672102150428
14619,150.1912653,-31.41598344,1707207.78738375,-3543718.90174815,33,0.847018556406333,113.483616484708,0.847018556406333
14620,150.1531912,-31.42473845,1703519.9133887,-3544180.98722991,27,-10.7635441924139,78.282244645552,10.7635441924139
14624,144.091937,-34.03356018,1109299.72730212,-3767018.19607436,9,-1.04042758010891,9.99897933758141,1.04042758010891
14628,149.1801961,-31.9464367,1604950.91696769,-3589416.49410927,27,-3.57697068551469,79.6096692081187,3.57697068551469
14629,149.2569217,-31.95542224,1611939.58085658,-3591378.72443459,24,-3.68645475527999,104.208282846246,3.68645475527999
14635,147.442564,-33.00569262,1429179.68693141,-3686248.64252894,52,14.7215182185605,279.806457182156,14.7215182185605
14637,147.3497726,-32.98474427,1420914.00408699,-3682890.40517739,52,22.7812727297904,307.966475629769,22.7812727297904
14639,147.3462947,-32.99310678,1420481.66006407,-3683779.19474717,39,13.5512437402817,305.641674086154,13.5512437402817
14641,139.46442,-34.06502,685205.443664961,-3738012.48335798,14.69693846,-2.04906142796933,32.6994133252117,2.04906142796933
14647,148.9234417,-32.18943333,1577516.32904299,-3613160.82681242,22,0.179062082819204,77.0097976094526,0.179062082819204
14651,149.8014545,-31.33593,1672109.55042768,-3529688.81561632,70,41.0257790295321,136.595161351847,41.0257790295321
14656,149.8076356,-31.33923059,1672635.0359382,-3530135.71829181,45,15.8797736829773,136.595161351847,15.8797736829773
14660,149.8111196,-31.33662029,1673000.77467762,-3529891.89289778,17,-11.5660728840178,136.595161351847,11.5660728840178
14663,144.4481215,-34.03644476,1141842.39028116,-3770476.43172762,3,-3.62803858042922,31.9836754943788,3.62803858042922
14665,144.4193158,-34.03751995,1139196.80174941,-3770338.58190279,5,-2.31746090304844,30.5095403309423,2.31746090304844
14670,144.4125157,-34.00327159,1138945.42995055,-3766477.39812307,9,0.750014252851127,27.4405504442628,0.750014252851127
14682,141.00792,-34.02803,826968.713641855,-3743031.83000782,9.797958971,-0.633807641983692,14.573723113326,0.633807641983692
14684,140.84185,-34.00215,811946.846263678,-3739088.09112357,4.082482905,-7.7221697761202,19.3559871420969,7.7221697761202
14685,140.86922,-34.01763,814336.47120616,-3740984.15479388,12.24744871,0.769650687661697,16.0508092577463,0.769650687661697
14686,141.01583,-33.98869,828002.976556503,-3738707.59039821,9.797958971,-1.44236920761098,19.4986218412805,1.44236920761098
14690,140.94105,-34.01266,820959.638454186,-3740891.07499695,8.164965809,-4.57169970452017,20.276826745972,4.57169970452017
14693,140.83968,-33.97808,811933.448909656,-3736396.83484569,11.43095213,-0.766651371303972,21.1691397595422,0.766651371303972
14695,140.9159,-34.04023,818439.791704435,-3743796.12570303,7.348469228,-4.10600680942388,20.2217168579206,4.10600680942388
14696,141.01567,-34.02899,827671.471380499,-3743188.78609529,10.61445555,-0.617567737732406,14.1565596719605,0.617567737732406
14700,139.07862,-33.44278,653671.816675693,-3666688.72687217,25.31139401,1.65706993494598,61.423334264992,1.65706993494598
14705,139.05478,-33.40992,651675.01428434,-3662904.50597965,43.27431879,17.9289400467943,60.7008310531746,17.9289400467943
14706,139.02139,-33.46741,648241.264292411,-3669142.14452941,10.61445555,-15.8754445106602,78.4846369455526,15.8754445106602
14707,138.99244,-33.37999,646105.005155241,-3659251.75340658,26.94438717,-9.40476064343785,73.8905400812037,9.40476064343785
14715,150.2645606,-30.47338189,1729083.40469013,-3440190.40273182,20,-10.9005160364217,98.0386219469291,10.9005160364217
14717,150.2705848,-30.46235179,1729825.99130505,-3439048.46295949,47,20.3424684159783,90.1497315115011,20.3424684159783
14721,150.2705455,-30.47383206,1729638.93031986,-3440321.35102481,19,-9.28392550073167,93.2304531549366,9.28392550073167
14728,149.669178,-31.4862244,1657444.42063532,-3544630.57114376,28,-7.05590374890102,58.452418740856,7.05590374890102
14733,149.6336445,-31.45934722,1654546.44830744,-3541189.63318846,30,-1.91113957009901,56.0291778795341,1.91113957009901
14735,149.6640547,-31.49518693,1656828.61081924,-3545557.91227109,52,17.7549017259047,58.7136567826326,17.7549017259047
14736,142.632382,-34.11237643,975002.068683625,-3763864.13132291,21.21320344,4.89133417486256,45.3675737714994,4.89133417486256
14744,148.8790589,-32.26372631,1572308.68952917,-3620850.41598358,16,-11.1812459277998,73.5384602987163,11.1812459277998
14746,148.932452,-32.25627974,1577363.28104713,-3620683.04521001,34,11.3061822232977,73.5256688890523,11.3061822232977
14751,149.9333189,-31.79064165,1677292.86855799,-3581821.80741663,28,-7.95548204503267,74.7434440643346,7.95548204503267
14756,139.40606,-34.06615,679846.944188128,-3737826.46513163,26.12789059,8.35945443334922,36.2620062265476,8.35945443334922
14758,145.0695687,-33.95346253,1199597.22216637,-3766964.58215362,1.590541458,-14.9670710032003,30.0884347786279,14.9670710032003
14761,141.98152,-34.14479,915160.705922806,-3762650.77192457,8.98146239,-3.2238986443057,24.0392500166533,3.2238986443057
14764,144.5148188,-34.09580419,1147293.64600249,-3777660.15905929,6,3.15587237304705,39.0564686593436,3.15587237304705
14768,144.5152188,-34.09580419,1147330.19855181,-3777663.75126315,2,-0.844127626952953,39.0564686593436,0.844127626952953
14769,144.5153188,-34.09580419,1147339.33668738,-3777664.64933199,3,0.155872373047047,39.0564686593436,0.155872373047047
14773,144.6426949,-34.07125672,1159248.93638115,-3776091.17191471,25,8.55782090219587,51.2999403419188,8.55782090219587
14774,144.5381621,-34.04562072,1149974.96183645,-3772302.20954315,12,-6.16646281404995,32.1014524883013,6.16646281404995
14776,144.5154188,-34.09580419,1147348.47482225,-3777665.54740799,5,-1.2310035164519,39.0564686593436,1.2310035164519
14780,144.4705771,-34.00996159,1144183.42877697,-3767738.60557489,5,-0.677770102364343,31.9836754943788,0.677770102364343
14781,144.5262493,-33.98180253,1149582.4053216,-3765113.60068666,7.952707288,-1.13942739480417,30.2221358995545,1.13942739480417
14783,144.5508993,-34.0196214,1151423.75357793,-3769532.13656157,5,-12.6619196837525,32.1014524883013,12.6619196837525
14786,144.5777661,-34.04271148,1153627.51758057,-3772336.47688965,21,0.976823039078631,43.9802750923319,0.976823039078631
14787,144.5172834,-34.09603418,1147516.3563044,-3777707.81033322,1,-4.25219909216878,39.0564686593436,4.25219909216878
14790,144.5158319,-34.09638348,1147379.90799751,-3777733.52643397,20,14.0129216569338,39.0564686593436,14.0129216569338
14792,144.524023,-34.01673878,1148997.4816888,-3768970.30674582,13,-0.94164451893667,32.1014524883013,0.94164451893667
14794,144.5172834,-34.09693418,1147506.54177331,-3777807.6601261,3,-1.46003918989932,39.0564686593436,1.46003918989932
14796,144.5172834,-34.09653418,1147510.90378484,-3777763.28246361,1,-3.46003918989932,39.0564686593436,3.46003918989932
14797,144.5172834,-34.09643418,1147511.99428829,-3777752.18804218,10,5.53996081010068,39.0564686593436,5.53996081010068
14798,144.5172834,-34.09633418,1147513.08479198,-3777741.09361843,1,-3.46003918989932,39.0564686593436,3.46003918989932
14799,144.5078313,-34.01137175,1147575.24472564,-3768229.2299135,15,7.15911473180548,32.1014524883013,7.15911473180548
14800,144.5865767,-34.01691018,1154715.9627267,-3769553.31458886,13,-5.69033729714744,44.3369043953036,5.69033729714744
14803,144.5170111,-34.09571313,1147494.97424148,-3777669.74583822,17,9.49987142058745,39.0564686593436,9.49987142058745
14808,149.680574,-31.23524562,1662383.2852463,-3516945.36924858,40,5.46679254876167,44.1892077141918,5.46679254876167
14810,149.649387,-31.26662702,1658985.74288315,-3520020.59901774,31,-1.86049414711566,114.323065778041,1.86049414711566
14814,149.6869764,-31.22227891,1663181.79849929,-3515590.50788759,26,-4.54193694191734,55.3068285844394,4.54193694191734
14819,140.96491,-34.15909,822002.284562047,-3757328.63691738,14.69693846,3.91190707269288,20.8330490428675,3.91190707269288
14820,140.90703,-34.14154,816840.110948679,-3755005.94735905,11.43095213,-0.611964759202303,14.8487267279149,0.611964759202303
14822,149.6865272,-31.5610709,1657905.17025824,-3553154.49616283,39,8.11274393283165,64.895837899161,8.11274393283165
14824,148.8748094,-32.3115287,1571211.06363313,-3626097.56410914,16,-9.5423935357637,73.8277901158965,9.5423935357637
14826,148.8750796,-32.30196424,1571376.94921116,-3625040.58721252,24,0.252835698862079,73.3270749990362,0.252835698862079
14832,148.9897798,-32.04952619,1585738.75128911,-3598469.42884781,31,-3.25509198254735,59.2761035636145,3.25509198254735
14837,148.9694669,-31.99504152,1584661.30153032,-3592175.55643941,28,-0.35316885844033,52.3979371399469,0.35316885844033
14845,141.79444,-34.27611,896921.156489881,-3775916.06518663,13.04162616,-0.772998917408271,43.5419496111849,0.772998917408271
14847,141.50122,-34.2051,870707.964760497,-3765996.42359653,9.543248745,-2.03949538611084,26.7494619652698,2.03949538611084
14848,146.7726031,-33.2264547,1364614.26758876,-3703407.61615916,15,-14.389288382162,164.218579647504,14.389288382162
14855,142.2937812,-34.13542904,943813.47569306,-3763882.45852602,15.51343504,1.29143150514787,25.4719920255347,1.29143150514787
14856,147.6561878,-32.83616798,1451167.04644902,-3669856.69160991,8,-6.70340230082032,114.920833493788,6.70340230082032
14864,144.6669087,-34.01199685,1162115.90876982,-3769736.56660746,24,-1.95421883767189,46.7045086448856,1.95421883767189
14867,146.5279208,-33.4232995,1339616.38491884,-3722650.77830047,21,-7.192971041517,86.8396765829396,7.192971041517
14869,147.2169073,-33.06380213,1407623.86492343,-3690187.69355158,60,29.891937543944,272.042234705735,29.891937543944
14877,147.7241897,-32.74694729,1458662.38486131,-3660735.86897124,24,3.25945492927499,137.661012340284,3.25945492927499
14880,147.720984,-32.73325468,1458554.34111846,-3659180.57703446,22,1.40250556022099,137.685512614053,1.40250556022099
14888,143.4065945,-34.17242563,1045219.11190907,-3776654.23612643,3,-4.57090415231096,24.6989475542587,4.57090415231096
14890,149.8855345,-31.65988725,1674894.95073144,-3566704.38134313,35,-6.32455836501969,83.8766534020414,6.32455836501969
14895,139.81315,-34.12233,716788.02572395,-3746303.44851281,12.24744871,0.117045720843507,20.67707200456,0.117045720843507
14897,147.1464227,-33.07255523,1401018.76824761,-3690383.71552352,52,22.6105470528328,283.715552547085,22.6105470528328
14898,147.1281949,-33.00324516,1400255.2677618,-3682495.98936851,51,2.6964676321093,362.832434033859,2.6964676321093
14902,147.1128204,-33.03541753,1398414.71667086,-3685896.32447929,53,15.3503264859587,374.62828864095,15.3503264859587
14917,139.63685,-34.03636,701206.110172329,-3735758.38139389,21.2289111,0.650256250928447,29.4183203455782,0.650256250928447
14919,144.7116071,-34.00292836,1166303.65261064,-3769137.74454586,35,7.42778684192156,46.2837172631436,7.42778684192156
14920,144.7212049,-34.01079747,1167094.12728718,-3770098.45414262,33,5.24109739956551,46.2837172631436,5.24109739956551
14921,144.764438,-34.02765839,1170859.80237472,-3772364.63559536,40,15.2595250779971,46.9823831534899,15.2595250779971
14931,144.7570981,-34.02510829,1170217.11004771,-3772014.47852144,18,-9.97292742649664,46.780628364656,9.97292742649664
14932,144.7407781,-34.01004076,1168892.29857159,-3770193.44629913,21,-2.92223517497672,45.4045012490817,2.92223517497672
14933,149.3941194,-32.02305,1623649.02710142,-3600612.94819977,10,-17.7539095779465,72.4956391973185,17.7539095779465
14934,147.8721034,-32.61893499,1474086.33314502,-3648235.10353291,28,4.43310845425499,104.760448944505,4.43310845425499
14936,147.8319593,-32.68880931,1469411.7852548,-3655522.71649635,21,-2.282154100291,107.023861575698,2.282154100291
14937,147.9193149,-32.65591128,1477934.63152842,-3652881.69273936,1,-23.3879161391293,65.1898824246849,23.3879161391293
14940,147.8312111,-32.68749729,1469360.82340397,-3655368.59400521,25,3.74894579636268,107.023861575698,3.74894579636268
14944,147.8471597,-32.69340267,1470751.82171386,-3656207.0734441,13,-7.98384512709166,119.58066695376,7.98384512709166
14945,147.8514265,-32.69337379,1471146.18276843,-3656252.99732733,11,-11.165572278227,119.58066695376,11.165572278227
14946,147.8319167,-32.66012907,1469804.08372154,-3652341.2133626,8,-13.2027044384137,135.92334088703,13.2027044384137
14951,144.0165574,-34.15014514,1101184.29334856,-3779305.14437954,6,-2.05199112401243,39.2809268322045,2.05199112401243
14953,144.0864027,-34.14103417,1107661.72537381,-3778897.88247746,1,-8.149834033412,39.2809268322045,8.149834033412
14955,144.0530062,-34.1948085,1104045.55142395,-3784575.87226419,13,3.23315167924136,41.8886082721535,3.23315167924136
14956,139.70219,-34.20703,706052.011495613,-3755109.06052666,2.449489743,-9.36059981333281,27.4252431174825,9.36059981333281
14957,139.72062,-34.18031,707919.281511809,-3752238.36970402,8.98146239,-4.13535606885107,26.3840920788504,4.13535606885107
14958,142.7543387,-34.16820609,985636.11686792,-3771001.41935062,8.485281374,-6.61332855800864,43.3955735135494,6.61332855800864
14966,142.7532087,-34.16654506,985548.361988281,-3770808.2152144,11.3137085,-6.62995878428625,43.3955735135494,6.62995878428625
14967,142.6721071,-34.18516144,977959.504574795,-3772252.67567911,36.76955262,20.483063917904,46.4362972172015,20.483063917904
14972,142.7654419,-34.21376332,986223.951228429,-3776146.76261056,9.899494937,-8.86318332620846,46.4362972172015,8.86318332620846
14973,142.6962756,-34.16098816,980394.382552344,-3769752.95574723,18.38477631,-1.91635367647515,46.4362972172015,1.91635367647515
14977,142.7540547,-34.19431463,985365.482319966,-3773898.95443208,9.899494937,-9.41399139697445,46.4362972172015,9.41399139697445
14980,140.42382,-34.20327,772138.939137075,-3758865.62972209,6.531972647,-3.04789555795574,13.7681795175055,3.04789555795574
14984,144.9269557,-34.05021759,1185462.61655247,-3776365.84346965,21,3.78135667647864,53.3365861136146,3.78135667647864
14986,142.6179449,-34.20127122,972858.65004434,-3773628.45368732,21.21320344,7.16510649865829,46.7477753684036,7.16510649865829
14992,142.6101707,-34.18737865,972276.433876595,-3772026.20388277,8.485281374,-5.79195398403461,46.7477753684036,5.79195398403461
14995,142.601278,-34.12099181,972076.751606175,-3764584.18677814,12.72792206,-5.73368691516691,46.8631940884588,5.73368691516691
14996,150.6523102,-30.60489351,1763388.74325483,-3460074.01558071,35,-5.79141794058702,72.8712349939168,5.79141794058702
15000,150.6148163,-30.67453558,1758736.23216564,-3467277.72079861,45,5.32962019185836,61.4342960702664,5.32962019185836
15002,150.6025863,-30.67115339,1757643.90325372,-3466734.45968249,44,5.851596232227,61.4342960702664,5.851596232227
15003,150.6053824,-30.67201678,1757892.18058405,-3466868.6469573,35,-6.40466897316164,61.4342960702664,6.40466897316164
15005,148.125959,-32.72368247,1496064.37467075,-3662802.02858028,5,-19.774495358196,69.5336751342208,19.774495358196
15012,147.6155122,-32.82555009,1447560.31723336,-3668217.64476658,11,-14.8347421786153,139.201564226227,14.8347421786153
15014,142.12944,-34.18222,928364.156421773,-3767877.16923329,18,5.63295678190118,19.0839713388984,5.63295678190118
15026,140.7959,-34.23986,805910.999538658,-3765232.29153695,9.797958971,-1.49744689347818,15.5715377120463,1.49744689347818
15028,140.76334,-34.2581,802793.104244616,-3767055.211698,6.531972647,-4.33822207912523,18.1448806781689,4.33822207912523
15032,150.1823561,-30.2206574,1725371.55332396,-3411041.97655868,32,-5.19564556204733,127.931286522633,5.19564556204733
15035,150.1760855,-30.16787927,1725619.37636136,-3405101.14427735,32,-4.23486658797368,104.105181499046,4.23486658797368
15049,144.1977012,-34.21415793,1117053.84907381,-3787980.52520173,16,6.0558410370599,42.5722702883671,6.0558410370599
15050,144.2009629,-34.18477266,1117663.9503129,-3784748.84887359,11,-1.34849474984054,40.386782449764,1.34849474984054
15055,144.1231266,-34.1843906,1110559.30791353,-3784027.67588815,16,2.32269734360257,41.457238943976,2.32269734360257
15056,140.30142,-34.18202,761089.288521878,-3755767.78068365,7.348469228,-5.15473662079241,19.5011101787461,5.15473662079241
15060,151.9712881,-29.18568943,1911872.64353927,-3321750.48737974,42,-1.88291115236802,48.919559004985,1.88291115236802
15061,151.9818171,-29.16405593,1913250.31441099,-3319511.37780768,33,-10.0311327989527,48.9195590049851,10.0311327989527
15070,151.9682,-29.08743,1913294.93937629,-3310818.02540329,32,3.06620483220866,63.7416752865879,3.06620483220866
15074,151.8913085,-29.13861812,1905096.8778322,-3315340.45154157,32.41334602,9.608424912895,53.0408429013291,9.608424912895
15075,151.999821,-29.1641104,1914959.12861539,-3319787.15633564,28.46049894,-0.905241267242616,48.9195590049851,0.905241267242616
15080,151.9574,-29.09034,1912217.76905548,-3310978.73784702,32,4.00808173777581,61.5753267531736,4.00808173777581
15081,151.9701349,-29.15287494,1912336.10285403,-3318097.73942504,35,-3.65437167260035,48.9195590049851,3.65437167260035
15083,151.9703458,-29.15234409,1912365.40287402,-3318042.08351052,38,-0.654371672600348,48.9195590049851,0.654371672600348
15085,151.9208132,-29.11873349,1908246.1281018,-3313577.57781613,28.46049894,-5.12622728490469,53.7417462840097,5.12622728490469
15089,151.9859985,-29.20518721,1912928.6786881,-3324130.78731128,47,4.48162909604038,45.9357724975255,4.48162909604038
15090,151.965,-29.09013,1912943.69227103,-3311069.24769969,20,-10.7583895702195,63.7416752865879,10.7583895702195
15093,151.9795435,-29.1828827,1912705.51906287,-3321563.10544723,38,-1.97946513977,48.919559004985,1.97946513977
15095,151.9846945,-29.20181103,1912863.87950175,-3323737.23052703,47,2.86068979710969,48.1942869214384,2.86068979710969
15109,151.9734862,-29.16737668,1912401.15393267,-3319754.54357817,29,-1.31934958049933,48.919559004985,1.31934958049933
15116,151.9784669,-29.16594371,1912899.17839255,-3319670.35374707,26,-14.9250040426683,48.919559004985,14.9250040426683
15119,151.9695785,-29.15505469,1912245.19815243,-3318330.90537869,34,-2.97145130166067,48.919559004985,2.97145130166067
15122,151.96931,-29.15415013,1912235.49036033,-3318226.67033044,46,7.42208263180467,48.9195590049851,7.42208263180467
15123,151.9212036,-29.12072211,1908248.58303969,-3313803.74443562,34.78505426,0.49639788135196,53.7417462840097,0.49639788135196
15126,151.9877786,-29.20826916,1913043.80726976,-3324498.87648553,34,-4.603790292765,44.5646556334309,4.603790292765
15127,151.9651,-29.08535,1913036.63841498,-3310541.15223251,34,6.26466804545366,63.7416752865879,6.26466804545366
15132,151.9638,-29.08662,1912890.92073743,-3310662.39447507,32,5.23349083154,66.8716651196147,5.23349083154
15133,151.963,-29.08687,1912810.52756552,-3310678.1147408,31,4.09750580627567,66.8716651196147,4.09750580627567
15134,151.9189483,-29.12016244,1908044.04918036,-3313708.04908733,18.97366596,-15.6083850909587,53.7417462840097,15.6083850909587
15136,142.0392,-34.30846,919006.365608046,-3781249.56558648,18.77942136,5.19931919670786,44.8284241540036,5.19931919670786
15139,142.10833,-34.27111,925650.448997252,-3777599.55798258,16,4.21816413538173,22.9591333747112,4.21816413538173
15143,142.4896039,-34.21015608,961044.917862372,-3773643.94094011,7.071067812,-9.29257898982343,39.9839149266426,9.29257898982343
15144,142.5346044,-34.18738231,965367.544837874,-3771453.5615846,12.72792206,-1.06826405322207,46.5312401550002,1.06826405322207
15154,142.5229495,-34.20182021,964169.538446709,-3772969.27318709,11.3137085,-7.60781426130469,47.0753187239158,7.60781426130469
15156,142.5068369,-34.20570736,962660.957495005,-3773279.53718271,15.55634919,-5.07066914650386,44.4743110346321,5.07066914650386
15158,142.4998898,-34.20627043,962020.730301381,-3773289.75093811,15.55634919,-3.27160257859476,43.7075566116932,3.27160257859476
15164,144.2281716,-34.07816002,1121284.54494542,-3773157.36249897,6,-1.90710604487166,31.6671165800771,1.90710604487166
15168,144.3479538,-34.10519178,1131943.32588271,-3777213.23354808,8,0.436930476360934,20.604305246688,0.436930476360934
15177,147.2794881,-33.08023873,1413166.21319441,-3692701.42710622,48,22.7640128330553,264.113566891939,22.7640128330553
15178,147.2658369,-33.07664552,1411957.5050771,-3692152.0079723,43,18.0340238052763,264.113566891939,18.0340238052763
15179,147.2599889,-33.07697049,1411414.86577369,-3692123.42736275,68,43.7613387858737,272.042234705735,43.7613387858737
15182,151.591327,-30.34178655,1855987.13330788,-3444219.57695945,16,-6.35801051687032,32.9384616116465,6.35801051687032
15183,151.5859124,-30.30377816,1856128.73551042,-3439930.92230412,20,-10.3247551940447,33.1625435655813,10.3247551940447
15186,151.5855836,-30.30060759,1856152.08570691,-3439574.95093229,28,-3.07083459722267,33.1625435655813,3.07083459722267
15194,151.588359,-30.347087,1855617.4372856,-3444763.55554451,17,-3.29040124610367,32.9384616116465,3.29040124610367
15195,151.589906,-30.33641169,1855945.58187374,-3443603.59738045,24,1.48533880817966,32.9384616116465,1.48533880817966
15198,151.5899408,-30.32599974,1856127.0930296,-3442450.83515729,21,-0.922103027077995,33.1625435655813,0.922103027077995
15202,151.5903361,-30.34277707,1855877.04049614,-3444314.89471426,21,-0.195244096123652,32.9384616116465,0.195244096123652
15210,141.1208,-34.19,836026.166817387,-3761776.83406195,22.86190427,6.76691497511518,47.5237756408142,6.76691497511518
15211,141.1131,-34.2103,835160.317243035,-3763983.23841137,22.86190427,9.94475663675318,48.5827673882603,9.94475663675318
15214,147.5854502,-32.98818239,1442576.20691925,-3685912.89119559,27,-2.41991107700552,121.339003285513,2.41991107700552
15226,143.3353394,-34.1649404,1038780.92786933,-3775242.05066933,5,-4.55262429669336,24.6922182965612,4.55262429669336
15234,141.5967111,-34.19703611,879509.996830708,-3765754.27884316,25,12.9229576255231,30.9284566891371,12.9229576255231
15239,144.3979655,-34.1781407,1135725.67602743,-3785750.47277248,10,-2.93865895443814,45.1610726054981,2.93865895443814
15252,140.71735,-34.24966,798650.734039743,-3765828.59793445,13.88044188,5.11763352579633,18.2489683495029,5.11763352579633
15258,145.5670706,-33.83527298,1246489.21941664,-3758617.73919248,13,-3.30138475151449,34.07532984361,3.30138475151449
15270,151.010929,-31.00550628,1790390.22285631,-3509457.00497034,22.13594362,-1.47298523829058,86.8468838328057,1.47298523829058
15271,150.9813018,-30.94836097,1788568.15057581,-3502711.54379504,43,2.66464120862082,86.5090546908306,2.66464120862082
15272,151.0098821,-31.00549014,1790292.62583562,-3509440.54605866,13.43968006,-9.06541053124241,86.8468838328057,9.06541053124241
15281,150.9768936,-30.93901884,1788310.70982133,-3501614.87186188,52,5.63223114829898,86.5090546908306,5.63223114829898
15285,147.3091695,-32.90606152,1418224.30587464,-3673711.93944255,4,-17.575119221466,296.530950981035,17.575119221466
15287,147.39595,-32.90911494,1426183.69622829,-3675016.69021811,46,21.1278099908853,234.186077711596,21.1278099908853
15293,147.9509052,-32.81622257,1478621.08423273,-3671024.30016284,21,-5.71753148742833,85.4076122913048,5.71753148742833
15303,139.92985,-34.1668,727173.093115926,-3751910.50854328,5.715476066,-5.78498354963227,14.8072147457187,5.78498354963227
15307,149.5508781,-31.90339389,1640023.28833141,-3589352.41408531,33,3.08281923159867,129.010974076406,3.08281923159867
15310,149.5315868,-31.81688175,1639556.27493371,-3579515.10652968,39,6.53602945278334,124.376031911516,6.53602945278334
15312,140.01674,-34.25272,734530.06342534,-3761964.90499824,8.164965809,-1.05665154173374,13.7793961531651,1.05665154173374
15313,139.91265,-34.30761,724626.545036806,-3767475.27579239,4.898979486,-4.59071073692349,15.4543945317528,4.59071073692349
15315,140.00071,-34.21375,733335.051979734,-3757538.27432256,18.77942136,8.1349062634881,13.6788614318685,8.1349062634881
15318,144.5471421,-34.13680466,1149799.20124426,-3782499.2788268,25,7.00391614346411,41.0390588909527,7.00391614346411
15320,144.5067334,-34.15596857,1145899.28571662,-3784262.10410296,23,8.6934247871223,29.6905647061449,8.6934247871223
15324,144.5174475,-34.20720634,1146319.14075582,-3790041.75708027,3,-1.07924273614005,29.3665472122622,1.07924273614005
15329,144.5315858,-34.18592853,1147841.99137586,-3787808.56306135,5,-6.64402058700185,34.6314597031146,6.64402058700185
15341,144.5180554,-34.20654046,1146381.89276838,-3789973.35349719,1,-2.2333667796121,29.3665472122622,2.2333667796121
15344,144.5183554,-34.20654046,1146409.27826721,-3789976.04549831,5,2.10486443199412,29.3665472122622,2.10486443199412
15350,144.5178554,-34.20654046,1146363.63576565,-3789971.5588655,2,-3.77461284156731,29.3665472122622,3.77461284156731
15353,144.5073165,-34.16010953,1145907.42443787,-3784726.69383432,23,8.58910008247285,29.6905647061449,8.58910008247285
15356,148.2390357,-32.79838264,1505440.28235864,-3672411.56294867,6,-12.829691934666,56.6304780115624,12.829691934666
15358,149.4260488,-32.0829397,1625699.91969898,-3607656.88433139,23,-9.01812863754531,61.3336963380043,9.01812863754531
15363,143.2757809,-34.23754752,1032623.84060158,-3782819.91772231,9,0.711945742391233,19.003106175167,0.711945742391233
15368,143.3679683,-34.27438812,1040679.22136488,-3787657.40218894,3,-3.15294028142423,21.4844770601798,3.15294028142423
15378,143.2909904,-34.28681389,1033528.49230919,-3788411.7330078,4.898979486,-4.5864369336883,19.6350372512053,4.5864369336883
15383,146.3200306,-33.37433889,1321139.15937524,-3715055.15464221,21,2.75718526809526,48.2094706498918,2.75718526809526
15384,146.3295611,-33.41818056,1321466.94035554,-3720017.14179834,21,3.59023361855596,47.8096510950402,3.59023361855596
15385,146.3270139,-33.42924444,1321094.81385664,-3721218.0641364,15,-2.36526192566781,47.8101378373029,2.36526192566781
15389,146.3175363,-33.36730083,1320997.87448741,-3714248.57956033,13,-6.52424969704665,48.2094706498918,6.52424969704665
15391,150.031749,-31.38729189,1692789.44309749,-3538416.09296186,29,4.22579319464898,79.8647676473333,4.22579319464898
15392,150.0236619,-31.38309167,1692101.41173684,-3537843.35266519,36.58245352,12.494923154388,91.8537809590575,12.494923154388
15401,142.245171,-34.25627481,938287.136449162,-3776949.82258369,17.1464282,-0.481023739020706,28.499331532394,0.481023739020706
15404,143.4467589,-34.21628517,1048452.24616081,-3781852.20565327,3,-5.76729260841917,24.9114428423282,5.76729260841917
15417,150.9670388,-31.03016993,1785878.59378835,-3511574.8085054,16,-14.5894003200413,88.6515477925006,14.5894003200413
15420,144.7463121,-34.1016118,1168381.44300361,-3780402.42144123,14,-5.35016619313555,52.3098409445601,5.35016619313555
15422,145.1789311,-34.11763679,1207714.7535905,-3786202.7227122,27,2.39443011003999,44.2986901442667,2.39443011003999
15423,145.1259487,-34.04536175,1203702.96838341,-3777687.96484857,18,-4.99940264857248,44.9388238889437,4.99940264857248
15427,144.6647452,-34.10705667,1160869.18699387,-3780262.83395299,34,13.4763299858321,53.2818610419899,13.4763299858321
15428,144.6698449,-34.1281878,1161101.87507404,-3782653.17810149,20,6.1898196060233,52.9870308454978,6.1898196060233
15431,144.6593293,-34.11440068,1160293.39370365,-3781028.29370377,3.343701525,-11.1385172205488,45.2850757584449,11.1385172205488
15434,149.0716091,-31.2867891,1604704.83797692,-3514877.46348215,31,-5.18309913915916,87.5722115248287,5.18309913915916
15438,149.1274576,-31.29814312,1609753.13545271,-3516840.08653508,41,8.51494005255302,139.649943040783,8.51494005255302
15442,149.1082866,-31.29293012,1608040.04316497,-3516020.15193212,26,-5.34883249276968,124.470069573616,5.34883249276968
15449,149.0667977,-31.28001135,1604356.35568929,-3514064.83726419,35,-1.20461528693006,89.5003319823831,1.20461528693006
15455,139.6976,-34.21068,705607.264313023,-3755489.76405843,8.98146239,-2.77238267348168,27.4252431174825,2.77238267348168
15456,139.67142,-34.13258,703732.748546705,-3746655.98483553,8.98146239,-2.44291479862956,28.9548469668058,2.44291479862956
15458,139.57404,-34.14437,694732.324694626,-3747434.88612862,25.31139401,7.58822404521112,31.4431020557895,7.58822404521112
15459,142.4698865,-34.1509863,959782.354998227,-3766922.88029014,19.79898987,2.57392092487128,39.6484509891447,2.57392092487128
15460,142.3265582,-34.31571284,945189.882791226,-3784151.71505984,5.715476066,-9.64384352878198,26.1044459478439,9.64384352878198
15469,143.2602845,-34.23938505,1031190.35020674,-3782898.73849806,15,5.50546645444014,19.003106175167,5.50546645444014
15470,147.9037059,-32.77344657,1474861.97293322,-3665735.65871003,27,-2.39154958296333,72.8101413148394,2.39154958296333
15473,147.8121548,-32.71528314,1467217.79216779,-3658231.29398998,8,-20.537874108244,108.295477798771,20.537874108244
15476,147.8625048,-32.78579711,1470889.85889304,-3666630.19525576,17,-10.6695376731193,82.482825062986,10.6695376731193
15480,145.8266409,-33.81998038,1270429.46130437,-3759478.69314568,19,0.71715994742059,29.9137076913537,0.71715994742059
15481,145.8257208,-33.80824762,1270486.60246635,-3758168.49045729,16,-2.31430627063631,24.0585988936191,2.31430627063631
15482,139.50337,-34.07754,688694.873975466,-3739615.31455062,16.32993162,-1.92340297571225,31.7507803973626,1.92340297571225
15490,149.5897679,-32.06181524,1641201.6609021,-3607409.12635478,28,-0.891409707639994,153.387075521256,0.891409707639994
15493,142.6879415,-34.27292485,978589.819163095,-3782120.78492669,21.21320344,5.60182531372885,46.4362972172015,5.60182531372885
15494,142.6012736,-34.25682007,970821.542446875,-3779671.08267279,22.627417,7.44985439977897,45.2830557332157,7.44985439977897
15496,138.98505,-33.65314,643756.878848894,-3689654.38649846,27.76088375,0.37184621744624,87.6743751350593,0.37184621744624
15498,142.5957159,-34.2207062,970647.175334245,-3775617.97618657,18.38477631,4.49943557240482,46.7477753684036,4.49943557240482
15499,142.5782167,-34.2276596,968983.692737379,-3776257.42499991,11.3137085,-3.75576372955371,46.7477753684036,3.75576372955371
15506,139.81464,-34.26452,715955.758575674,-3762130.09979989,11.43095213,0.149752772540515,20.0476660125433,0.149752772540515
15509,150.1099278,-30.23320205,1718346.17751372,-3411457.75026343,34,2.33994654802466,109.304519870594,2.33994654802466
15512,150.1036314,-30.22266452,1717919.56575134,-3410203.78699236,40,6.86195966879666,83.2469872212682,6.86195966879666
15513,150.1759081,-30.26562155,1724049.20988932,-3415943.86543802,31,-2.28490249978566,157.568056147494,2.28490249978566
15529,150.1108667,-30.22986786,1718487.46877482,-3411100.40690759,59,25.4608666733314,109.304519870594,25.4608666733314
15530,150.1627506,-30.2249419,1723455.64853646,-3411252.73847656,37,1.09980846282565,117.677498572528,1.09980846282565
15531,141.59145,-34.31993,878001.50619734,-3779374.84522723,9.797958971,-0.854100054728285,42.7982440269451,0.854100054728285
15535,147.0628898,-33.28573709,1390527.58060558,-3713112.18118375,19,-8.94620484228974,274.899217991749,8.94620484228974
15538,146.9775795,-33.26725089,1382929.82892192,-3710136.31882377,17,-14.9982833953418,261.032453827601,14.9982833953418
15539,144.973194,-34.07545137,1189403.1432872,-3779594.39816996,18,-2.22139246395998,51.8698671913496,2.22139246395998
15541,144.9190381,-34.07322032,1184480.12432702,-3778843.8009835,19,-0.180830518545026,57.0379013066757,0.180830518545026
15542,144.9569951,-34.08129628,1187857.12809024,-3780091.94091239,14,-5.48295155748335,51.8698671913496,5.48295155748335
15546,142.3676729,-34.29904711,949095.400731219,-3782605.57351291,17.1464282,0.476990301791471,27.421542765397,0.476990301791471
15551,151.3374227,-30.96935754,1821515.76253995,-3510068.69107719,33,-0.473207431553334,49.885433280248,0.473207431553334
15554,144.0664047,-34.2273107,1104927.567116,-3788298.00924283,19,4.89256192210184,43.3217817787864,4.89256192210184
15556,144.0341362,-34.25685299,1101671.81180047,-3791297.02750413,11,-3.33086261174201,57.2252902816326,3.33086261174201
15557,144.0323256,-34.25740406,1101500.77447157,-3791342.5549225,10,-2.55010586818728,57.2252902816326,2.55010586818728
15561,148.8446685,-32.39118655,1567249.85268468,-3634557.64288917,28.62974624,1.79979233122632,80.9787587660073,1.79979233122632
15565,144.1329317,-34.23431229,1110927.21286185,-3789651.75685037,11,-1.6498475720346,43.4994759848071,1.6498475720346
15567,140.62364,-34.28679,789799.404896107,-3769374.20043987,5.715476066,-5.69666552205107,18.6329685710107,5.69666552205107
15569,140.61951,-34.28858,789408.284001026,-3769547.68656486,2.449489743,-8.69506378650367,18.6329685710107,8.69506378650367
15571,142.7546092,-34.21793138,985194.85349964,-3776526.06869242,21.21320344,5.53699663576009,46.4362972172015,5.53699663576009
15575,142.7484965,-34.24515997,984381.206454194,-3779502.75370956,15.55634919,-0.395790911883697,46.4362972172015,0.395790911883697
15578,142.6646034,-34.22404652,976912.130212518,-3776514.03817576,18.38477631,3.07536892446847,46.4362972172015,3.07536892446847
15579,142.7068377,-34.26792913,980362.511402093,-3781710.89730451,15.55634919,0.519388581080571,46.4362972172015,0.519388581080571
15581,142.7804391,-34.25126449,987242.335784629,-3780427.12725626,11.3137085,-1.97024396370849,46.4362972172015,1.97024396370849
15582,142.7673849,-34.21792825,986362.452537899,-3776624.29990466,18.38477631,2.02648949630702,46.4362972172015,2.02648949630702
15584,146.3303306,-33.51124722,1320374.83496545,-3730347.75924281,26,2.72531763477503,55.2336538600258,2.72531763477503
15585,148.1952867,-32.88088786,1500240.74397546,-3681041.92218141,17,-6.66851398408137,48.3744019130624,6.66851398408137
15587,144.9889579,-34.14924144,1190008.54788045,-3787924.53026339,15,-2.95871592071878,62.7006334530714,2.95871592071878
15596,144.2863193,-34.23457868,1124925.93226597,-3791023.52755514,13,3.12884258002951,43.197836997128,3.12884258002951
15597,144.3517057,-34.24360413,1130796.94951329,-3792601.94600789,13,0.885004820700345,43.8718535251242,0.885004820700345
15599,144.2623636,-34.30958909,1121938.22845024,-3799133.27312399,5.34992244,-7.4458780599939,58.6487122713525,7.4458780599939
15601,144.2822064,-34.24607572,1124427.52855435,-3792262.68772939,35,24.0981571432067,43.5308722775093,24.0981571432067
15604,144.2901919,-34.30065694,1124572.11430729,-3798387.23400808,17,6.50680520383092,43.4992215007642,6.50680520383092
15605,144.2902782,-34.30067688,1124579.77309721,-3798390.2053151,10,-0.493194796169083,43.4992215007642,0.493194796169083
15608,147.9808451,-32.88221212,1480462.03217283,-3678687.11713546,31,-0.441000154190728,72.2629819456631,0.441000154190728
15613,140.18546,-34.23503,750094.240248794,-3760977.75311017,5.715476066,-4.7988090205908,16.7249721763388,4.7988090205908
15615,149.1903415,-32.28141683,1600866.09020718,-3626677.12103955,22,-1.55842493981999,71.4524403970495,1.55842493981999
15616,149.1967093,-32.27164732,1601602.13859995,-3625674.21546182,21,-0.836889994389992,71.4524403970495,0.836889994389992
15619,149.2021948,-32.30052823,1601676.34276019,-3628943.68023211,21,-3.74105627972467,71.4524403970495,3.74105627972467
15620,149.2003903,-32.28385743,1601759.59690442,-3627073.55371905,23,0.547664964298662,71.4524403970495,0.547664964298662
15627,149.2051112,-32.27450402,1602337.01178,-3626096.16555172,21,-2.9288965349575,71.4524403970495,2.9288965349575
15631,149.2965218,-32.28304683,1610669.3193192,-3628192.34134032,36,7.51966897681241,59.457827780688,7.51966897681241
15632,149.2626191,-32.28966534,1607431.81101501,-3628498.7719345,29,-1.37548529189874,73.4303864992073,1.37548529189874
15639,147.4618975,-32.92143959,1432096.61807184,-3677121.37276474,23,0.615010910592154,217.068324489185,0.615010910592154
15640,147.4360553,-32.96016651,1429193.26191153,-3681127.02817728,28,-7.37816501402087,287.215527040555,7.37816501402087
15643,144.4359983,-34.21781573,1138768.94252537,-3790490.13963244,20,5.29094643473618,45.1321574902682,5.29094643473618
15648,141.50257,-34.42787,868986.841292123,-3790759.45604488,19.34061755,2.09934876329,73.1349816185098,2.09934876329
15649,141.49928,-34.40254,868896.156859097,-3787923.05646745,8.98146239,-6.96899986258063,73.1349816185098,6.96899986258063
15650,141.26171,-34.37678,847412.146868092,-3783465.10822853,12.24744871,-0.15424098582792,44.2600080199135,0.15424098582792
15652,139.16983,-33.79271,659895.539201691,-3706144.154032,4.082482905,-9.25023911910785,50.8747328392703,9.25023911910785
15653,139.165,-33.82821,659229.498878203,-3710072.79979969,19.59591794,4.89916057924308,49.5105037262051,4.89916057924308
15657,141.10337,-34.39725,832787.000110065,-3784698.55254917,12.24744871,-1.85669528490842,46.252847070612,1.85669528490842
15666,149.5350611,-32.29606111,1632544.48875718,-3632662.08057511,14,-14.2032333268076,71.7430797459894,14.2032333268076
15670,145.3719901,-34.07576681,1225830.11826808,-3783399.01735851,24,7.196633040202,44.765972185237,7.196633040202
15672,145.3275095,-34.09377203,1221558.32596584,-3784969.26707285,14,-11.8180221124699,44.7015331147581,11.8180221124699
15677,145.400159,-34.02652254,1228977.7433614,-3778209.54302755,25,4.58225909937303,44.0317414411068,4.58225909937303
15681,147.4830663,-33.02818668,1432605.96914648,-3689196.64759664,35,-0.50512332103505,281.002510905062,0.50512332103505
15683,140.41576,-34.35702,770273.406663162,-3775912.94971656,1.632993162,-8.01746854358397,17.0188119634246,8.01746854358397
15685,140.46838,-34.40082,774759.324373851,-3781100.29775399,6.531972647,-5.45943607753685,17.0188119634246,5.45943607753685
15690,149.6688655,-31.98324542,1649746.6260484,-3599721.28847969,29,0.338168756580995,153.928250357568,0.338168756580995
15691,149.6731306,-32.06913056,1648817.3531442,-3609293.10922702,16,-9.59086811705158,161.554964588031,9.59086811705158
15698,144.5179784,-34.24959698,1145905.43592037,-3794748.19990322,10,-3.45905489479193,44.7427815221668,3.45905489479193
15702,144.5697102,-34.24471996,1150679.13511656,-3794672.2817343,7,-5.26454638109644,51.4311767744831,5.26454638109644
15705,144.5262521,-34.30958155,1146006.04317486,-3801474.73669292,10.03110457,-5.16705320431644,41.7016498350786,5.16705320431644
15707,145.1474002,-34.13371113,1204651.41416543,-3787687.36617999,30,8.62170793308276,44.2763815282927,8.62170793308276
15712,145.1707655,-34.13986855,1206714.07938617,-3788590.60028364,25,1.1766455272735,44.2763815282927,1.1766455272735
15713,145.2049411,-34.16730709,1209518.56465428,-3791955.94925795,26,5.91528909900273,39.0468930877314,5.91528909900273
15718,140.57206,-34.34354,784658.574060427,-3775365.52302617,7.348469228,-0.93692357610617,20.1504532664392,0.93692357610617
15719,140.58891,-34.31291,786427.920214143,-3772063.91822635,6.531972647,-1.9543234468692,20.1694041512537,1.9543234468692
15720,140.5431,-34.34187,782024.06223447,-3775002.29889333,15.51343504,6.45933173188869,20.2113052531798,6.45933173188869
15721,140.53327,-34.32946,781217.86626855,-3773562.49982656,4.898979486,-6.52681838059063,17.0850328232284,6.52681838059063
15725,140.54212,-34.31318,782148.072755158,-3771806.69391401,4.082482905,-4.49625736409,20.2113052531798,4.49625736409
15726,140.58164,-34.36006,785410.63174954,-3777260.86793609,9.797958971,0.541689189758953,20.1504532664392,0.541689189758953
15729,140.54608,-34.40398,781833.890317745,-3781924.91255282,8.164965809,-2.76279672804371,20.1577641212687,2.76279672804371
15730,140.56875,-34.39703,783956.629780364,-3781291.30040236,7.348469228,-1.55899235454571,20.1504532664392,1.55899235454571
15734,140.51203,-34.36791,778991.009869788,-3777707.32279138,8.164965809,-3.46342943737869,17.0188119634246,3.46342943737869
15735,140.58033,-34.37124,785207.322943192,-3778495.62124371,13.06394529,1.03114716588316,20.1504532664392,1.03114716588316
15737,140.58044,-34.39739,785021.851017687,-3781403.09944634,1.632993162,-9.95443644237987,20.1504532664392,9.95443644237987
15738,141.5975,-34.4825,877194.97581103,-3797476.59039856,20.4168287,4.54928738695356,53.8527555548764,4.54928738695356
15742,148.379764,-33.05847361,1514699.826842,-3702896.90012918,28,1.19901299990548,48.5158243399393,1.19901299990548
15744,148.3670947,-33.07033811,1513365.35084205,-3704061.13217527,27,-0.00738369725534938,46.865407746553,0.00738369725534938
15748,148.5757611,-32.42740278,1541848.12024551,-3635300.49388453,17,-5.25357836622407,78.3679210346721,5.25357836622407
15751,147.5586466,-33.17269722,1437603.87218927,-3706067.26698091,24,-2.62824322515245,185.272264551019,2.62824322515245
15752,144.7163147,-34.19371517,1164620.6522824,-3790344.0614826,22,7.13217405817863,53.0912725823453,7.13217405817863
15754,140.72515,-34.27621,799162.319590039,-3768829.2000813,4.898979486,-6.05738228578079,18.1540773559357,6.05738228578079
15757,140.39669,-34.24498,769350.451150599,-3763340.41322488,1.788854382,-11.1147126481365,13.7681795175055,11.1147126481365
15758,140.37639,-34.22393,767646.827070814,-3760877.41014161,2.449489743,-8.38120267031941,12.5014498017085,8.38120267031941
15760,140.37869,-34.27188,767507.098503078,-3766223.43776083,5.715476066,-3.25322253641716,13.659847908512,3.25322253641716
15764,140.38607,-34.26582,768226.44928616,-3765593.93344147,3.265986324,-5.18466369794553,13.659847908512,5.18466369794553
15767,150.3052134,-31.69228795,1713411.83325616,-3575859.90338975,21,-9.929159561546,68.4937082888562,9.929159561546
15769,146.6627528,-33.66182778,1348946.28372537,-3750516.19644783,16,-6.03630304801384,61.0075008573319,6.03630304801384
15773,144.7610582,-34.26308925,1167933.86567249,-3798445.70191705,22,1.12465885348152,76.6989866808824,1.12465885348152
15775,141.79917,-34.48083,895605.731998592,-3798690.34703862,6,-10.7274336857565,48.1355564566845,10.7274336857565
15792,151.0480507,-30.80008227,1797278.66178278,-3487220.91172243,44,2.421507401719,121.498133401051,2.421507401719
15794,151.0469213,-30.80786837,1797043.31898554,-3488067.64933263,33,-6.07272822295765,120.852955150231,6.07272822295765
15798,151.0124999,-30.88420215,1792551.80688598,-3496040.96325719,55,12.3110701463353,96.4843675453,12.3110701463353
15801,151.0307747,-30.80631588,1795557.01863122,-3487668.61908915,33,-11.3165538803938,140.336181034056,11.3165538803938
15814,151.0163221,-30.88905086,1792828.9568178,-3496631.76600958,35,-7.37460178953599,80.7768580303561,7.37460178953599
15816,150.9785234,-30.89132905,1789253.86049254,-3496354.25181892,50,7.73745133596568,92.1370722400295,7.73745133596568
15817,150.9751937,-30.93278603,1788255.01721006,-3500900.57151239,23,-13.6560820701394,87.4548790337757,13.6560820701394
15818,151.03625,-30.7945455,1796265.54923564,-3486441.51669823,51,10.5153577252813,116.346691938207,10.5153577252813
15820,150.9675012,-30.88880703,1788264.15204659,-3495920.50859997,29,-13.2461566078261,86.4489791727396,13.2461566078261
15821,150.983136,-30.92232902,1789171.41446393,-3499853.28035834,33,-13.3214275490084,87.4548790337757,13.3214275490084
15831,151.0283731,-30.79495811,1795520.92872409,-3486376.50367578,41,3.522564024825,126.222369831907,3.522564024825
15832,151.0332722,-30.82581192,1795466.71189497,-3489863.70812072,27,-4.52201924627167,149.238404414038,4.52201924627167
15833,146.8646986,-33.35737815,1371386.23954464,-3718913.61674226,15,-8.74427371512534,152.505883960132,8.74427371512534
15836,144.8567983,-34.27060815,1176582.64346062,-3800157.87873034,21,1.78693757283919,77.186115600773,1.78693757283919
15837,144.8377984,-34.26572108,1174904.3729117,-3799441.166772,24,5.44922206217574,76.1318357055901,5.44922206217574
15841,145.4598662,-34.05713347,1234074.57765584,-3782179.12275925,23,4.35852281249223,44.0089911600924,4.35852281249223
15846,142.36459,-34.37676,948112.092232634,-3791213.06516106,18.77942136,3.3034930952111,36.4579016761685,3.3034930952111
15850,151.3504,-31.03318,1821650.15805608,-3517320.80054853,27,-1.86067059620967,42.3872426962855,1.86067059620967
15857,142.2735061,-34.27070964,940747.35452778,-3778761.62260471,19.79898987,3.74024715745443,28.499331532394,3.74024715745443
15863,150.7489504,-31.31932786,1760757.15409013,-3540578.72136656,47,10.0902626454747,149.804063500216,10.0902626454747
15864,150.7584447,-31.39031526,1760479.48750386,-3548572.50938096,53,21.9184103569288,155.717732525636,21.9184103569288
15865,150.741581,-31.40518982,1758664.76549465,-3549987.75998935,21,-4.21815054091543,155.717732525636,4.21815054091543
15868,150.7595774,-31.37759957,1760793.33449348,-3547179.71618542,24,-12.926845974225,155.717732525636,12.926845974225
15873,150.7512032,-31.40077721,1759633.45183559,-3549631.51218166,54,27.2188550732252,155.717732525636,27.2188550732252
15874,144.984679,-34.26479034,1188311.22856176,-3800696.46806728,13,-3.77974223910223,47.8273378361106,3.77974223910223
15877,147.0951976,-33.27873516,1393588.35168255,-3712687.84976061,27,2.05291072073766,280.651861369766,2.05291072073766
15879,147.0957432,-33.32612542,1393014.72819664,-3717948.10028415,38,9.13253904428767,257.841294804218,9.13253904428767
15881,147.0349351,-33.31375494,1387591.5852273,-3715914.80840396,22,-4.79533324324424,274.899217991749,4.79533324324424
15883,145.2164607,-34.1585843,1210670.35077502,-3791097.9850615,26,6.59917179043285,39.0468930877314,6.59917179043285
15887,139.45763,-34.40388,682379.631648735,-3775676.37354297,23.67840085,5.46818138105841,40.8092311827007,5.46818138105841
15894,150.144605,-31.56602927,1700480.62121654,-3559724.97791343,14,-11.717584696884,56.344994913168,11.717584696884
15895,150.1536061,-31.56995435,1701256.28028881,-3560279.76819521,21,-6.57171735190055,56.344994913168,6.57171735190055
15897,147.7674249,-33.09711791,1457836.53084854,-3700055.43526889,23,-12.6373984296993,42.1445996767221,12.6373984296993
15902,147.7307977,-33.07388612,1454785.88033591,-3697062.74909439,22,-2.362722160832,42.5038226599096,2.362722160832
15903,144.01856,-34.35132409,1099261.24179467,-3801643.11650382,19,2.67046647423279,39.2748506693879,2.67046647423279
15905,139.57004,-34.24811,693681.136157823,-3758955.2264829,7.348469228,-9.34161385536881,31.357186419698,9.34161385536881
15906,144.1282938,-34.26793541,1110148.64472396,-3793341.59938736,19,4.94857134875193,57.638405593485,4.94857134875193
15907,144.1173223,-34.31034224,1108699.86361856,-3797950.59010362,8,-8.44358580171263,58.1757765779381,8.44358580171263
15912,151.6816474,-29.29618887,1882464.70897191,-3329693.2721667,39,4.49309478291097,242.726912873195,4.49309478291097
15913,151.7552586,-29.24424677,1890346.41587047,-3325024.04365819,56,2.33939694285968,262.261479133549,2.33939694285968
15920,151.7108086,-29.2678574,1885719.98677296,-3326983.60799584,56,13.7208804603687,338.308244106176,13.7208804603687
15922,151.7594169,-29.24840962,1890669.21677123,-3325546.88163387,53,4.42607429114128,262.261479133549,4.42607429114128
15923,151.7063634,-29.23507398,1885862.98941837,-3323284.90661007,39,0.0471485303543275,301.056319714454,0.0471485303543275
15925,151.6891169,-29.29977286,1883111.76922948,-3330200.53699137,26.0887907,-6.8303707610475,242.511137891369,6.8303707610475
15929,151.6913756,-29.25148352,1884157.52338717,-3324882.31172568,33,-9.24653125756234,370.401431568462,9.24653125756234
15937,151.6943272,-29.23006577,1884806.53376898,-3322552.26019634,33.99448485,-9.92534043598935,298.812681931275,9.92534043598935
15938,151.69303,-29.22689456,1884737.97989224,-3322181.67665187,26.87936011,-21.147462471738,297.233307288391,21.147462471738
15939,151.6898087,-29.30203573,1883138.45152914,-3330461.50763099,37.94733192,10.3648756958313,242.511137891369,10.3648756958313
15940,151.6891472,-29.233688,1884252.36244269,-3322877.28007316,69,23.149733525025,298.812681931275,23.149733525025
15942,151.7005302,-29.2561886,1884945.47364524,-3325538.78150969,37,-16.5627620771853,338.308244106176,16.5627620771853
15949,151.6828963,-29.31407425,1882275.40148985,-3331693.76255474,34,7.44759591563234,226.410331582742,7.44759591563234
15950,151.7088639,-29.2497989,1885846.62241084,-3324953.65389644,68,33.101365703344,387.729964990516,33.101365703344
15953,151.7177561,-29.23896496,1886877.497222,-3323884.32741463,69,32.478325896962,303.688890019765,32.478325896962
15956,152.3534,-27.96339,1969897.30015937,-3192147.16628794,41.35408,8.239472209236,146.233578116629,8.239472209236
15959,151.1129142,-30.70433621,1804952.0796351,-3477527.52273157,16,-9.03619141006634,136.026416235656,9.03619141006634
15960,151.085023,-30.70252038,1802368.05632495,-3476932.57087046,17,-9.88694199731867,114.889068050043,9.88694199731867
15964,151.0284164,-30.78618141,1795670.89890872,-3485404.70419014,54,18.6234858419663,120.623976681649,18.6234858419663
15966,151.0247406,-30.75694269,1795812.60547733,-3482113.49004464,30,-2.344678763972,119.416843686271,2.344678763972
15967,151.0547945,-30.79057635,1798068.50324018,-3486262.6366378,38,4.12200184345766,123.626378676764,4.12200184345766
15971,151.0249821,-30.78142019,1795428.35351266,-3484828.91637669,63,27.7109211786343,120.623976681649,27.7109211786343
15972,151.0350902,-30.78067174,1796387.65664205,-3484888.08496193,45,10.8951659146687,126.150714605953,10.8951659146687
15974,151.1538619,-30.73383847,1808296.31788882,-3481375.06669927,33.20391543,6.23565294245402,90.5159329583073,6.23565294245402
15979,151.0261584,-30.75400541,1795994.27459096,-3481807.97497284,49,15.817947030084,119.416843686271,15.817947030084
15980,151.0388333,-30.78723255,1796629.14852131,-3485667.61796203,46,10.4916392858743,125.848379864893,10.4916392858743
15982,151.1462006,-30.7358041,1807545.56517778,-3481484.40927477,13.43968006,-10.140599395238,88.5002783583559,10.140599395238
15986,151.152484,-30.73490141,1808149.42090379,-3481473.32072567,15.02081889,-9.4862034501312,90.5159329583073,9.4862034501312
15988,140.58988,-34.43407,785609.674559121,-3785538.13833844,2.449489743,-10.1622637580255,25.2266674837306,10.1622637580255
15989,140.57595,-34.44119,784284.384106449,-3786243.90689152,0.894427191,-10.8263419593138,25.2607614152952,10.8263419593138
15990,140.58743,-34.42067,785486.204650724,-3784033.6942038,4.898979486,-8.08668816657694,25.2266674837306,8.08668816657694
15998,149.3496484,-32.19586437,1616906.23830222,-3619202.15313254,20,-6.40127924524216,75.3298721590391,6.40127924524216
16002,149.3198426,-32.27043677,1613018.26957064,-3627089.21756025,35,8.38777420006701,61.9558347323987,8.38777420006701
16004,149.3122018,-32.2696661,1612322.67843131,-3626907.36715543,29,1.55463672306933,59.457827780688,1.55463672306933
16005,149.3762987,-32.22311492,1618961.32281931,-3622559.47640061,22,-4.956696672235,61.7381288381673,4.956696672235
16015,139.95709,-34.34102,728459.319735728,-3771443.52275411,13.06394529,0.889144591255814,14.9122520438857,0.889144591255814
16017,139.95029,-34.39697,727449.925591293,-3777626.2968322,18.77942136,6.28319630529233,12.3090981386843,6.28319630529233
16018,140.00195,-34.39983,732150.698353792,-3778239.40460229,16.32993162,1.23689606238571,12.3090981386843,1.23689606238571
16019,139.91222,-34.31383,724544.319993152,-3768164.58971481,6.531972647,-5.16524515669652,15.5159940672818,5.16524515669652
16020,140.40187,-34.3419,769114.635837348,-3774148.26645751,7.348469228,-2.3128720780783,16.371755915692,2.3128720780783
16025,145.0140398,-34.24188995,1191248.45370262,-3798431.04351126,14,-11.8083834182081,51.8511281286544,11.8083834182081
16028,145.1054126,-34.26374151,1199333.69886215,-3801708.39955816,10.03110457,-13.4125775728332,46.4594985822979,13.4125775728332
16030,145.0997582,-34.23363729,1199161.45575007,-3798318.05007652,25,-2.27222147232775,51.1534410700324,2.27222147232775
16032,145.0698566,-34.26517015,1196074.92980684,-3801533.43538554,26,3.57019407514021,49.7855409874133,3.57019407514021
16036,144.0718114,-34.27487748,1104921.03893643,-3793622.08362539,8,-5.64044613223339,57.638405593485,5.64044613223339
16037,144.0175904,-34.39306187,1098736.04198873,-3806264.34409858,13,-3.9794577451293,37.1762533491448,3.9794577451293
16038,144.0081676,-34.39995255,1097805.03070035,-3806947.61821601,12,-4.33880861136067,39.6923238293473,4.33880861136067
16039,144.0353731,-34.32972963,1101020.81170607,-3799392.48364399,20,7.41926103209283,57.638405593485,7.41926103209283
16046,148.4187812,-32.95341285,1519792.19749554,-3691720.55129004,38,5.45623611391436,30.8743175532529,5.45623611391436
16052,148.3976686,-32.93741603,1518077.43404032,-3689697.07673249,31,-5.11157190045768,30.3959108975587,5.11157190045768
16055,148.4059318,-32.95265619,1518620.17588421,-3691483.91575459,31,-3.10640910903299,30.8743175532529,3.10640910903299
16058,144.3664695,-34.34440836,1131058.73834708,-3803912.92842441,8,-6.86293497638487,56.868214400194,6.86293497638487
16059,144.3210389,-34.36115405,1126736.83164603,-3805368.55050504,10,-3.63879921032303,58.1883568077768,3.63879921032303
16061,144.286323,-34.38022101,1123367.95110664,-3807177.30198133,11,-2.6153552362893,57.7749058076589,2.6153552362893
16063,140.31491,-34.34292,761158.150848972,-3773740.86364722,7.348469228,-4.74456347884515,14.611373958552,4.74456347884515
16065,149.6240224,-31.86660829,1647380.89553474,-3586216.21215828,76,45.681078621106,147.943044873446,45.681078621106
16067,149.6765027,-31.82185048,1652945.90429815,-3581933.24731247,41,10.6574262333447,148.01183821169,10.6574262333447
16068,149.6040744,-31.90872598,1644880.75456129,-3590627.30860175,38,6.586285889625,127.145818788913,6.586285889625
16074,144.4116741,-34.3432726,1135192.51217668,-3804187.91748923,10,-3.5662171806761,57.8037192352347,3.5662171806761
16076,144.47163,-34.31415409,1140975.0176641,-3801492.90706716,13,-1.45413669482556,60.5189405540282,1.45413669482556
16077,144.4405362,-34.40521839,1137152.95674222,-3811313.50825137,10,-4.50716651945274,60.0573829862774,4.50716651945274
16080,147.2215319,-33.35274493,1404214.33708408,-3722276.19426322,13,-13.4992405895483,223.928440426015,13.4992405895483
16081,140.18544,-34.39106,748979.233458698,-3778327.96410801,8.164965809,-5.58406179691655,16.97118832394,5.58406179691655
16083,140.17678,-34.39998,748124.354262391,-3779268.93855445,16.32993162,2.96083820554206,17.463443339374,2.96083820554206
16087,140.09053,-34.37988,740385.342462684,-3776531.70406241,5.715476066,-5.07354384978317,16.4602222432986,5.07354384978317
16090,145.211468,-34.29066414,1208695.11205108,-3805692.15352001,9,-10.8660386294134,52.3705155717987,10.8660386294134
16092,145.1888816,-34.24714146,1207135.8821938,-3800654.38753833,25,2.38488119412583,53.8053871702864,2.38488119412583
16099,150.0053635,-31.74595843,1684689.0206569,-3577818.45223969,38,-1.64129106923333,69.7521847531959,1.64129106923333
16104,150.0544171,-31.74757431,1689222.74238709,-3578645.22938537,40,-0.611925218773351,67.0034735198412,0.611925218773351
16107,150.038541,-31.75736781,1687592.97360843,-3579520.5499376,50,15.3713259583737,67.0034735198412,15.3713259583737
16113,150.087566,-31.76424282,1692040.28561974,-3580930.74170544,49,10.567270137098,68.737202010009,10.567270137098
16116,150.0114931,-31.76494071,1684960.22028376,-3580002.64062815,46,5.57116021547768,69.7521847531959,5.57116021547768
16118,150.0150638,-31.76056128,1685360.92401843,-3579564.479489,31,-10.9655328805573,69.7521847531959,10.9655328805573
16119,149.9857617,-31.74288487,1682915.36639046,-3577219.52466468,36,-3.58136437102298,70.5568755530656,3.58136437102298
16123,150.088909,-31.76112666,1692214.29274253,-3580603.27410304,40,-4.86470052926132,68.737202010009,4.86470052926132
16127,147.3354396,-33.34797976,1414735.90741952,-3723004.69713242,20,-5.25449588063967,133.494868334539,5.25449588063967
16131,147.3334862,-33.39939768,1413869.27714187,-3728681.91727088,12,-13.9352364911454,104.356135747381,13.9352364911454
16132,147.3345443,-33.39488497,1414026.69516327,-3728193.48823678,15,-11.2738185735171,112.759333846152,11.2738185735171
16134,147.3198853,-33.3823681,1412848.60767506,-3726644.04284621,48,21.3004720296657,112.447149574921,21.3004720296657
16139,148.0583536,-32.92590395,1486992.65460616,-3684430.58381797,18,0.960214415500673,73.4168720073398,0.960214415500673
16147,141.21278,-34.5,841954.038205614,-3796832.02460456,16.51939313,1.05618121670509,54.527379278099,1.05618121670509
16150,145.4578468,-34.17737481,1232480.76322184,-3795489.09960037,22,1.63151465160297,40.9793428400738,1.63151465160297
16153,145.4311874,-34.20909352,1229677.30186637,-3798747.89009705,21,-0.517192327779398,45.574419777963,0.517192327779398
16157,147.858254,-32.9864429,1467722.06095638,-3688827.29677332,29,-0.758949896023985,39.9340168355171,0.758949896023985
16159,147.7810851,-32.98984492,1460569.50791079,-3688320.04150583,36,10.4000496437013,38.7599436079618,10.4000496437013
16166,142.4410073,-34.47182589,954222.387331205,-3802337.26851807,12.24744871,-4.76781318978614,53.490609929566,4.76781318978614
16170,142.4729684,-34.4979406,956898.648224593,-3805475.37508207,12,-10.4552869848097,53.490609929566,10.4552869848097
16175,150.5257613,-30.54509658,1752477.33114285,-3451702.86564223,38,1.27222171491182,98.8273615816637,1.27222171491182
16188,139.09396,-33.58182,654225.69277546,-3682261.40319149,9.797958971,-3.99833715238247,85.6974615930263,3.99833715238247
16190,139.10003,-33.55822,654931.200613038,-3679662.89691616,8.98146239,-4.49589545476143,85.6974615930263,4.49589545476143
16193,144.8262424,-34.38874795,1172476.39636812,-3812974.04288052,11.36858518,-7.57814411131264,77.2726701553363,7.57814411131264
16194,144.7887507,-34.33180737,1169694.66808117,-3806318.14122693,10.03110457,-11.9168251613526,72.2544700955258,11.9168251613526
16196,141.0728,-34.4094,829899.085790332,-3785849.77584656,42.45782221,25.3596723057275,46.582345047602,25.3596723057275
16197,141.795,-34.5803,894376.816545314,-3809706.91062335,35.10935298,19.0309105144863,62.5491052409992,19.0309105144863
16198,142.38376,-34.4951,948791.538346595,-3804494.69032768,23.67840085,3.83054707428724,55.3723753079745,3.83054707428724
16211,151.1458265,-31.40457908,1796327.0248331,-3555544.49669253,23,-12.8537799522403,103.228825058892,12.8537799522403
16215,151.1513714,-31.46607026,1795815.19472034,-3562429.77484207,55,22.3766440700073,102.993963383742,22.3766440700073
16223,147.090853,-33.46973311,1390676.31817552,-3733814.29712357,40,18.8164991289547,76.9886823359732,18.8164991289547
16228,147.8121579,-33.29977812,1459157.45318266,-3723024.99371953,13,-4.657828414959,60.0188654031321,4.657828414959
16231,143.4118773,-34.43714419,1043070.52949002,-3806077.24746021,7,-3.60375186424856,31.4019850345526,3.60375186424856
16232,143.449317,-34.46091211,1046246.49101011,-3809020.40518798,9,-2.91936265280746,31.9226208522597,2.91936265280746
16234,143.4255964,-34.43895522,1044303.12383954,-3806390.2616662,7,-3.24249658106519,31.4019850345526,3.24249658106519
16235,143.4270438,-34.4385839,1044438.75852464,-3806360.89535839,11,0.703989635861678,31.4019850345526,0.703989635861678
16238,144.9618532,-34.33619206,1185423.62350244,-3808399.74678656,1.33748061,-20.2705346882913,54.1671505322904,20.2705346882913
16247,148.4863039,-33.12038249,1523607.55885487,-3711021.46980638,39,6.87964286177768,61.8896939156489,6.87964286177768
16248,148.4932657,-33.05671535,1525162.87669027,-3704052.47471291,32,-0.457659020456703,46.3033218725598,0.457659020456703
16251,148.4908319,-32.99233018,1525864.87079922,-3696891.05014146,48,13.3804267840037,44.7932720278457,13.3804267840037
16258,148.4872406,-32.98240687,1525677.08809922,-3695748.81750752,36,2.38412130341536,44.7932720278457,2.38412130341536
16261,150.7598534,-31.26271064,1762701.32444848,-3534457.40357127,43,6.85636363452035,156.277812699327,6.85636363452035
16263,150.7680707,-31.23777834,1763876.55686355,-3531808.89643046,49,15.1889636092349,136.258663392664,15.1889636092349
16265,150.7497351,-31.20176776,1762755.44600855,-3527566.52900508,31,-3.08876053642851,97.8478549413951,3.08876053642851
16266,150.7672602,-31.24679298,1763653.17151667,-3532796.32498613,33,-3.78823350131255,156.277812699327,3.78823350131255
16268,150.7482691,-31.26431144,1761594.46319758,-3534474.95128811,33,-8.47212571751102,135.969461144706,8.47212571751102
16270,150.7150492,-31.26308758,1758515.49319064,-3533881.71167425,19,-13.0380975361117,181.018630185075,13.0380975361117
16271,150.7540628,-31.18648283,1763409.76489625,-3525932.90984532,38,7.05999148498757,100.519551788716,7.05999148498757
16273,150.6888388,-31.30450466,1755394.27038397,-3538109.4699586,45,9.49137879107735,159.334173304449,9.49137879107735
16274,150.7269504,-31.20330063,1760603.6442379,-3527422.16128673,23,-5.54515381252269,98.8413602707387,5.54515381252269
16281,150.7249818,-31.20181366,1760444.21447861,-3527230.29557531,31,6.49639299768707,98.8413602707387,6.49639299768707
16282,150.7050344,-31.30113341,1756959.67386563,-3537958.63657428,13,-12.6943013998459,142.619562419282,12.6943013998459
16286,146.0117944,-33.64425,1289519.91896565,-3741845.27818238,29,8.43665378999609,35.892883689652,8.43665378999609
16289,151.7898651,-28.97899437,1898221.40347444,-3296142.28708291,47,9.52698553970666,103.151760452659,9.52698553970666
16293,151.7790788,-28.97979934,1897181.15278899,-3296071.27470351,20,-13.0886176139544,103.151760452659,13.0886176139544
16301,151.837159,-28.94932553,1903235.95823774,-3293558.04289886,23,0.441764034498327,155.768213316062,0.441764034498327
16309,151.756363,-29.21758063,1890911.89702832,-3322085.36707152,82,27.588422126759,303.688890019765,27.588422126759
16315,144.0725135,-34.43890082,1103260.75655939,-3811821.55026699,14,2.32586111316433,39.9449995181052,2.32586111316433
16321,144.1132632,-34.44103807,1106951.02809672,-3812411.05691709,31,19.9219853558717,61.6621372180504,19.9219853558717
16325,143.8190409,-34.47986837,1079742.12600277,-3814199.4680349,8.164965809,-7.6115872259541,38.1225403885983,7.6115872259541
16327,145.8956681,-33.9973788,1274599.30550173,-3779833.72877433,19,-0.0295689978444855,38.4312849029847,0.0295689978444855
16338,146.9592421,-33.4467412,1378903.44075662,-3729839.09890567,22,-0.604805577697636,92.4264481706127,0.604805577697636
16339,139.78394,-34.54737,711227.888125196,-3793410.68761786,5.715476066,-9.38772825007294,25.1774965358754,9.38772825007294
16340,139.77631,-34.5473,710532.061775492,-3793360.45009014,4.082482905,-12.3746788735904,25.1774965358754,12.3746788735904
16343,150.3174317,-31.8197132,1712509.93862829,-3590138.41751252,35,-1.57593386696701,56.4131421697302,1.57593386696701
16356,149.681554,-32.49692044,1642997.87492278,-3656786.69779824,39,18.9204612050002,92.0529477221823,18.9204612050002
16358,149.6800635,-32.4814702,1643098.54850209,-3655056.67326724,36,13.4648775119731,91.8149037439551,13.4648775119731
16364,139.62119,-34.34052,697748.805624862,-3769512.99634639,11.43095213,-0.561795254657666,34.6899665058786,0.561795254657666
16369,139.298,-34.14593,669430.569253318,-3746134.71713931,22.86190427,5.88402516719188,38.0840040303751,5.88402516719188
16370,139.23226,-34.14309,663424.757622347,-3745475.73344317,8.98146239,-6.62873500906076,35.9700162715742,6.62873500906076
16371,139.30097,-34.08499,670090.71324771,-3739368.12133944,17.1464282,-2.18628407094132,31.1120458633786,2.18628407094132
16372,139.20864,-34.1064,661491.019329749,-3741269.86895487,8.98146239,-5.10489232261593,42.5817810304566,5.10489232261593
16374,144.2714879,-34.45598294,1121206.2667197,-3815448.03198416,9,-4.88175783200693,58.3832303489453,4.88175783200693
16377,147.7102403,-33.04874888,1453238.73713441,-3694042.20944202,12,-5.2433347549706,69.4259830544887,5.2433347549706
16379,148.5354861,-32.57773333,1535953.51747829,-3651481.37887833,17,-13.809537924985,48.6088749263728,13.809537924985
16387,148.8805382,-33.31300314,1556997.72225273,-3737101.15913964,15,-7.71038426936031,41.4625706204631,7.71038426936031
16391,140.05859,-34.42259,737166.380205108,-3781095.64558593,14.69693846,0.0278161270301744,18.2492704109497,0.0278161270301744
16397,139.39258,-34.23154,677544.745231812,-3756159.39273772,18.77942136,3.01924649353413,37.8204567534924,3.01924649353413
16401,148.2779139,-32.86346944,1508100.81478349,-3680084.21646659,31,6.78423209320821,54.805204294569,6.78423209320821
16406,148.4103245,-32.85122885,1520476.2012614,-3680297.12633688,26,-1.32291528540766,41.800942811019,1.32291528540766
16408,147.6198833,-33.44970933,1439461.92641557,-3737455.1155984,6,-15.397084175513,92.056351253427,15.397084175513
16410,147.6239764,-33.44582846,1439890.09220752,-3737071.28545919,37,12.9388670083063,92.8659617296115,12.9388670083063
16411,147.5504409,-33.37629266,1434089.2041706,-3728539.62611582,37,13.6992607110643,94.9748643209121,13.6992607110643
16414,149.5043523,-32.6680319,1624023.10499171,-3673467.791367,26,-1.72161480345732,92.252815951236,1.72161480345732
16415,144.541519,-34.37351962,1146700.07346216,-3808701.47509124,24,6.37418167033217,42.475432870718,6.37418167033217
16416,141.26043,-34.53967,845981.170092731,-3801553.56229221,17.1464282,0.572829056339856,57.8711052495226,0.572829056339856
16417,141.22472,-34.515,842922.807516408,-3798577.10232231,28.69157755,7.63061570368304,54.527379278099,7.63061570368304
16418,141.3525,-34.5675,854150.52476291,-3805257.32859461,17.1464282,1.4026285736908,77.4861444796939,1.4026285736908
16420,139.43574,-34.42618,680234.433168838,-3778039.69137453,25.31139401,6.22302746158855,44.7937458651223,6.22302746158855
16422,146.0430796,-33.88678451,1289419.52879098,-3769053.77437587,15,-8.9999334183562,46.784504469725,8.9999334183562
16425,144.5910226,-34.36291083,1151327.967561,-3807970.44858319,41,21.4732126042161,50.8307020603896,21.4732126042161
16428,144.7025215,-34.54525995,1159473.70407902,-3829191.74344222,25,7.11624826406477,60.9764228931276,7.11624826406477
16430,144.5564011,-34.37324089,1148059.44387933,-3808804.22747995,21,2.63143785138421,42.3274706593725,2.63143785138421
16434,144.6110616,-34.50572955,1151586.46095194,-3823983.39655739,25,7.36091452299566,49.0785860894911,7.36091452299566
16437,142.40579,-34.5664,950153.949358155,-3812573.08231761,19.88176822,-1.5337580095897,67.8647208546118,1.5337580095897
16440,142.39028,-34.59,948527.346970236,-3815077.26340298,28,8.5476078639333,67.8647208546118,8.5476078639333
16447,142.38024,-34.50241,948404.533372349,-3805280.06669238,24.49489743,1.67113699295605,55.3723753079745,1.67113699295605
16448,142.37222,-34.5775,946995.1686924,-3813555.87495411,31.11269837,5.32453791642899,56.2969726005457,5.32453791642899
16451,145.421989,-34.22043651,1228705.6834445,-3799916.60051602,19,-2.5938314091877,45.574419777963,2.5938314091877
16452,145.3715057,-34.21853193,1224123.32448494,-3799220.8778184,23,2.32210676436888,45.574419777963,2.32210676436888
16454,145.4024771,-34.17239199,1227486.77194961,-3794403.69991747,21,0.237328929889269,45.574419777963,0.237328929889269
16457,145.4643075,-34.21957622,1232575.45295917,-3800228.89567863,10,-10.7362616197112,54.1881576215745,10.7362616197112
16458,145.4847267,-34.27344768,1233805.25412517,-3806396.25216091,24.97334942,5.55052174840872,54.2968420790852,5.55052174840872
16469,140.15525,-34.49401,745488.99588361,-3789596.11730015,4.898979486,-9.0174274108528,14.3138863358988,9.0174274108528
16474,140.10872,-34.47187,741397.735769565,-3786864.264982,10.61445555,-3.15777648249965,16.1766004673131,3.15777648249965
16475,140.15499,-34.49525,745456.450783962,-3789732.43335807,4.082482905,-10.3390422519549,14.3138863358988,10.3390422519549
16477,140.10353,-34.42449,741258.388976741,-3781566.91188496,13.88044188,0.296743216725657,18.9052325341559,0.296743216725657
16483,142.4159694,-34.57636111,950991.030584604,-3813754.44397632,18,0.231962302431441,67.9892302782899,0.231962302431441
16484,142.41389,-34.59028,950675.391592513,-3815283.83230048,18,-5.49021432618435,72.8729847954746,5.49021432618435
16485,142.42306,-34.59361,951480.435611386,-3815721.68860787,26,3.76324366390598,64.6157923200741,3.76324366390598
16487,142.4718382,-34.53543489,956453.700821032,-3809628.89582326,18.77942136,-0.121240922334202,63.2106497855994,0.121240922334202
16494,141.19889,-34.51472,840568.881659919,-3798375.81122548,16.51939313,-2.09069254166544,54.527379278099,2.09069254166544
16501,148.0396098,-33.09694929,1482873.53300973,-3703169.35424673,17,-3.80580760603951,28.3455149905029,3.80580760603951
16503,148.0610501,-33.09767061,1484835.15591348,-3703498.30917155,19,-0.358267230753839,29.7201034873309,0.358267230753839
16504,139.97617,-34.52698,728911.306494058,-3792227.59640654,19.59591794,2.93671034422441,11.6398167951242,2.93671034422441
16508,139.93913,-34.51983,725580.187615069,-3791221.95722136,21.2289111,1.83444570045332,19.701464773651,1.83444570045332
16511,139.99811,-34.52893,730900.114051554,-3792569.70157498,19.59591794,2.87703390848005,13.4150775372139,2.87703390848005
16513,140.02515,-34.51707,733450.815139736,-3791406.35180293,13.06394529,-3.226558975075,14.0378306842773,3.226558975075
16514,139.91408,-34.50396,723403.154893869,-3789315.72786967,15.51343504,-4.57923497163297,19.701464773651,4.57923497163297
16515,139.98646,-34.41406,730636.228364352,-3779732.90741025,13.06394529,-1.00476275961611,12.3090981386843,1.00476275961611
16519,139.94564,-34.51703,726193.771427968,-3790947.69366597,10.61445555,-8.4715746416093,19.701464773651,8.4715746416093
16521,139.98097,-34.41279,730143.465624645,-3779560.31525286,13.06394529,-0.803240976649031,12.3090981386843,0.803240976649031
16523,139.93578,-34.49331,725457.777275981,-3788254.8431845,12.24744871,-2.24209186665023,19.701464773651,2.24209186665023
16524,139.9229,-34.50007,724235.184857653,-3788933.25952965,17.1464282,1.94592423529131,19.701464773651,1.94592423529131
16526,139.92934,-34.51169,724742.834952995,-3790261.52376489,17.96292478,0.839972189408453,19.701464773651,0.839972189408453
16527,139.99573,-34.40689,731533.1403199,-3778988.75388186,13.06394529,-0.970041752698137,12.3090981386843,0.970041752698137
16528,139.90357,-34.41662,723045.184810257,-3779545.96012629,13.88044188,-1.38719562360851,15.1575831711621,1.38719562360851
16529,139.99023,-34.41403,730980.883598347,-3779751.13760617,18.77942136,4.4991114453484,12.3090981386843,4.4991114453484
16530,139.98862,-34.41018,730860.587802535,-3779313.8627734,14.69693846,0.828912932598787,12.3090981386843,0.828912932598787
16533,139.94357,-34.40645,726770.214619835,-3778642.13392619,20.41241452,5.3548159885135,12.3090981386843,5.3548159885135
16536,138.92355,-33.81896,637092.450304447,-3707817.6304314,10.61445555,-20.1613729816978,57.819652432784,20.1613729816978
16538,144.8456917,-34.50680426,1172928.24034893,-3826237.05046081,16.04976732,-7.98165632561799,66.0926770556215,7.98165632561799
16539,144.9168221,-34.48488538,1179647.42322241,-3824462.99334471,10.55312376,-3.27628249991636,48.9283153014622,3.27628249991636
16543,145.1867748,-34.34924376,1205771.46833469,-3811951.28184158,24,-0.713991529648172,53.2967035833948,0.713991529648172
16547,150.8316937,-31.37770027,1767511.58807967,-3548186.70822306,35,4.78403610403692,162.08287027279,4.78403610403692
16548,150.863422,-31.36890968,1770612.70005489,-3547652.49021567,9,-20.783329011447,162.242817782071,20.783329011447
16551,150.8342802,-31.38364288,1767654.8545481,-3548880.64983939,33,1.32693757357292,162.08287027279,1.32693757357292
16554,150.8680323,-31.44767471,1769744.59768167,-3556439.1449015,21,-9.57579669098202,153.437415042546,9.57579669098202
16555,150.8299587,-31.38319999,1767259.49256123,-3548771.81253823,44,12.7820185771529,162.08287027279,12.7820185771529
16557,150.8231668,-31.4214664,1765997.69224327,-3552915.90021145,17,-11.3249081926148,151.355371201393,11.3249081926148
16563,149.0899503,-32.82054732,1583534.73561204,-3685154.41381176,40.55880717,10.5215653355423,129.570991196423,10.5215653355423
16564,149.1040065,-32.81470252,1584916.55855819,-3684681.43213487,39.76353644,10.9709457957752,129.570991196423,10.9709457957752
16565,149.1094563,-32.81393443,1585429.99401847,-3684663.9903953,27.03920478,-1.09704194643619,126.80592300797,1.09704194643619
16567,147.7765612,-33.40373018,1454459.79090608,-3734135.86986669,24,-2.76647294222606,58.7123942625025,2.76647294222606
16569,141.93166,-34.645372,906267.473705584,-3817894.35048598,7,-9.9623007798436,96.018017057296,9.9623007798436
16574,149.1125673,-31.18284259,1610086.36290971,-3503856.42193258,24,2.70136936859467,154.398703459783,2.70136936859467
16576,149.2444785,-31.19272247,1622273.54509823,-3506621.63186854,33,-0.532132709450337,63.6401087484755,0.532132709450337
16579,149.1122741,-31.18003313,1610100.95929323,-3503540.91122783,7,-12.8106558955137,154.398703459783,12.8106558955137
16585,149.2018205,-31.2028584,1618132.43001326,-3507205.45387493,24,-10.3395257619097,112.521974786452,10.3395257619097
16590,149.1824205,-31.19977956,1616364.77652069,-3506618.19370262,54,21.0477459032194,104.921648650545,21.0477459032194
16591,149.2327641,-31.20233393,1621033.45678652,-3507539.5295277,35,1.03978988366438,93.4415468307648,1.03978988366438
16592,149.2528418,-31.19630139,1623001.57265985,-3507125.00818031,36,6.42775899862031,63.5917190359875,6.42775899862031
16593,149.2445236,-31.19329894,1622269.07437616,-3506686.17590554,35,2.75738370610766,63.6401087484755,2.75738370610766
16599,149.1558992,-31.25872999,1613001.08091902,-3512825.04035941,39,11.9546840287533,150.602181063589,11.9546840287533
16600,149.1404481,-31.21612555,1612195.28521904,-3507901.90281623,67,30.105141318082,151.678188979192,30.105141318082
16602,149.2349933,-31.18378672,1621521.23982391,-3505509.5968948,31,-0.877132077880589,55.4661673499953,0.877132077880589
16605,149.1242141,-31.20261218,1610879.74614106,-3506197.38217957,56,21.868609195006,156.670110897948,21.868609195006
16610,149.1139672,-31.17832759,1610284.82010709,-3503372.95622349,23,2.16443203154666,150.061059389359,2.16443203154666
16611,149.122567,-31.2275256,1610352.92179776,-3508941.56895695,23,-9.25351211409433,148.049356918231,9.25351211409433
16617,149.1969041,-31.21623769,1617471.67761365,-3508627.95187047,36,4.23424006875666,125.553684441258,4.23424006875666
16619,149.1172952,-31.22364373,1609918.15819231,-3508444.31120879,33,3.04576379409933,149.20458265478,3.04576379409933
16632,142.24528,-34.68056,934511.125516158,-3824059.38626966,18.77942136,-0.686601241715582,105.933962657484,0.686601241715582
16633,142.24972,-34.67278,934984.665434914,-3823228.45951758,35.10935298,6.22260820395854,105.933962657484,6.22260820395854
16638,142.24056,-34.67833,934101.399027579,-3823777.38666189,16.32993162,-6.239173320061,105.933962657484,6.239173320061
16645,142.2425,-34.68889,934183.821092598,-3824963.49047401,9.797958971,-9.67397140329164,114.902072866092,9.67397140329164
16649,142.255,-34.68778,935331.364837082,-3824931.76718058,31.84336666,8.91154317716062,105.567060934896,8.91154317716062
16653,139.502,-34.32015,686982.357877707,-3766601.33716934,10.61445555,0.175774429079526,29.9416440287264,0.175774429079526
16655,139.51699,-34.32425,688326.593144954,-3767138.07591565,23.67840085,12.0442482046592,29.9416440287264,12.0442482046592
16660,139.4859286,-34.35790194,685266.001184606,-3770714.14965938,4.91934955,-7.14258225410794,32.7823728378545,7.14258225410794
16661,139.5231,-34.33708,688801.302729501,-3768598.0889896,18.77942136,4.58887789482874,29.9519284091142,4.58887789482874
16664,148.9684417,-32.57584722,1575964.23729238,-3656545.38919125,18,-13.1835474145285,85.4661132966022,13.1835474145285
16666,149.8647548,-31.58149113,1674184.83246203,-3557742.51758757,21,-6.22132089101085,98.8793175473126,6.22132089101085
16671,149.2496818,-32.40442014,1604507.0671853,-3641051.81890501,28,1.47374849520934,80.8603726307273,1.47374849520934
16672,147.4883443,-33.59280479,1425468.14047407,-3751832.39043174,18,-7.50122872075232,18.3731344136059,7.50122872075232
16674,145.0423939,-34.45432348,1191422.70612104,-3822241.55956574,25,6.1079592026203,51.1424504101573,6.1079592026203
16675,144.9805918,-34.45430953,1185796.72924851,-3821665.02143562,17,-0.0363102246623335,51.4613199267922,0.0363102246623335
16676,145.0617374,-34.46649738,1193045.17571002,-3823771.0699341,19,-0.313022508818332,44.5825247268615,0.313022508818332
16677,145.0096286,-34.48835346,1188054.62981258,-3825707.29040926,26,9.27346463890979,51.5905909090298,9.27346463890979
16682,147.6385896,-33.35941884,1442407.92090949,-3727662.23915569,7,-14.8626776471494,89.4112606550899,14.8626776471494
16683,147.6229114,-33.46542416,1439525.62270108,-3739230.22403107,37,16.5253864240116,93.5170642804464,16.5253864240116
16686,147.6253729,-33.46501491,1439756.87117224,-3739212.62337043,26,-2.32236526417464,93.5170642804464,2.32236526417464
16687,151.1473222,-31.31716082,1797927.80716093,-3545887.13510793,44,10.20387727221,101.173736820796,10.20387727221
16694,147.0660861,-33.52206944,1387717.29036587,-3739345.69859245,25,0.947184061689821,82.1707938093494,0.947184061689821
16697,149.3735628,-32.87410542,1608841.74177133,-3694628.06764504,16,-15.841678740581,127.953642894346,15.841678740581
16700,149.8924665,-31.96737983,1670736.28657412,-3600869.13630876,20,-2.20490549082234,143.12956706566,2.20490549082234
16702,149.708766,-32.37880239,1647335.05876421,-3644056.71794149,26,-5.94498255214666,79.4689821541051,5.94498255214666
16705,148.896921,-33.289506,1558845.96530891,-3734700.33334268,31,6.09633678002034,24.0136143425816,6.09633678002034
16706,147.5178521,-33.60136757,1428054.75403935,-3753110.42748786,15,-5.62266937513312,18.3731344136059,5.62266937513312
16715,149.3713169,-32.30568785,1617248.19962993,-3631646.01635782,24,-8.74202882087202,60.6509779778347,8.74202882087202
16720,149.0412034,-32.54482303,1583143.27421366,-3654007.48430835,36,6.71449410364126,71.1688094366916,6.71449410364126
16726,142.7,-34.64444,976229.344868084,-3823451.72370817,11.43095213,-1.92785145083066,41.6457373890496,1.92785145083066
16728,139.17076,-33.98552,658774.72134316,-3727618.49045384,12.24744871,-3.05031246868992,52.6413939075318,3.05031246868992
16729,139.16815,-34.03449,658228.997546659,-3733056.54353395,16.32993162,1.94366782770694,48.8508374148254,1.94366782770694
16731,142.9325,-34.65806,997260.940950533,-3826758.54128933,30.21037349,15.526242488697,39.0883442043586,15.526242488697
16735,145.1655251,-34.48602472,1202267.83273455,-3826907.6839205,12,-5.34819549343404,53.1474245555159,5.34819549343404
16736,144.3933275,-34.51872751,1131626.68531255,-3823478.52062119,13,-1.23172643903143,58.1807437537547,1.23172643903143
16737,144.3664476,-34.50663868,1129310.10578583,-3821900.55461541,19,3.81990643557511,72.2072850639782,3.81990643557511
16739,144.4294294,-34.58324613,1134214.77063361,-3830950.12833687,22,6.45985462961693,45.9189399212448,6.45985462961693
16748,147.0755139,-33.70033333,1386239.77605457,-3759201.79843014,22,1.55320705319327,38.9016869331351,1.55320705319327
16751,147.796339,-33.34965937,1457018.28777724,-3728370.98473198,18,-5.2121689399272,61.6938735735988,5.2121689399272
16754,143.0968351,-34.62070718,1012574.92822738,-3823907.54840165,9.797958971,-7.51518865876622,47.0683311812242,7.51518865876622
16758,140.6043,-34.62383,785504.187217592,-3806713.29994872,19.59591794,9.48301991237615,34.6607553770748,9.48301991237615
16762,150.6037811,-31.12537109,1750372.61048905,-3517095.12315114,27,-5.85648019211467,116.563849004457,5.85648019211467
16767,150.610607,-31.12542911,1751009.34675242,-3517195.09062047,22,-7.40257785385734,116.563849004457,7.40257785385734
16770,150.7186478,-31.16798619,1760406.06842495,-3523395.26699988,44,8.53628909103162,90.8626896723846,8.53628909103162
16771,150.7178804,-31.16937062,1760311.77999239,-3523538.07732905,56,22.2040401605716,90.8626896723846,22.2040401605716
16774,144.6680049,-34.563195,1156135.67734533,-3830866.47880338,25,5.0943249862291,57.2736619221412,5.0943249862291
16778,146.2626375,-33.75661882,1311113.43107577,-3756858.50262505,10,-12.3540931130957,42.5491400208946,12.3540931130957
16783,142.4352944,-34.62639444,952296.922224874,-3819451.35160392,15,-4.92152414300415,75.867328761986,4.92152414300415
16788,147.8333514,-33.15622534,1463084.77859235,-3707360.15114053,23,0.0322984155130079,35.5026508768546,0.0322984155130079
16789,147.8312154,-33.15714159,1462875.76463391,-3707437.23344334,20,-4.94318372223586,35.5026508768546,4.94318372223586
16792,147.8440826,-33.15705506,1464059.8478624,-3707575.04024357,27,0.999064918664001,26.4410640811438,0.999064918664001
16794,140.13381,-34.58417,742892.90817461,-3799492.08273965,11.43095213,-1.53593306874611,20.5853099929719,1.53593306874611
16798,140.15074,-34.58317,744444.195298173,-3799479.49841353,17.1464282,4.41300817744927,20.1505386024989,4.41300817744927
16803,142.6687773,-34.6768173,973086.640188179,-3826805.83225042,11.43095213,-4.14831148045018,52.2555419113471,4.14831148045018
16804,142.6079564,-34.64487728,967846.973457169,-3822799.92351634,13.06394529,-2.69164233658491,31.7254334983581,2.69164233658491
16808,142.39306,-34.60944,948604.661265261,-3817255.51098772,19.15835304,-12.2734477939643,72.0942378942656,12.2734477939643
16809,142.38476,-34.647218,947507.209815896,-3821386.55510311,14.14213562,-9.72029124975291,114.068715399357,9.72029124975291
16810,142.38944,-34.60111,948350.33278563,-3816304.11709638,17,-13.4982894708613,67.8647208546117,13.4982894708613
16813,142.39333,-34.61,948624.183130652,-3817319.667591,28.57738033,-1.57839086647526,72.0942378942656,1.57839086647526
16814,142.36556,-34.65389,945699.039824474,-3821984.72657351,16,-3.71458871628294,99.0169027325754,3.71458871628294
16819,142.39167,-34.60972,948475.538573457,-3817276.26666718,24.49489743,-5.58446059877451,72.0942378942656,5.58446059877451
16821,142.36556,-34.65667,945673.953364707,-3822293.2390102,28,8.36299514962032,99.0169027325754,8.36299514962032
16823,142.36583,-34.67444,945538.17682493,-3824267.22869107,36,18.9608728512031,133.098161392682,18.9608728512031
16837,148.3683332,-33.08114758,1513324.9714475,-3705273.2837417,33,6.16824935120699,43.276059698663,6.16824935120699
16838,146.9364201,-33.75610017,1372782.55643041,-3763878.45747668,14,-11.3391982245158,39.6844714219656,11.3391982245158
16839,146.9259083,-33.75167222,1371878.41464085,-3763274.94478408,29,4.40383324179649,39.6844714219656,4.40383324179649
16843,139.70573,-34.55522,704037.760298023,-3793850.12256961,12.24744871,-0.426360115151189,17.9767368984399,0.426360115151189
16844,147.9305194,-33.35397206,1469270.95870618,-3730385.47698446,24,5.13134690152013,51.3697743351042,5.13134690152013
16851,142.20806,-34.73667,930624.79562873,-3830014.31897505,11.43095213,-7.35561805654786,131.653302020174,7.35561805654786
16856,142.92726,-34.65654,996798.573228807,-3826549.02731485,11.43095213,-1.36184945910881,39.0883442043586,1.36184945910881
16862,142.91889,-34.68972,995721.566436382,-3830164.43700393,7.348469228,-12.730917846884,39.3606716835188,12.730917846884
16867,139.08426,-33.80318,651963.257062588,-3706870.89452992,13.06394529,-1.33895396366796,51.1719061840293,1.33895396366796
16869,139.11533,-33.8271,654671.150442104,-3709693.76865601,12.24744871,0.920736139620859,51.1719061840293,0.920736139620859
16871,146.4592746,-33.90915642,1327191.35229852,-3775795.40665246,25,3.02235975577917,48.546634264452,3.02235975577917
16874,149.0563954,-33.10295609,1576244.41360914,-3716008.20152608,39,8.82294975740367,111.297307806659,8.82294975740367
16876,149.0589705,-33.09583927,1576586.79697186,-3715252.16225029,32,1.30537035833068,111.297307806659,1.30537035833068
16878,140.1146,-34.59301,741078.261618643,-3800362.93778907,10.61445555,-0.469398978708901,17.4424353640603,0.469398978708901
16879,140.11416,-34.56986,741201.758773634,-3797787.58082761,13.88044188,2.11967022074397,19.0556102502913,2.11967022074397
16883,140.03251,-34.56393,733794.675331234,-3796657.1649912,6.531972647,-5.69856954985904,18.1471246005636,5.69856954985904
16887,139.05014,-33.858,648489.135306285,-3712802.48014796,4.024922359,-17.2218176052517,51.1719061840293,17.2218176052517
16891,139.03323,-33.86633,646884.164463,-3713644.40562537,7.348469228,-15.5205549372111,49.1164254027487,15.5205549372111
16892,139.02808,-33.83993,646572.870483521,-3710678.28235813,37.55884272,11.6140158790095,51.1719061840293,11.6140158790095
16897,149.0359315,-31.2883609,1601347.72046485,-3514604.23697753,33,-0.781509016723007,64.8556712118207,0.781509016723007
16901,149.0596016,-31.29006711,1603534.00081029,-3515090.49019082,42,4.60110147674797,78.6146851474031,4.60110147674797
16902,149.042136,-31.28480767,1601980.38872858,-3514287.67192387,39,4.75687412553967,80.6543536644135,4.75687412553967
16904,149.0296127,-31.32383797,1600229.31756569,-3518462.37711517,43,5.36482891004501,85.8693338079045,5.36482891004501
16908,149.0282043,-31.30715493,1600346.01236206,-3516593.23040959,24,-15.8047719460017,85.2847363492756,15.8047719460017
16915,149.0271882,-31.35973126,1599468.77731097,-3522415.38375053,15,-11.0466551547217,93.6330601195633,11.0466551547217
16916,149.0187213,-31.34030917,1598966.98209524,-3520153.97855725,38,7.73031759074302,103.436188437689,7.73031759074302
16918,149.0334634,-31.28250082,1601204.33107634,-3513922.92532826,44,9.25941747025467,76.8242073718985,9.25941747025467
16922,149.0326819,-31.28866495,1601039.55012286,-3514597.25363324,28,-2.65261387034735,64.7858264400041,2.65261387034735
16925,139.64867,-34.52391,699039.341681075,-3790056.04814512,7.348469228,-3.89768107382655,31.7369994676885,3.89768107382655
16927,149.8551165,-31.88776666,1668512.36806344,-3591560.03579168,39,8.19407588713854,164.272228712481,8.19407588713854
16941,151.3483134,-31.19762825,1818676.52047072,-3535498.20888492,50,10.9265630755907,49.4505643474222,10.9265630755907
16943,151.3543727,-31.20103473,1819184.13846572,-3535961.59786772,39,1.54345921399801,49.4505643474222,1.54345921399801
16948,151.3215763,-31.20280303,1816095.21561898,-3535690.75332232,36,-0.687151162245662,49.4505643474222,0.687151162245662
16950,144.124087,-34.68044836,1105410.71827433,-3839047.06440113,10,-7.78822107068271,47.271408821499,7.78822107068271
16951,139.993,-34.57164,730136.3525761,-3797287.72615114,8.164965809,-3.63521560124973,18.2467537905645,3.63521560124973
16954,139.98727,-34.58263,729537.150667768,-3798476.46651982,8.98146239,-2.12300890913813,20.1334661749209,2.12300890913813
16962,147.4364269,-33.68369452,1419490.83449144,-3761321.7546253,19,0.922212667234003,13.3699505236363,0.922212667234003
16965,147.4553009,-33.70707648,1420903.14488448,-3764121.23253595,24,5.67534026426634,13.3699505236363,5.67534026426634
16966,147.4211656,-33.68906885,1418022.07040912,-3761747.52758022,14,-2.90921125717607,15.7562128008873,2.90921125717607
16971,147.4488091,-33.7059097,1420324.92828298,-3763919.8222834,21,1.98318219348166,13.3699505236363,1.98318219348166
16972,147.4439599,-33.69676366,1420004.3321679,-3762852.96148124,17,-0.441926931701659,13.3699505236363,0.441926931701659
16973,147.4636928,-33.69428304,1421843.23977548,-3762797.69601676,12,-8.43238271158021,13.3699505236363,8.43238271158021
16974,147.4393224,-33.6972312,1419573.72397971,-3762853.20588295,16,-2.68318578412999,13.3699505236363,2.68318578412999
16979,147.8149734,-33.4865973,1456840.85218884,-3743752.74969477,27,5.06143187867961,59.3142394698174,5.06143187867961
16980,147.8052519,-33.48291782,1456000.58148615,-3743234.38304633,24,-0.380385173099924,59.3142394698174,0.380385173099924
16982,142.5779526,-34.74376759,964205.220909902,-3833544.87320267,17.96292478,1.55903474881594,87.5049761087053,1.55903474881594
16983,142.6346158,-34.70293252,969736.276563796,-3829443.4678677,9.797958971,-4.06224264957637,61.7761270736931,4.06224264957637
16984,146.5509991,-33.95101208,1335043.78068487,-3781388.67787287,15,-6.13511797557784,48.9315631864917,6.13511797557784
16986,145.3857469,-34.48049538,1222369.73106335,-3828384.87919375,12,-11.1312167292154,39.6955112797894,11.1312167292154
16991,147.6134396,-33.60397312,1436772.19484455,-3754470.76231391,13,-8.77453613166073,47.3713208433988,8.77453613166073
16998,151.4480108,-31.11165927,1829435.42899919,-3527404.41560893,35,3.83587788720384,47.4702493090618,3.83587788720384
16999,151.414,-31.06954,1826974.90012361,-3522254.75094245,15,-10.9239904881987,35.4372794993853,10.9239904881987
17004,151.4146,-31.06753,1827065.0088643,-3522040.79768708,20,-6.71813272051367,35.4372794993853,6.71813272051367
17011,151.4238,-31.07135,1827859.32049252,-3522595.31965335,21,-4.46454389953634,35.4372794993853,4.46454389953634
17014,151.4826,-31.07741,1833246.64026173,-3524108.72492359,16,-16.7406732236803,38.1119201687537,16.7406732236803
17015,151.4133,-31.07525,1826812.72498286,-3522876.9120855,33,5.49622406728899,35.4393635576651,5.49622406728899
17018,151.426,-31.06735,1828132.61278619,-3522183.95109645,19,-8.37929279149166,35.4372794993853,8.37929279149166
17021,151.4725574,-31.0982043,1831955.38298407,-3526266.65359913,38,6.26072633174902,47.4702493090618,6.26072633174902
17024,151.4235855,-31.06804213,1827895.403002,-3522226.02995005,25,-5.24328128224533,35.4372794993853,5.24328128224533
17026,143.09861,-34.745,1011535.82166298,-3837707.5556592,14.41837001,-1.71554144203871,47.9088164004869,1.71554144203871
17034,143.2151611,-34.74650556,1022116.52569913,-3838802.16051954,20,4.07677155397787,46.7514583275412,4.07677155397787
17038,148.3581605,-32.73130393,1517380.78024372,-3666385.46736642,29,-0.739399378233468,58.6054642937975,0.739399378233468
17039,148.382377,-32.64084206,1520907.75457764,-3656645.5637599,41,12.6912607340757,66.6906399505005,12.6912607340757
17042,148.3545215,-32.63167488,1518466.67378054,-3655297.93528983,25,-2.92163518691266,66.6906399505005,2.92163518691266
17064,142.44861,-34.77333,952172.964846364,-3835854.39432844,20,-2.69528465935378,134.853968421824,2.69528465935378
17065,142.45278,-34.77333,952552.125240967,-3835885.47982712,13,-11.4151907198402,134.853968421823,11.4151907198402
17068,142.22333,-34.69639,932372.380465749,-3825655.76597829,15.51343504,-0.429991225961972,139.436990953175,0.429991225961972
17072,144.6512545,-34.68736579,1153245.02299316,-3844473.62842715,6.018662745,-9.055875230014,34.4797674526629,9.055875230014
17074,141.50028,-34.65333,866912.303769634,-3815784.2007762,6,-10.7922657586265,76.5243094495304,10.7922657586265
17075,141.41,-34.7411,857970.033795024,-3824919.53576337,25.31139401,11.7250594871994,76.6448333943429,11.7250594871994
17076,141.4669,-34.6811,863643.020960158,-3818641.4879735,25.31139401,9.3270921614491,73.1772717741112,9.3270921614491
17079,142.87884,-34.69447,992033.175279221,-3830379.77381627,22.04540769,9.02337259979133,38.1838964597348,9.02337259979133
17080,139.16504,-34.12521,657376.796381326,-3743138.33552073,22.86190427,2.74792447291553,42.5817810304566,2.74792447291553
17082,147.9477667,-33.91804473,1463016.97895389,-3793034.29256402,18,-11.4153027962287,39.722854088805,11.4153027962287
17088,140.35328,-34.66065,762353.345487839,-3809283.3621451,4.898979486,-7.96757022136893,33.8408332394803,7.96757022136893
17090,140.35521,-34.65807,762548.007097936,-3809008.23481056,4.082482905,-9.33841699782547,33.8408332394803,9.33841699782547
17092,142.48528,-34.77056,955532.454857767,-3835820.88127404,15.55634919,0.957906228804301,131.502158994235,0.957906228804301
17093,142.5,-34.74556,957099.343785819,-3833157.56358507,22,2.84753831685847,106.818991353086,2.84753831685847
17097,142.49889,-34.76639,956808.056771441,-3835460.13403981,24,1.72864939598365,131.555348160459,1.72864939598365
17098,142.51389,-34.77028,958136.389769414,-3836004.09535972,32.52691193,7.54097881537828,131.176531460707,7.54097881537828
17101,138.96536,-33.98057,639953.764242764,-3726023.36560253,40.00833247,1.65055154706829,62.0661205703283,1.65055154706829
17109,138.96434,-33.97851,639872.658473941,-3725788.89565988,44.90731195,3.60524714878631,62.0661205703283,3.60524714878631
17114,142.39667,-34.76778,947500.415494473,-3834852.50398831,11,-20.6112184785149,134.85363444463,20.6112184785149
17116,142.40556,-34.75806,948396.842026032,-3833840.07835048,13,-18.5739971951994,137.021524907896,18.5739971951994
17118,142.33,-34.74972,941600.110613772,-3832355.84339409,18.38477631,-10.5878485758053,137.025803567354,10.5878485758053
17126,142.33417,-34.75056,941971.829695579,-3832479.78470792,46.66904756,17.252864511269,140.476003518182,17.252864511269
17128,142.39722,-34.76806,947547.895300104,-3834887.64760081,14.14213562,-18.9413076491312,134.85363444463,18.9413076491312
17129,142.3275,-34.74,941460.10012911,-3831258.93421827,48.08326112,19.7167162271822,139.436990953175,19.7167162271822
17130,142.39889,-34.76944,947687.264420131,-3835053.13757094,18,-13.5689293896082,134.85363444463,13.5689293896082
17131,142.39361,-34.77,947202.076187926,-3835076.10940308,25.45584412,-5.03993769030965,134.85363444463,5.03993769030965
17133,142.32639,-34.73861,941371.625942874,-3831096.52483302,31.11269837,10.5414078130074,139.436990953175,10.5414078130074
17137,142.37917,-34.76639,945921.622943998,-3834568.60947572,11,-9.55919222785214,137.021524907896,9.55919222785214
17140,142.37639,-34.76861,945648.772081413,-3834794.32879096,22.627417,0.385088458128674,142.804927775332,0.385088458128674
17141,142.37722,-34.70778,946273.682055555,-3828051.1697631,22,5.23375672232896,140.23879663328,5.23375672232896
17142,142.36444,-34.72611,944945.497281603,-3829990.46332286,2.828427125,-18.5347440845772,141.390226789512,18.5347440845772
17144,142.34722,-34.74778,943183.788880411,-3832267.61710098,29.69848481,6.20147995607096,141.662942785772,6.20147995607096
17147,151.1544053,-30.92498723,1805148.57777144,-3502557.01519962,31,-1.87236123760402,55.6192586992967,1.87236123760402
17148,151.159175,-30.93382373,1805446.81804154,-3503603.17026204,27,-5.97855977328301,51.8352340932639,5.97855977328301
17159,151.1739605,-30.99989631,1805723.02028865,-3511130.160753,27,-5.25002553897367,63.9562303271341,5.25002553897367
17161,147.9642568,-33.45652916,1470939.48609013,-3742133.1271052,17,-4.3485548584405,49.0110892888866,4.3485548584405
17163,147.9220291,-33.43159642,1467414.78847776,-3738886.09948139,35,6.59352239871617,49.0110892888866,6.59352239871617
17164,147.9464173,-33.49815488,1468725.89540784,-3746537.77919691,24,1.12365163126273,56.7668471122577,1.12365163126273
17166,139.4739,-34.50389,683215.296325755,-3786884.70482484,14.69693846,-8.51136841451589,44.3376752102175,8.51136841451589
17171,148.1173667,-33.38141944,1486027.34270496,-3735586.69917441,19,-0.360653464378458,13.2017836781242,0.360653464378458
17178,146.8142878,-33.81009191,1360911.31193471,-3768553.77674126,11,-13.157219453072,47.4138768939862,13.157219453072
17181,144.916666,-34.65230867,1177751.34202129,-3843011.2668864,13,-4.72690258628579,29.8617930056149,4.72690258628579
17193,147.7668,-33.42978491,1453206.43822645,-3736911.09778977,29,2.89893440875167,58.7123942625025,2.89893440875167
17202,144.1239008,-34.69717371,1105217.34714622,-3840899.16407523,6,-10.4920874008921,47.0672425238461,10.4920874008921
17204,139.23226,-34.21067,662998.572210631,-3752996.13096369,8.164965809,-6.3227703407072,35.2379882223277,6.3227703407072
17207,139.29263,-34.30055,667955.399349181,-3763310.75114089,8.164965809,-5.19668464506808,38.3556554640862,5.19668464506808
17208,139.22888,-34.19535,662785.613687714,-3751273.85530348,14.69693846,-1.01559122300035,35.2379882223277,1.01559122300035
17214,140.31607,-34.6006,759397.160374759,-3802389.51020166,7.348469228,-3.14780249500299,33.9397789323174,3.14780249500299
17223,142.47306,-34.86389,953570.738756986,-3846082.26983124,20.41241452,2.39371512814304,125.171221564349,2.39371512814304
17225,144.3396637,-34.76453103,1124102.54470493,-3850245.72414321,19,2.24967431562267,34.3376086208348,2.24967431562267
17227,140.79558,-34.8062,801542.565770782,-3828156.95525215,4.082482905,-9.29919458128142,44.4237211118055,9.29919458128142
17228,140.81107,-34.82021,802844.476479571,-3829809.84453149,12.24744871,-1.32885781792718,43.5280840634278,1.32885781792718
17233,144.4963856,-34.77930578,1138173.50711651,-3853270.16674205,18,1.14973027555807,30.0317002182381,1.14973027555807
17240,143.20917,-34.80167,1021033.85312178,-3844871.04166609,9.797958971,-8.40868465465806,47.7075336467084,8.40868465465806
17244,148.9605086,-33.35633651,1563690.22266885,-3742873.4603243,29,0.14253351894666,19.784282611947,0.14253351894666
17245,148.9620664,-33.35120388,1563908.85590504,-3742324.55869288,26,-1.91338529739231,18.9435912315749,1.91338529739231
17246,148.9594741,-33.35716444,1563583.17281733,-3742952.41605322,27,-2.36362490478534,19.784282611947,2.36362490478534
17248,148.9674591,-33.35926154,1564284.01681467,-3743282.22500093,21,-6.503833848221,19.784282611947,6.503833848221
17251,148.945421,-33.396461,1561714.98002143,-3747128.88666404,30,1.88457885381235,62.410944612186,1.88457885381235
17252,148.957838,-33.419719,1562509.01165766,-3749854.18224146,19,-8.46963178159098,73.8998801980428,8.46963178159098
17260,148.95794,-33.416178,1562570.66846135,-3749463.63220163,28,-0.804447320518985,73.8998801980428,0.804447320518985
17262,148.931725,-33.414093,1560200.04269528,-3748912.54053565,38,6.9960050746787,69.0952420476889,6.9960050746787
17266,142.22056,-34.86194,930647.664821176,-3844003.95878115,17.1464282,-2.7440879754648,120.881445453945,2.7440879754648
17267,142.29444,-34.87806,937216.002950829,-3846332.19336397,35.92584956,8.3386649238798,123.112123600749,8.3386649238798
17268,142.30639,-34.87111,938363.90985131,-3845648.99587918,13.06394529,-16.1976420829481,123.112123600749,16.1976420829481
17271,138.95389,-33.93283,639190.604377678,-3720650.30130301,38.3753393,1.09378148135628,61.6544755582743,1.09378148135628
17277,138.93803,-33.87025,638113.043414505,-3713602.18223883,21.2289111,-10.8130599143151,51.7518572048865,10.8130599143151
17283,145.1808133,-34.61464789,1202183.71243381,-3841300.05593956,22.59493519,5.28759654846509,19.6451753167013,5.28759654846509
17294,147.3881702,-33.57818447,1416489.44528514,-3749098.56613368,28,7.97973576685298,14.8572687657189,7.97973576685298
17296,147.3922675,-33.58113895,1416825.1503364,-3749471.31341078,17,-3.10026127245768,14.8572687657189,3.10026127245768
17301,140.54658,-34.76553,779188.125997365,-3822100.02729966,21.2289111,6.97219198216052,31.0745981233127,6.97219198216052
17304,140.55902,-34.76871,780296.882594172,-3822529.13589756,14.69693846,0.0282354790053727,31.0745981233127,0.0282354790053727
17306,140.56242,-34.76661,780622.040014165,-3822316.67402082,15.51343504,1.21512588709395,31.0745981233127,1.21512588709395
17312,140.54121,-34.69916,779192.867573329,-3814695.34521063,6.531972647,-10.7907454020864,32.4348519410131,10.7907454020864
17314,147.3719324,-33.62107663,1414427.45488514,-3753670.34935846,13,-4.75756036011073,15.7562128008873,4.75756036011073
17315,147.3686271,-33.69040927,1413196.41847662,-3761313.83683257,20,1.5752934510555,17.8410843576602,1.5752934510555
17323,147.388895,-33.60281428,1416225.57019135,-3751835.17219824,20,-0.843476326078335,14.8572687657189,0.843476326078335
17324,147.3909777,-33.5985776,1416473.12879545,-3751388.91835502,15,-6.1920199888314,14.8572687657189,6.1920199888314
17325,147.3542808,-33.65450919,1412363.83346688,-3757178.58630447,21,2.26328179938532,17.8410843576602,2.26328179938532
17329,147.3576956,-33.67437799,1412410.57673973,-3759417.22355469,17,-1.1151143894794,17.8410843576602,1.1151143894794
17333,147.3928554,-33.65373422,1415905.34696098,-3757519.72592716,17,-2.548478691946,15.7562128008873,2.548478691946
17336,147.3839629,-33.68886536,1414620.46949504,-3761312.55367661,16,1.94717298842512,17.8410843576602,1.94717298842512
17343,147.3869074,-33.69105688,1414860.54088763,-3761587.89836801,19,1.07276465104308,17.8410843576602,1.07276465104308
17345,147.3546494,-33.69177601,1411899.0369627,-3761310.67705436,16,1.55081039914292,17.8410843576602,1.55081039914292
17346,147.3430406,-33.61590182,1411851.00219772,-3752777.50131174,13,-1.63438533765156,15.7562128008873,1.63438533765156
17348,147.3934286,-33.65645623,1415921.3104986,-3757827.59310287,26,6.50396663700732,15.7562128008873,6.50396663700732
17351,147.3454603,-33.62523919,1411947.73935599,-3753838.65082529,16,-0.971117598276773,15.7562128008873,0.971117598276773
17356,147.3822888,-33.67140916,1414701.20992626,-3759360.4851234,12,-3.63213532132284,17.8410843576602,3.63213532132284
17362,144.6691598,-34.71437682,1154574.13769572,-3847627.74295261,13,-1.75144574405991,35.1301141547612,1.75144574405991
17363,143.4971025,-34.89774324,1046230.51559023,-3857850.5468803,16,3.91356769142877,31.9188645524207,3.91356769142877
17366,145.4043585,-34.55916878,1223145.40660715,-3837277.24709276,1.33748061,-19.2754871904914,36.5264347674397,19.2754871904914
17367,141.5294,-34.6694,869431.280341429,-3817766.3679577,9.797958971,-5.9989578345876,76.5243094495304,5.9989578345876
17369,151.4961787,-31.05713026,1834859.70533228,-3522058.62194933,33.40137061,0.333734759543347,39.0760941239775,0.333734759543347
17381,142.3475,-34.86389,942163.679183295,-3845150.6937737,25.31139401,1.51724294342492,124.159034467535,1.51724294342492
17383,144.0120874,-34.79567874,1094025.11637099,-3850853.30072762,13,-2.1038275442557,44.2811361300248,2.1038275442557
17387,139.35176,-34.59237,671495.745495509,-3796074.48974393,19.59591794,4.03786353112311,60.8327310028413,4.03786353112311
17388,144.0312195,-34.90036641,1094666.87736121,-3862616.51470185,9,-5.6455431984978,46.1178699042248,5.6455431984978
17392,144.9169404,-34.76454152,1176515.13356388,-3855444.67579745,9.635460823,-6.36708583547558,20.1078133458231,6.36708583547558
17394,144.1435511,-34.86484269,1105231.96559322,-3859648.17404802,28,11.0284309903175,43.7401742065008,11.0284309903175
17397,144.1854086,-34.90027044,1108654.5733729,-3863935.48348577,19,2.015576670029,47.8684641434031,2.015576670029
17406,147.2991667,-33.76308611,1405871.29414743,-3768597.14985291,22,9.73065971066486,18.903909101474,9.73065971066486
17412,147.3836266,-33.69329488,1414530.32954823,-3761799.45376066,14,-3.26844275234232,17.8410843576602,3.26844275234232
17418,146.266549,-34.18232372,1306181.57891168,-3804072.43465319,24,-8.44636893671634,40.1825962297191,8.44636893671634
17420,146.2346691,-34.16769959,1303456.14152046,-3802126.95161647,32,0.82296439963233,41.6124405946418,0.82296439963233
17429,146.270835,-34.18866213,1306493.60162017,-3804818.3245284,32,0.150960546353353,40.1825962297191,0.150960546353353
17433,140.43273,-34.75866,768874.090350713,-3820647.20499072,15.51343504,0.0104314360298314,28.2735289071947,0.0104314360298314
17439,143.16694,-35.00861,1015186.7356623,-3867473.81972345,3,-4.38601646078296,26.6478716572888,4.38601646078296
17442,143.13806,-34.94056,1013227.14961152,-3859702.27836394,8.98146239,-6.15303073747633,47.353932467569,6.15303073747633
17443,142.95417,-34.95333,996418.393224999,-3859671.5009186,4,-6.09838149037063,56.591413508902,6.09838149037063
17444,142.94444,-34.94556,995609.466276189,-3858734.28986705,10,-0.168832239785464,56.591413508902,0.168832239785464
17448,144.9912567,-34.76662039,1183237.32225691,-3856361.23450803,10.09429229,-6.28616492454301,21.6272159780963,6.28616492454301
17449,145.0140857,-34.7257834,1185771.66327042,-3852050.50937255,12,-4.26707245583784,16.6521645884478,4.26707245583784
17450,144.9670004,-34.75022356,1181220.60785493,-3854320.9641277,20,3.47612657838752,21.6359933890339,3.47612657838752
17454,144.251743,-34.78592325,1115889.91115708,-3851845.11772133,13,-2.48002106337381,32.9631985640948,2.48002106337381
17458,144.2441638,-34.81567846,1114884.78625269,-3855075.6184853,17,1.44064413875602,43.6452913356327,1.44064413875602
17460,150.8963789,-31.58940747,1770045.68279145,-3572525.62653695,35,2.80505113271428,145.783413678986,2.80505113271428
17463,147.2273139,-33.83740278,1398314.24265326,-3776039.23457453,17,-3.33723701262954,18.7735134917209,3.33723701262954
17464,147.2120246,-33.8614592,1396598.15104774,-3778536.11563522,16,-4.36113087578116,24.2955814080655,4.36113087578116
17469,140.27436,-34.75132,754507.602645608,-3818887.67435799,11.43095213,-1.96772193757779,36.5369781581845,1.96772193757779
17470,147.9795139,-33.60431944,1470280.25427267,-3758674.082872,16,-3.38494384659733,47.0940849386347,3.38494384659733
17475,144.4933079,-34.8588871,1137029.29822629,-3862057.78551405,30,7.77772364437226,33.0605067482523,7.77772364437226
17481,150.8254883,-31.28507954,1768456.07558458,-3537842.28547527,40,12.0882004031766,145.285759278966,12.0882004031766
17484,150.7804431,-31.37680808,1762750.67140702,-3547379.79162331,26,-2.85788487810601,162.207754558029,2.85788487810601
17493,145.0653798,-34.76595504,1189972.49360103,-3856976.01778884,11.47078669,-4.92501903529025,14.0839901558762,4.92501903529025
17495,145.0857693,-34.76537587,1191829.63255411,-3857101.95058905,12,-3.68320908322007,14.0839901558762,3.68320908322007
17498,145.0987563,-34.74742113,1193212.88256103,-3855235.01510793,11,-5.22557397828514,15.7304461039627,5.22557397828514
17499,145.0925355,-34.71060135,1193067.51615442,-3851099.54646133,12.38844963,-2.83590622092768,15.6357377435821,2.83590622092768
17505,143.29694,-34.99222,1027135.42336222,-3866696.55804917,31.94309928,17.3881927899782,26.6784266173915,17.3881927899782
17507,143.33688,-34.9146,1031522.67760836,-3858415.93242186,13.88044188,-0.377732221229092,26.8565727867195,0.377732221229092
17509,141.76889,-34.80972,890046.226197206,-3834991.44208031,22.26758041,5.32542086682277,84.3431691737062,5.32542086682277
17510,141.7725,-34.81944,890291.819338851,-3836095.27497363,20.67703895,3.17877024410389,84.3431691737062,3.17877024410389
17517,143.27639,-34.88444,1026328.98496817,-3854585.74298327,18.87546776,5.61565910747061,43.2908610767476,5.61565910747061
17522,147.0920885,-33.92383851,1384818.50869274,-3784138.54937565,11,-7.48848010885768,28.7720033415811,7.48848010885768
17524,147.6603622,-33.82019007,1438118.9363625,-3778940.61170936,22,3.05089916063293,24.1729982322468,3.05089916063293
17527,149.3781273,-32.90015991,1608867.05012049,-3697569.77903844,24,1.03253553334332,120.370835593509,1.03253553334332
17535,143.5670798,-34.97030186,1051851.07512686,-3866465.79648589,17,2.9771394503974,32.6444757468957,2.9771394503974
17537,143.4580468,-34.96358061,1042029.87622567,-3864827.51422345,9,-5.93026352104139,30.358474485464,5.93026352104139
17538,143.5314183,-34.98365313,1048483.13116253,-3867652.01559388,18,3.23520038627734,32.0336489143689,3.23520038627734
17544,139.76108,-34.61928,708655.539754551,-3801276.75914349,3.265986324,-9.88306897024303,19.8075125203644,9.88306897024303
17545,139.7588,-34.62602,708402.06050031,-3802013.23152203,12.24744871,-2.17685231949746,19.8075125203644,2.17685231949746
17548,148.8105814,-33.39055599,1549446.54768113,-3744833.60176141,2,-23.7443538542724,55.2885819913773,23.7443538542724
17552,143.7326519,-34.96726345,1066896.3051481,-3867502.1025879,14,0.39108873671641,24.4769945994049,0.39108873671641
17553,143.7073816,-34.92347947,1065050.62846501,-3862440.07632473,10.61445555,-2.84914090605067,22.7951866147406,2.84914090605067
17558,144.7175195,-34.89091842,1157013.93209122,-3867618.0688832,20,4.09045900766586,67.7487237147903,4.09045900766586
17559,144.714969,-34.81704542,1157599.54308179,-3859414.31739681,16,-0.929426974540267,47.3663105840152,0.929426974540267
17564,142.20556,-34.93694,928618.740853357,-3852214.01259458,12,-5.3055947635172,106.342705566374,5.3055947635172
17566,148.4850833,-33.189675,1522499.58817926,-3718681.21785435,11,-18.3690586833203,63.2441448591807,18.3690586833203
17567,145.1358372,-34.73152217,1196760.47838417,-3853821.30296093,10.55312376,-4.40521280535726,24.003275341248,4.40521280535726
17570,145.181658,-34.72274806,1201020.85609439,-3853279.70877424,16.51793284,-0.13578393049459,26.115209545887,0.13578393049459
17571,145.2100564,-34.7249901,1203573.34015832,-3853795.22661103,24,7.73225135808746,24.6350442597413,7.73225135808746
17581,144.7615625,-34.8754294,1161179.45159964,-3866302.56687194,7.356143355,-7.08200300074854,48.714527176471,7.08200300074854
17582,144.7826232,-34.81461965,1163765.39022154,-3859760.32143458,23,7.3280013636026,46.4876643043215,7.3280013636026
17583,144.779034,-34.79847078,1163619.20048719,-3857939.2025073,3.343701525,-12.5279004433396,39.2795962397072,12.5279004433396
17584,144.7706951,-34.79847149,1162862.40986115,-3857863.35385388,8.02488366,-7.96201291589457,39.2795962397072,7.96201291589457
17589,146.7879865,-33.95976583,1356578.05392215,-3784854.87797956,18,-4.39552262316074,52.1273615606704,4.39552262316074
17590,144.0624175,-34.9700959,1096765.5436988,-3870608.31830101,22,1.3366755057249,48.2018904558313,1.3366755057249
17593,144.059576,-34.96045484,1096609.05538732,-3869516.03399,9,-9.930051728722,48.2018904558313,9.930051728722
17606,140.93021,-34.89524,813099.474476224,-3838893.23578014,8.164965809,-6.61218092564063,30.8025906504864,6.61218092564063
17610,139.51295,-34.50451,686776.829312629,-3787163.01865047,15.51343504,-3.78070634039624,45.5700148195405,3.78070634039624
17611,148.0776667,-33.70685,1477827.83639665,-3771156.79542366,19,-3.94687167403887,25.0904702629337,3.94687167403887
17613,144.8863724,-34.83345243,1172968.01382252,-3862794.62504785,19,2.68042129089485,29.0835898490038,2.68042129089485
17619,144.8510217,-34.85326176,1169539.73800986,-3864663.99759198,8.717797887,-1.82292986931809,44.3168812703626,1.82292986931809
17620,144.8507653,-34.85597087,1169486.20641763,-3864961.62331179,13.76494403,3.06853662978241,44.3168812703626,3.06853662978241
17622,144.2580528,-34.96447121,1114559.29545926,-3871678.47448377,5,-8.58264131375647,42.3724571052863,8.58264131375647
17625,144.2607639,-34.9583579,1114870.22069313,-3871025.08298353,15,0.93791608463742,45.6161523900385,0.93791608463742
17628,140.67229,-34.85166,789981.326901322,-3832436.74406776,7.348469228,-7.50643939719418,26.1031797735039,7.50643939719418
17629,140.73503,-34.86486,795587.236657919,-3834291.68288787,5.715476066,-8.55429946948955,38.84853141787,8.55429946948955
17631,140.73676,-34.80344,796211.668730523,-3827482.67062463,6.531972647,-5.5483166014428,29.6506881613059,5.5483166014428
17636,140.8634,-34.88659,807092.922664999,-3837509.35300255,8.164965809,-3.96546118818217,31.6523973777124,3.96546118818217
17638,143.09583,-35.06306,1008213.03070927,-3872944.81245116,14.51959058,-0.768689260070301,38.4201574441844,0.768689260070301
17640,140.56918,-34.87653,780417.440399398,-3834564.44169765,17.1464282,-5.8766502728444,34.2373908649456,5.8766502728444
17643,140.54152,-34.87869,777886.074168858,-3834635.58449098,16.32993162,-6.74512032504224,31.3089210455566,6.74512032504224
17646,140.546,-34.80308,778855.94556316,-3826266.77755812,6.531972647,-6.18441486724713,37.5219787306185,6.18441486724713
17648,140.56447,-34.87125,780028.492319337,-3833949.41328776,18.77942136,-1.34796772847161,34.2373908649456,1.34796772847161
17651,145.2175661,-34.66459159,1204949.56018834,-3847177.67549988,22,2.88909798174943,20.9616754708281,2.88909798174943
17652,145.2973771,-34.78508338,1210805.50636968,-3861273.72676309,17,-4.35342258136333,42.4137462202122,4.35342258136333
17653,145.2615441,-34.77460465,1207675.29940197,-3859774.4694481,36,11.1072522997419,36.43302847757,11.1072522997419
17654,145.2783153,-34.76680051,1209287.21041482,-3859069.10014915,30,7.83787938132745,38.9742573501132,7.83787938132745
17657,145.2756023,-34.7869136,1208808.79743648,-3861270.14382161,22,-0.541649674051438,42.9525421245611,0.541649674051438
17658,145.2288574,-34.76967927,1204765.98217438,-3858920.54559828,18,-4.58265331420636,37.767610817849,4.58265331420636
17659,145.2698892,-34.7517229,1208696.60554616,-3857320.04740111,11,-10.5454829322487,40.4746078924461,10.5454829322487
17661,145.2307083,-34.78993866,1204700.81942393,-3861180.98587865,24,1.34385215430877,43.1859498131289,1.34385215430877
17663,145.259391,-34.65377231,1208873.55471744,-3846374.62877538,19,-0.576289094005826,23.9310833837068,0.576289094005826
17665,145.2423877,-34.71641767,1206607.25571821,-3853150.98314109,25,6.11895501149276,24.3845136246812,6.11895501149276
17667,145.2461105,-34.7329893,1206754.31582327,-3855021.06266484,12,-3.75937928855194,34.0465730284091,3.75937928855194
17669,145.273075,-34.79648012,1208469.07370926,-3862305.30825686,31,10.7704798365547,41.3673529539568,10.7704798365547
17672,145.2202938,-34.72272379,1204528.80441142,-3853640.76356412,20,2.86480079649854,24.6350442597413,2.86480079649854
17673,145.228439,-34.70742463,1205444.3201691,-3852023.50246815,18,-0.980172539092177,24.588447195277,0.980172539092177
17674,145.2504745,-34.66840457,1207894.87595988,-3847910.69388013,16,-4.04628710851931,24.4640883322598,4.04628710851931
17675,145.2141865,-34.65833884,1204714.44638294,-3846453.34139303,25,5.77750957736162,20.9616754708281,5.77750957736162
17679,145.2509827,-34.68211683,1207782.97122326,-3849433.97389922,17,-2.39337403175066,24.4640883322598,2.39337403175066
17680,145.2994538,-34.76057887,1211277.35463859,-3858580.54181916,21,0.333785727159832,38.9072837885295,0.333785727159832
17681,145.257675,-34.73773565,1207749.3557145,-3855655.87345063,17,-1.09165171830763,37.5537921790852,1.09165171830763
17686,145.2787234,-34.79396348,1209010.5512163,-3862080.14440434,35,16.1445837128574,42.9525421245611,16.1445837128574
17692,145.2982182,-34.78723203,1210856.96707437,-3861519.56610152,19,-2.29659703267984,44.3612687379367,2.29659703267984
17695,145.2193638,-34.78893465,1203683.09796662,-3860962.90034196,20,-2.13951278409875,43.1859498131289,2.13951278409875
17698,145.2483266,-34.76975369,1206531.84959587,-3859112.51856796,24,1.54456500313067,37.0329809137552,1.54456500313067
17701,145.2281928,-34.68569163,1205672.04647262,-3849614.57378054,15,-1.75426023301977,25.3818176756741,1.75426023301977
17720,140.43667,-34.79635,768955.96212156,-3824857.06397872,16.32993162,1.46881328377284,36.5226829507079,1.46881328377284
17721,140.48946,-34.8084,773671.358716227,-3826514.04778017,22.86190427,7.59097486457273,36.398372699517,7.59097486457273
17724,140.48877,-34.83517,773410.743548318,-3829482.7606145,12.24744871,-3.27908240927726,29.1374207393765,3.27908240927726
17725,140.46062,-34.83482,770852.335248121,-3829273.7597253,20.41241452,3.7465010668169,31.6874669433805,3.7465010668169
17729,141.25442,-34.96523,842004.550316631,-3848761.41234852,7.348469228,-6.67152618803509,51.9502023917115,6.67152618803509
17732,149.553184,-32.5962478,1629624.10351912,-3666141.15837763,41,6.14436353426795,97.7748493350107,6.14436353426795
17734,149.5490725,-32.59588048,1629250.42165965,-3666048.04541056,35,-0.78183329734334,97.7748493350107,0.78183329734334
17739,148.4682406,-33.40887343,1517806.62669706,-3742751.50633721,22,-3.777112792323,72.9822268964469,3.777112792323
17743,145.4584682,-34.63786915,1227143.14816793,-3846511.55100586,17,-0.178627628388202,41.0619016667703,0.178627628388202
17755,149.4003096,-32.50007154,1616979.48340483,-3653547.38279484,22,-8.00988370845501,74.4720597801824,8.00988370845501
17757,139.24617,-34.32007,663581.255912449,-3765240.19059969,17.96292478,-0.460197484606699,43.8056674907669,0.460197484606699
17762,142.79861,-35.11472,980786.524448583,-3876356.03685924,17,4.33372711265069,37.8116277275928,4.33372711265069
17764,147.6547254,-33.93115222,1436091.23103689,-3791159.92046802,14,-1.64001319901747,34.4796424328399,1.64001319901747
17766,142.6341,-35.02829,966678.955851558,-3865522.22332016,22.04540769,8.21931089995274,41.3023715325148,8.21931089995274
17769,142.635,-35.0325,966721.638911469,-3865995.74409134,21,7.13854905270272,41.3023715325148,7.13854905270272
17772,142.62278,-35.03222,965615.990279409,-3865872.28872467,13,-5.62757134582677,41.3023715325148,5.62757134582677
17774,144.398149,-34.93353602,1127591.21513059,-3869481.85262514,15,-0.291546779511519,48.5044607943671,0.291546779511519
17776,142.41889,-34.98083,947589.529438938,-3858647.8831932,2,-14.6145122338827,78.5810941239971,14.6145122338827
17777,142.41944,-34.98083,947639.440533816,-3858651.96275819,3,-13.6145122338827,78.5810941239971,13.6145122338827
17778,145.3165013,-34.6628878,1213955.93621122,-3847925.60876422,23,0.895963898099065,23.5628621826678,0.895963898099065
17783,145.3519733,-34.76819893,1215954.80377064,-3859923.05826845,21,0.538832979014298,47.4991409905881,0.538832979014298
17785,145.308735,-34.76244835,1212097.96238045,-3858875.54136035,22,4.61718192298983,38.9072837885295,4.61718192298983
17791,145.3055484,-34.70878329,1212429.8559887,-3852903.62178493,17,-2.70243626835298,25.7960831442785,2.70243626835298
17795,145.3468416,-34.77075312,1215459.51664368,-3860156.98801575,24,3.45309739778194,47.499140990588,3.45309739778194
17803,145.2973597,-34.65921363,1212259.76681561,-3847336.98244019,20,0.843603109383,23.9310833837068,0.843603109383
17804,145.3369913,-34.71926107,1215163.04567493,-3854362.48074556,19,1.84468054924203,35.0876505692107,1.84468054924203
17805,145.3397586,-34.72449234,1215353.56528936,-3854968.00322176,27,11.0359717076463,38.4072838219225,11.0359717076463
17808,145.2704757,-34.72673785,1209038.22440281,-3854559.24475509,10.09429229,-8.502088300789,41.853569726611,8.502088300789
17810,145.3525776,-34.77352682,1215947.76485761,-3860518.63213444,24,3.11648698487287,47.4991409905881,3.11648698487287
17812,143.24111,-35.03611,1021643.34715267,-3871112.55264781,9,-2.33697577969269,26.392778313675,2.33697577969269
17824,145.0694233,-34.84228501,1189471.87961912,-3865465.04950921,18,-1.60556901847854,13.2760882557262,1.60556901847854
17829,150.0074208,-31.74104768,1684957.44845458,-3577301.43320035,26,-11.2745675448273,69.7521847531959,11.2745675448273
17835,150.04681,-31.72960797,1688798.8393886,-3576553.9301839,39,3.37803490282865,69.6513492301923,3.37803490282865
17837,150.0379921,-31.70469725,1688371.50361314,-3573677.09378677,18,-18.4720643582487,69.581198086189,18.4720643582487
17840,150.0084483,-31.72510587,1685303.62229057,-3575548.48599958,36,-2.15204767987766,66.6367194787016,2.15204767987766
17841,150.0145887,-31.70469195,1686195.55613215,-3573367.41538837,53,15.8785005499123,69.4637979417376,15.8785005499123
17848,150.0261861,-31.70086059,1687334.18625672,-3573095.97600372,39,1.34297530149666,69.581198086189,1.34297530149666
17853,149.9997689,-31.71955625,1684583.97313521,-3574819.05505665,36,1.00702421688665,69.4637979417376,1.00702421688665
17855,140.01153,-34.65621,731236.639326018,-3806792.32331745,3.265986324,-10.1861039115064,21.8256929592272,10.1861039115064
17858,142.33028,-35.00056,939370.873450641,-3860181.29566068,17,-0.468424186678565,91.860187887937,0.468424186678565
17859,148.0935707,-33.64304978,1480176.31221435,-3764278.83755781,26,2.84624555056834,21.229762076794,2.84624555056834
17860,148.1542303,-33.50180482,1487713.4355217,-3749346.47771876,17,-4.82467998694679,13.5804231404841,4.82467998694679
17861,148.1398778,-33.53831667,1485885.25589064,-3753221.9091973,19,-0.994479424496642,17.0040051813605,0.994479424496642
17864,148.2962877,-32.70252736,1512081.82323789,-3662461.95771637,17,-6.97160232392734,61.8706918511275,6.97160232392734
17865,148.3351282,-32.83257154,1513812.92608617,-3677336.47150434,41,10.389217100857,54.4555010392769,10.389217100857
17870,148.3357812,-32.73334834,1515287.07726533,-3666346.46253771,26,2.81238203963701,58.6054642937975,2.81238203963701
17872,148.3647817,-32.81556553,1516788.70291992,-3675803.42189896,39,10.8746288476377,38.5301326973915,10.8746288476377
17879,148.3634039,-32.79528647,1516951.15845067,-3673539.50893564,27,-2.695562051374,42.7970328212836,2.695562051374
17881,148.3597081,-32.79803253,1516571.22993262,-3673799.98555067,33,4.649495171963,42.7970328212836,4.649495171963
17882,148.3289174,-32.8100886,1513560.73176422,-3674771.05536874,23,-5.32869923879367,58.0122357668214,5.32869923879367
17884,148.351166,-32.79812499,1515782.37442887,-3673708.8574965,34,7.23688287077726,42.7970328212836,7.23688287077726
17885,148.3558619,-32.75568195,1516820.88622709,-3669060.30813274,37,5.26333679518368,58.6054642937975,5.26333679518368
17889,148.3601583,-32.75743932,1517192.0671578,-3669306.11289682,36,5.15445837176535,58.6054642937975,5.15445837176535
17895,143.5821655,-35.04053658,1052511.73453689,-3874371.57893341,13,-2.27943098442311,33.8553508247544,2.27943098442311
17896,143.5953186,-35.03813742,1053727.9100858,-3874214.21668128,13,-3.64651130861057,33.8553508247544,3.64651130861057
17897,144.7205803,-34.97446438,1156367.39790469,-3876895.84161954,20,4.44358277821387,82.1565424912716,4.44358277821387
17898,144.6929283,-34.93180584,1154332.76054589,-3871922.8820875,9.36236427,-4.7290124781363,66.2041831792328,4.7290124781363
17899,144.6804587,-34.96294032,1152859.19105065,-3875257.40511662,17,-0.854844334494931,80.286565613282,0.854844334494931
17900,139.35481,-34.61094,671655.038560199,-3798154.97324266,30.21037349,14.2983334228508,60.8307572138647,14.2983334228508
17903,143.6200126,-35.01655829,1056183.83941987,-3872027.49025136,10,-3.5485526588987,22.1495418276028,3.5485526588987
17905,143.6343405,-35.10409021,1056597.09608542,-3881842.25115484,16,1.68265586722086,23.6905899863341,1.68265586722086
17907,143.6068519,-35.03479815,1054806.82003901,-3873939.45805318,16,-0.383069729188655,22.1495418276028,0.383069729188655
17914,147.3911556,-33.87103889,1412836.37688258,-3781566.50452146,7,-11.047539462737,19.6788328895313,11.047539462737
17918,146.1893794,-33.96899327,1301781.47995658,-3779649.25623148,30,2.32786085574259,45.2687531556765,2.32786085574259
17926,146.183452,-34.02172175,1300588.53163438,-3785432.02052251,38,4.812848014713,40.8937869122844,4.812848014713
17931,146.1932121,-34.0204334,1301495.75136345,-3785388.65426754,38,5.22301780544468,41.6124405946418,5.22301780544468
17935,143.8027874,-34.99266904,1072995.14195405,-3870904.03724391,25,8.80453646779769,36.0417967066379,8.80453646779769
17938,143.7733086,-34.9967808,1070280.71919505,-3871112.2615696,8,-6.99996787555709,34.4275654036249,6.99996787555709
17949,145.3749098,-34.8282324,1217337.71276586,-3866786.98371915,13,-7.00291901898804,57.1138829991179,7.00291901898804
17953,144.7745328,-34.97523137,1161247.12229462,-3877470.12640127,12,-3.67560627102858,85.9569998404964,3.67560627102858
17954,144.760803,-35.00078899,1159719.65517897,-3880174.61838875,31,11.3288695545491,74.7885642867897,11.3288695545491
17955,144.7536088,-34.91000911,1160074.6445723,-3870059.16615216,10,-4.44773745749163,71.0399888090561,4.44773745749163
17958,144.7678395,-35.0111688,1160241.79941291,-3881387.49696415,32,12.3930609528329,74.7885642867897,12.3930609528329
17960,150.1121092,-31.76747114,1694269.7897444,-3581613.690628,43,6.69945571007263,68.737202010009,6.69945571007263
17965,150.1357825,-31.76508463,1696507.1746122,-3581663.44600607,24,-9.51207774942268,67.355874545489,9.51207774942268
17977,140.38135,-34.8436,763576.349761928,-3829772.75815405,20.41241452,4.5184234847221,30.5553460071186,4.5184234847221
17979,140.39296,-34.8769,764389.262874728,-3833540.11094071,19.59591794,4.06165523912851,28.7009239248566,4.06165523912851
17981,139.77042,-34.67629,709121.467793778,-3807664.57658481,3.265986324,-7.42488202284038,23.1024736119906,7.42488202284038
17982,139.82845,-34.71409,714152.91589807,-3812188.31940921,3.265986324,-10.2999531881396,24.5524109385984,10.2999531881396
17983,139.82832,-34.71696,714121.505702384,-3812506.49998672,5.715476066,-7.86779955196914,24.5524109385984,7.86779955196914
17984,143.8997694,-35.07482222,1080936.39107285,-3880821.16690761,15,2.01794304646223,45.8226493887205,2.01794304646223
17987,143.9013611,-35.07525556,1081076.07372205,-3880882.62679925,10,-2.1605091252021,45.8226493887205,2.1605091252021
17988,143.8999583,-35.07423611,1080959.56422496,-3880757.85433961,8,-5.67691417461307,45.8226493887205,5.67691417461307
17989,148.6841111,-33.30316944,1539126.72424666,-3733632.50435832,6,-18.8860967683127,80.1434242765946,18.8860967683127
17993,143.9880865,-35.05338455,1089158.788506,-3879197.0800985,21,6.07873721558337,48.3050418881945,6.07873721558337
17995,144.0040233,-35.03523034,1090791.91129118,-3877322.4876357,11,-4.52568904775826,52.4396910297406,4.52568904775826
17998,140.53594,-34.88452,777335.338192084,-3835248.95123666,23.67840085,2.49094314503462,31.3089210455566,2.49094314503462
18003,144.0769199,-34.98381308,1097936.18199188,-3872252.21672003,22,8.9524290012823,45.8915174933576,8.9524290012823
18024,144.0392929,-35.0820914,1093496.84935208,-3882813.53109993,29,16.4122281170352,47.4897742805224,16.4122281170352
18027,144.0692076,-35.05841977,1096454.21996714,-3880448.59596536,11,-2.76688435105736,48.4990510823229,2.76688435105736
18030,144.8576241,-34.93552663,1169218.81311081,-3873832.5208249,12,-2.68157607944108,54.0342328903987,2.68157607944108
18032,144.888447,-34.94981504,1171852.10060998,-3875696.68709975,8,-10.1422632230571,53.8866069593148,10.1422632230571
18036,147.1452007,-33.98241074,1388896.67749481,-3791200.93129314,14,-5.37717848568314,28.291820863495,5.37717848568314
18040,140.91891,-34.93359,811774.605736561,-3843078.3297477,8.98146239,-5.01396865853472,29.0337573850024,5.01396865853472
18048,145.1740064,-34.84799404,1198891.14745721,-3867074.65140012,11.01195523,-7.37530745671403,42.4724428430063,7.37530745671403
18049,145.2130762,-34.78301799,1203180.61783868,-3860248.62111756,20,-1.45071618225352,40.1992502399804,1.45071618225352
18051,145.3019584,-34.84516005,1210526.20397189,-3867967.50142669,10.55312376,-9.37058061813641,48.3780431261167,9.37058061813641
18058,142.94833,-35.14472,994066.228573891,-3880837.61597889,10,-1.35635142492906,42.2854948735785,1.35635142492906
18060,142.95111,-35.145,994315.357470202,-3880890.27472649,10,-1.44657393426427,42.2854948735785,1.44657393426427
18063,148.4711782,-33.40388741,1518147.43198179,-3742234.43800176,20,-2.53941071338146,72.9822268964469,2.53941071338146
18064,148.4710599,-33.40516044,1518118.31787226,-3742373.96206403,20,-3.74336591472806,72.9822268964469,3.74336591472806
18068,148.4713238,-33.26476776,1520157.74962755,-3726833.06246899,11,-7.35043349413829,63.3933752063023,7.35043349413829
18075,142.00812,-35.10398,909236.295648662,-3869318.18828753,17.1464282,-1.74166356386717,89.6864311179931,1.74166356386717
18076,141.95312,-35.04287,904778.72165712,-3862151.11477405,17,0.569639063861878,92.8721391253235,0.569639063861878
18077,139.55996,-34.62232,690293.203643534,-3800513.50693053,10.61445555,-7.16197832044965,73.438057711456,7.16197832044965
18079,142.65722,-35.18528,967320.915341182,-3883097.3576309,11.65180252,-8.27677867062535,41.065417256637,8.27677867062535
18080,144.4512643,-35.02625794,1131402.87849059,-3880218.61811063,10.69984488,-4.08433465568134,54.4203792071215,4.08433465568134
18082,144.3982615,-35.00300241,1126852.53723333,-3877175.28485449,22,6.30342491807029,50.3181483261106,6.30342491807029
18084,139.20116,-34.19087,660274.911108198,-3750631.79144322,28.57738033,13.134477317504,29.5839515173554,13.134477317504
18087,140.4373,-34.88874,768334.720029966,-3835120.81897377,24.49489743,3.46519241447605,30.3794474007603,3.46519241447605
18090,140.47236,-34.98922,770781.863967116,-3846487.69432998,19.59591794,0.520719855215798,28.8491378743865,0.520719855215798
18092,140.44673,-34.93683,768838.660108942,-3840517.06443532,26.94438717,6.84377719249869,30.4562740663826,6.84377719249869
18094,140.45849,-34.92191,770017.351339767,-3838931.37306497,16.32993162,-2.34920255434828,30.4562740663826,2.34920255434828
18095,140.44858,-34.90941,769208.42792197,-3837483.79597927,22.86190427,4.18700101305247,30.3794474007603,4.18700101305247
18099,140.41496,-34.94675,765878.430960556,-3841427.60342452,16.32993162,-2.31008978645589,28.9963028012417,2.31008978645589
18101,140.45754,-34.9026,770073.137435387,-3836781.64001093,17.1464282,-2.3961671294587,30.3794474007603,2.3961671294587
18102,140.50068,-34.90199,773999.835877235,-3836974.60812452,13.88044188,-9.42132209550141,32.0048203978216,9.42132209550141
18103,140.46081,-34.95623,769975.52923366,-3842755.68771724,23.67840085,3.63416220294249,30.4562740663826,3.63416220294249
18104,140.41475,-34.93847,765919.98323192,-3840507.05513471,17.1464282,-1.06540023987153,28.9963028012417,1.06540023987153
18107,142.9225,-35.12028,991958.788278335,-3877928.70727036,19,5.3200440639949,40.2510454739072,5.3200440639949
18118,142.40944,-35.15917,945117.439216838,-3878349.11802527,12,-0.559794886789069,78.6446346742094,0.559794886789069
18123,139.54597,-34.73565,688272.438225041,-3813033.67555812,13.06394529,-0.434403797693006,67.52636017872,0.434403797693006
18128,145.0755046,-34.9491558,1188808.3723057,-3877351.93298954,16,-1.50440539933705,55.5196550850808,1.50440539933705
18129,145.1673968,-34.99188839,1196644.44142605,-3882939.17040521,15,-12.2017905530532,56.8423221521466,12.2017905530532
18130,145.0847783,-34.93036029,1189862.39604956,-3875357.8915211,15,-1.44176445525469,45.9781927850117,1.44176445525469
18134,145.1676786,-34.99104516,1196679.61250928,-3882848.49561712,8.717797887,-16.1094517138195,56.0844188407989,16.1094517138195
18135,145.0802507,-35.00102628,1188648.54257821,-3883136.87960728,20,-0.603387012899876,59.7198125303587,0.603387012899876
18137,145.1459501,-34.89347878,1195826.99500122,-3871846.67255612,11.47078669,-2.89888751519381,47.6521003758868,2.89888751519381
18139,145.135688,-34.94660571,1194290.04183368,-3877631.00546233,11.01195523,-7.1310279122365,54.2229100636142,7.1310279122365
18145,151.1597094,-31.30043851,1799361.99883948,-3544210.04968867,26.24393405,-5.77718327810527,111.164700018203,5.77718327810527
18150,146.2657997,-34.14354013,1306594.97924638,-3799768.75191933,27,-4.51498605723276,40.1825962297191,4.51498605723276
18153,146.2808083,-34.16437136,1307704.86613932,-3802229.79897654,23,-5.54420065225301,40.1825962297191,5.54420065225301
18163,149.792485,-32.49595765,1653254.18068195,-3658111.16912821,32,2.48727923902199,93.6123274032861,2.48727923902199
18164,145.4123648,-34.81887213,1220843.39038291,-3866108.33092542,9.635460823,-8.32454733801837,57.2676350350237,8.32454733801837
18171,143.6237306,-35.16483159,1055022.41991679,-3888481.90924534,21,5.93422793657295,22.4435338038831,5.93422793657295
18175,143.7739432,-35.14310404,1068840.3916113,-3887324.33349411,10,-6.12858503501926,34.655562449642,6.12858503501926
18177,143.7043231,-35.12574992,1062714.58479298,-3884821.6575079,17,1.66170007018103,23.2825713172703,1.66170007018103
18181,148.3842917,-33.55904722,1507968.26560344,-3758380.55844181,25,2.28503811488333,36.9748094042279,2.28503811488333
18188,140.34419,-34.88487,759895.981709948,-3834134.19132215,8.98146239,-7.68691167358889,33.7682976901053,7.68691167358889
18191,140.4062,-34.92386,765249.765557985,-3838833.69090462,38.3753393,16.1330732328608,28.9963028012417,16.1330732328608
18192,140.39457,-34.95008,764001.004000886,-3841675.22890667,19.59591794,0.832715003895224,28.02940031721,0.832715003895224
18195,140.25228,-34.96237,750980.906961801,-3842196.08145151,19.59591794,2.66228898387175,37.2968850221341,2.66228898387175
18198,143.8018222,-35.14055,1071390.25859597,-3887275.0229408,23,6.65577548843484,37.7457182764151,6.65577548843484
18199,143.8004306,-35.14057778,1071264.00122983,-3887266.42965415,25,8.75677777264447,37.7457182764151,8.75677777264447
18202,143.8342249,-35.19571661,1073755.9620826,-3893655.62938045,8,-7.18123538031842,38.6694841863744,7.18123538031842
18204,144.0065388,-35.18279156,1089479.68692347,-3893683.48777406,17,6.20458107751154,48.07598900205,6.20458107751154
18206,141.97333,-35.18167,905408.257258124,-3877684.76005972,31.94309928,13.0814516787461,79.6164691982113,13.0814516787461
18211,144.8725442,-35.00458497,1169798.13322972,-3881613.55211674,30,12.4657038588603,61.8332648787872,12.4657038588603
18216,145.2607581,-34.88268908,1206357.58936719,-3871731.75317767,14,-6.9816607219363,51.929395320563,6.9816607219363
18217,145.2779399,-34.89194095,1207808.21157886,-3872918.10511346,15,-7.51460349353447,50.5350188193156,7.51460349353447
18219,144.0498082,-35.15669388,1093667.67163252,-3891163.86516425,3.181082915,-7.97603305966117,49.288141210499,7.97603305966117
18220,144.0263192,-35.21054375,1090979.20167559,-3896924.60720633,21,6.63453567271861,47.2028389737132,6.63453567271861
18221,144.0499649,-35.20625569,1093162.79154148,-3896652.04324616,21,7.30568181961767,47.4588843462475,7.30568181961767
18223,147.8673028,-34.02405278,1454209.10349762,-3803844.83112886,24,4.9222975265836,34.3590071449768,4.9222975265836
18224,142.18806,-35.16389,925018.682170173,-3877251.9881199,17.96292478,1.57135910353541,95.3657643727039,1.57135910353541
18226,139.84045,-34.8234,714499.983076556,-3824400.12272066,9.797958971,-5.26680142420717,50.1297933839393,5.26680142420717
18227,139.84762,-34.86843,714844.917214585,-3829442.28199201,21.2289111,4.65946376514521,48.1937162797233,4.65946376514521
18228,139.82915,-34.86657,713177.258853916,-3829132.4518545,15.51343504,-1.1091268914773,49.6830362341302,1.1091268914773
18229,142.08387,-35.19196,915332.447407265,-3879613.17501493,15.51343504,2.54627264845457,73.7999869125186,2.54627264845457
18231,144.9663372,-35.07080707,1177546.05666006,-3889804.18028207,29,13.358623421463,85.9618735422917,13.358623421463
18232,144.9745507,-35.07922974,1178194.42389917,-3890811.94112493,22,6.17876499400871,85.9330595073214,6.17876499400871
18241,139.48503,-34.699,682959.362085097,-3808633.59459891,7.348469228,-6.1118565093923,63.1813457531376,6.1118565093923
18251,144.2043834,-35.16973641,1107516.48693542,-3893939.38397857,3.976353644,-9.12828425923129,44.2761441294597,9.12828425923129
18257,144.1904635,-35.21009619,1105829.5379957,-3898286.3267578,19,0.612860946021939,48.7159351134473,0.612860946021939
18259,141.86889,-35.16389,896098.436658377,-3874977.15445041,24.68330399,11.0908894081578,72.5806763369254,11.0908894081578
18262,141.84139,-35.17139,893542.19088496,-3875616.09813582,15.97154964,-3.06275989157417,72.7654271452297,3.06275989157417
18272,140.72794,-35.03596,793642.914409438,-3853240.4799696,16.32993162,-1.67710731159462,29.6023747818939,1.67710731159462
18275,147.96015,-34.02816111,1462617.11957614,-3805359.25089036,25,7.60623018264767,40.5754219641446,7.60623018264767
18277,142.69167,-35.28472,969516.328423458,-3894376.28551083,6.796884804,-7.64266130131335,42.203154203854,7.64266130131335
18284,145.3702972,-34.9721342,1215246.62991456,-3882668.51252597,6.882472016,-12.8634793673156,58.470290124983,12.8634793673156
18287,145.3830592,-34.8906443,1217350.45713688,-3873772.32622562,8.258966419,-9.43990787222651,57.6521660642162,9.43990787222651
18291,140.83225,-35.052,802989.675909792,-3855672.35268062,9.797958971,-7.18336150526414,29.911488494389,7.18336150526414
18297,147.3783359,-34.13312139,1408156.1873848,-3810435.69643169,18.29122676,-5.97223988766593,36.7977714678062,5.97223988766593
18301,145.0457375,-35.06544161,1184792.67832775,-3889944.55422493,11.47078669,-6.18581970589583,85.0746052789493,6.18581970589583
18302,145.1133684,-35.08605888,1190678.29961436,-3892854.57350033,21.40572807,6.73426819677099,61.4475530267947,6.73426819677099
18308,144.9961744,-35.02821902,1180727.48681338,-3885366.60802204,29,11.1361082033755,85.5825356734289,11.1361082033755
18313,140.91132,-35.02021,810413.235967686,-3852643.79589064,31.02687008,16.6689458966079,27.9947115732398,16.6689458966079
18318,140.99833,-35.04278,818136.378019293,-3855702.94879769,10.09075698,-6.01395971236204,26.1148828741416,6.01395971236204
18320,139.79293,-34.86709,709878.461530405,-3828988.48780192,16.32993162,2.70211363742159,42.4614394472667,2.70211363742159
18325,140.18961,-34.89641,745755.761614855,-3834504.78735307,6.531972647,-8.95288696024438,33.349203438131,8.95288696024438
18326,140.19227,-34.89915,745978.114023962,-3834824.59380447,4.898979486,-10.639407382576,33.349203438131,10.639407382576
18334,142.82929,-35.26951,982109.105874727,-3893742.4741087,6.531972647,-11.6009991189159,27.5874592576626,11.6009991189159
18335,143.5206909,-35.19011528,1045442.34889332,-3890434.93749798,12,-0.172651421449904,32.9585978094023,0.172651421449904
18337,151.4332029,-31.37235805,1823629.59501394,-3556049.3033946,37,0.666091612944996,81.1941336139293,0.666091612944996
18338,151.4336001,-31.34461389,1824137.30483172,-3552984.35511318,29,-6.02503963178568,81.1941336139293,6.02503963178568
18345,151.4357194,-31.34611922,1824309.15275419,-3553181.22301937,34,4.42757690369168,81.1941336139293,4.42757690369168
18349,141.71811,-35.12203,882787.965396887,-3869285.75509247,26,8.18984556680108,65.5709309564564,8.18984556680108
18351,145.4356265,-34.92474722,1221716.12569809,-3878048.07317073,3.343701525,-12.4027432067609,54.2182571851579,12.4027432067609
18352,145.4115051,-34.92896036,1219481.68791636,-3878283.82743836,15.14143844,2.00077285777153,54.2182571851579,2.00077285777153
18356,142.02972,-35.13361,910936.17695718,-3872757.33770535,43.55877175,22.1742382123626,96.152711921062,22.1742382123626
18359,145.1057958,-35.06349183,1190250.18249211,-3890287.06502676,6.882472016,-10.6679275236611,61.9091587397305,10.6679275236611
18365,140.55282,-35.05845,777575.707679035,-3854659.64257843,20.41241452,-1.03026094398652,29.0505923916358,1.03026094398652
18366,142.46083,-35.24806,948964.527068539,-3888581.24027839,13,-4.80598208264626,48.8628075014942,4.80598208264626
18368,147.7946194,-34.07806944,1446839.20744884,-3808995.70171064,11,-5.83368596753267,33.8640944099604,5.83368596753267
18370,143.7209488,-35.21938183,1063265.98102503,-3895328.47751512,10,-5.25009370468313,25.5698928641653,5.25009370468313
18372,144.6849469,-35.11018451,1151642.22955244,-3891596.84631021,35.67621345,23.0427111957856,75.4692976403569,23.0427111957856
18377,146.2353335,-34.15417616,1303684.34137035,-3800635.70637254,32,-3.98905340682302,41.6124405946418,3.98905340682302
18384,146.2385067,-34.16321428,1303861.69523874,-3801669.26798142,31,-1.28072284491634,41.6124405946418,1.28072284491634
18385,146.2035035,-34.13593694,1301006.92204944,-3798290.73057111,35,2.40757465795148,40.8937869122844,2.40757465795148
18390,146.2237645,-34.11442254,1303121.57215473,-3796113.79809435,27,-7.61594460433466,41.6124405946418,7.61594460433466
18398,146.2448427,-34.12176874,1304953.54519259,-3797142.78018874,33,2.05737019375768,41.6124405946418,2.05737019375768
18399,146.2043078,-34.10798509,1301426.0100235,-3795202.28642446,31,4.24166935342148,40.8937869122844,4.24166935342148
18401,146.2066065,-34.09402138,1301808.49684866,-3793678.67550763,26,-8.09006384260407,40.8937869122844,8.09006384260407
18404,146.2330269,-34.07688274,1304431.90984864,-3792049.34860057,54,16.7624858109152,41.6124405946418,16.7624858109152
18405,146.2432242,-34.12085693,1304817.19955399,-3797025.23783335,37,5.82152964251036,41.6124405946418,5.82152964251036
18406,146.1953573,-34.07996959,1300955.63669161,-3792007.24482059,30,-5.41181866354816,40.8937869122844,5.41181866354816
18413,146.2312887,-34.12168462,1303718.06389637,-3796995.08028597,26,-4.53194537298241,41.6124405946418,4.53194537298241
18414,146.2318309,-34.12168802,1303767.48668101,-3797000.99007531,17,-13.5319453729824,41.6124405946418,13.5319453729824
18420,148.5685243,-32.98228708,1533158.44224324,-3696708.62833429,32,-3.03393628087099,44.7932720278457,3.03393628087099
18421,148.547182,-33.01637469,1530702.77280678,-3700228.7255154,38,2.94777438105532,45.097301169586,2.94777438105532
18422,148.4955508,-33.09682254,1524796.19094684,-3708522.2765052,33,-1.41378007901034,64.0058982693671,1.41378007901034
18423,148.540674,-33.01149474,1530174.4977693,-3699610.19856943,40,-0.965545199142348,45.097301169586,0.965545199142348
18428,148.5369751,-33.01424606,1529794.55437314,-3699870.67420128,50,5.16468257470263,45.097301169586,5.16468257470263
18429,148.5110457,-33.0316989,1527158.00745624,-3701493.76026021,52,11.227626848519,45.097301169586,11.227626848519
18436,149.6173617,-32.76781862,1632908.55598046,-3685955.50746523,46,17.718987510781,92.6860260810473,17.718987510781
18443,143.9692827,-35.23945364,1085519.54538028,-3899639.0578854,18,2.51222648419541,45.1883642405158,2.51222648419541
18448,145.48479,-34.97179603,1225618.50844284,-3883724.82919531,17,1.58120118018707,50.4503219002345,1.58120118018707
18454,148.1289694,-34.01178333,1478236.11311785,-3805490.62084378,31,11.0077851366781,42.2592057243672,11.0077851366781
18464,144.8466741,-35.1485602,1165847.47519484,-3897310.40187766,5.964809081,-7.15061149008712,82.1773070178246,7.15061149008712
18470,144.8146046,-35.1222118,1163240.3516076,-3894102.53012346,24,10.6967789917807,84.8725598885947,10.6967789917807
18472,144.8377941,-35.13074149,1165243.11930775,-3895257.72189267,8.258966419,-5.9551089004956,85.6360965286732,5.9551089004956
18473,144.8061983,-35.14884338,1162183.43826089,-3896972.95047637,32,19.2541542094348,83.2955657062193,19.2541542094348
18483,140.2523,-35.00202,750697.97782366,-3846598.29541541,16.32993162,-2.06926452292821,37.8731994960623,2.06926452292821
18486,147.944766,-34.1723111,1459214.25002295,-3821127.76473846,23,2.633311845374,34.3660777911793,2.633311845374
18488,139.4154,-34.8576,675589.143454064,-3825887.14072781,2.449489743,-8.72729882488333,62.5797864740829,8.72729882488333
18489,139.41606,-34.85703,675652.886262774,-3825827.30299209,4.082482905,-7.74360879281032,63.5198380748253,7.74360879281032
18490,139.46322,-34.8154,680215.113955793,-3821452.20442429,16.32993162,-1.72509091472075,55.9191873357395,1.72509091472075
18491,139.50246,-34.81267,683805.270191468,-3821358.35291861,17.96292478,-3.76833809047635,58.0582847134206,3.76833809047635
18492,139.45672,-34.80297,679704.066079729,-3820036.4832165,43.27431879,22.3400094314323,57.4583233899349,22.3400094314323
18496,139.50736,-34.79177,684387.9821159,-3819062.35352174,30.21037349,4.95625610220952,65.0919125822148,4.95625610220952
18498,140.3671,-35.10772,760356.816326258,-3859010.00205927,22.86190427,5.54383550672914,25.8780740624227,5.54383550672914
18504,144.3728645,-35.22863055,1122124.96325469,-3901928.1203082,3.181082915,-5.41549149457547,51.4696842581856,5.41549149457547
18511,145.317837,-35.05740489,1209508.67601278,-3891605.09043982,8,-10.0619242082259,38.1829046120539,10.0619242082259
18512,145.3394427,-35.09016041,1211084.01480755,-3895433.39023061,25,2.90680494582327,37.7518259181206,2.90680494582327
18514,141.05171,-35.12397,822342.336476577,-3865053.77297304,16.07760735,0.256609289024269,27.6084472458089,0.256609289024269
18520,146.2275662,-34.05402268,1304216.75442285,-3789460.81244764,19,-8.44428659534065,41.6124405946418,8.44428659534065
18534,146.2156815,-34.05033999,1303177.39816247,-3788931.49502175,27,-4.77269373584165,41.6124405946418,4.77269373584165
18535,146.2525569,-34.04606053,1306596.93302155,-3788833.97830826,33,2.87315609144235,41.6124405946418,2.87315609144235
18542,143.05064,-35.35987,1001265.99746744,-3905468.62796541,13.88044188,1.52879674552903,37.5147441154555,1.52879674552903
18545,148.1279536,-34.15173598,1476179.10190182,-3820956.94796286,20,-5.11469605731532,44.8300342346897,5.11469605731532
18546,148.1367417,-34.15430621,1476943.09837729,-3821342.72922646,22,-2.629033098755,44.8300342346897,2.629033098755
18548,148.1590434,-34.09148532,1479856.79373293,-3814653.85753385,16,-8.340803026701,40.2351338335038,8.340803026701
18550,148.4575482,-33.26207107,1518932.10878194,-3726370.60000052,19,0.472417449267663,63.3933752063023,0.472417449267663
18556,140.2046,-35.05071,746017.161077531,-3851724.11775292,6.531972647,-4.82756350320039,34.6006901381901,4.82756350320039
18557,140.18152,-35.01692,744162.000989365,-3847838.37539156,10.61445555,-0.592197900829127,34.6224096528218,0.592197900829127
18558,140.1888,-35.02144,744791.049196853,-3848382.5981298,13.06394529,1.40055475111693,34.6224096528218,1.40055475111693
18559,140.10437,-34.99545,737305.589250135,-3845007.38155217,2.449489743,-10.9250733125357,35.8993606914764,10.9250733125357
18568,140.72507,-35.19987,792138.307425676,-3871410.0294079,8.164965809,-5.56662683085721,36.7423755104593,5.56662683085721
18569,144.5149531,-35.2637285,1134588.6524074,-3907066.86977471,26,9.75892898915591,71.1590665778582,9.75892898915591
18570,144.5385815,-35.29953357,1136333.85019938,-3911238.31442549,14,-0.303438874320465,66.7927831265095,0.303438874320465
18576,144.4716817,-35.21814838,1131172.15778175,-3901639.56423758,18,0.54496044295847,67.0072404329375,0.54496044295847
18581,144.4365852,-35.30259226,1127086.5221154,-3910673.19581017,9,-9.8481535296162,56.2436029935538,9.8481535296162
18588,145.1748843,-35.12465045,1195802.24639261,-3897698.67878336,18,-0.737185123890974,57.3939497363342,0.737185123890974
18593,140.88858,-35.14208,807406.19899052,-3866022.40390599,9.797958971,-6.23244339729987,27.7035044660477,6.23244339729987
18596,148.3922389,-33.93424444,1503339.87869124,-3799986.50188824,40,16.6811475646616,43.9911463676331,16.6811475646616
18597,146.1137739,-34.88019024,1283682.44075215,-3879768.20504834,33.29779922,13.932623178264,82.9225199892939,13.932623178264
18598,147.112493,-34.45310538,1379720.21945314,-3842937.98879583,13,-10.2053205260763,27.4517613828078,10.2053205260763
18601,140.51937,-35.1499,773861.365028473,-3864605.15050421,13.88044188,-4.58743087644977,28.0014136147375,4.58743087644977
18603,143.13308,-35.49425,1007417.0549019,-3920994.32782595,5.715476066,-6.541811489034,53.5595771166078,6.541811489034
18615,145.2155075,-35.18046793,1198835.24804303,-3904253.73722697,23.7841423,4.61586771150301,73.1322808047132,4.61586771150301
18619,148.1768917,-33.85393889,1484827.68522799,-3788584.60647567,19,-6.60047814384933,44.0211232995363,6.60047814384933
18621,149.6253057,-32.73996178,1634068.32356868,-3682973.47615389,24,-2.9233229377,92.6860260810473,2.9233229377
18622,149.6253086,-32.73569678,1634134.14165933,-3682501.39037319,26,-1.23972575017684,92.6860260810472,1.23972575017684
18626,142.04167,-35.32333,910362.946160847,-3893872.05941932,18,1.55507573809731,79.1778279702721,1.55507573809731
18627,140.49063,-35.14835,771266.051225115,-3864259.36019837,21.2289111,2.56832488534885,25.9434973612901,2.56832488534885
18629,143.32695,-35.46815,1025171.27851634,-3919647.63228054,9.797958971,-7.66732769111573,35.4417209726981,7.66732769111573
18634,142.21306,-35.41083,925091.424678433,-3904798.21085282,19,2.96305280048654,77.4329936483556,2.96305280048654
18637,142.18222,-35.39722,922424.313552283,-3903067.44280977,3,-13.8434304381539,84.2634310019476,13.8434304381539
18640,145.3184663,-35.18742337,1208060.86791234,-3905992.8820708,16,-2.83856627086071,60.0868989595771,2.83856627086071
18642,141.387,-35.23759,851821.859766796,-3879852.4925874,11,-5.49185228386345,70.8565203170196,5.49185228386345
18647,142.40083,-35.40278,942134.995525711,-3905278.64985366,15,-4.08042566377095,51.5209275440931,4.08042566377095
18649,148.908074,-33.424803,1557875.66939806,-3749808.98368251,32,0.975338817637994,95.397487926315,0.975338817637994
18652,148.896362,-33.421846,1556846.3785093,-3749339.01668642,41,11.489188126143,92.368278223046,11.489188126143
18657,141.18866,-35.25064,833750.641547421,-3879991.18717328,15.51343504,-6.66017640041173,49.0404288833029,6.66017640041173
18670,151.1669106,-31.47656801,1797085.69128913,-3563810.36173546,44,11.505124494236,102.993963383742,11.505124494236
18677,149.0090427,-33.40707417,1567386.55946874,-3749082.34107631,58,29.892948187994,71.0268544342959,29.892948187994
18679,149.0093164,-33.46420885,1566565.02621354,-3755406.87674629,23,-7.46076353512132,74.6123676920655,7.46076353512132
18681,149.0052962,-33.46063089,1566249.95583268,-3754961.75133169,36,13.3780882023785,74.6123676920655,13.3780882023785
18686,149.0165761,-33.45527181,1567362.16648129,-3754507.20483527,29,8.82493834797792,74.6123676920655,8.82493834797792
18699,150.2071782,-31.81190208,1702396.50755536,-3587799.67412586,22,-6.7687323558205,67.355874545489,6.7687323558205
18700,150.2404021,-31.82565747,1705262.83857321,-3589766.45997625,23,-7.1993644406715,67.355874545489,7.1993644406715
18704,139.40955,-34.96647,674354.550996491,-3837950.32734727,25.31139401,7.44875803921079,50.7007439545381,7.44875803921079
18706,145.3674309,-35.11242255,1213357.17944524,-3898161.51651368,27,4.34743960380094,58.0373281396818,4.34743960380094
18708,145.3747398,-35.07422058,1214462.200238,-3894005.17744582,12,-7.96370048223455,37.842734468803,7.96370048223455
18710,140.86636,-35.27236,804386.502172188,-3880333.63355108,4.082482905,-11.2529160977544,30.3716391744352,11.2529160977544
18714,149.2640512,-33.15342047,1594559.09067823,-3724170.53268583,40,7.91190409272534,120.611728915099,7.91190409272534
18719,149.2724982,-33.14176953,1595509.90875628,-3722986.65922915,50,23.3544414042153,120.611728915099,23.3544414042153
18722,149.2692835,-33.14388411,1595182.9427539,-3723180.52400655,51,19.7498666348723,120.611728915099,19.7498666348723
18729,143.18229,-35.5425,1011390.02149456,-3926723.52150816,14.69693846,0.561306357040888,62.2333231842341,0.561306357040888
18730,143.52417,-35.47639,1042890.61636556,-3922155.85085146,10.61445555,-2.66387210686836,33.4590324175306,2.66387210686836
18733,148.56595,-33.36838889,1527346.09239369,-3739434.26170121,3,-17.0288494193883,84.5996722951545,17.0288494193883
18734,148.5431113,-33.43296391,1524321.36524168,-3746309.6635094,40,14.2575554138183,85.7840446125215,14.2575554138183
18737,148.580428,-33.35818652,1528820.83956357,-3738478.01891872,20,-1.17842870653233,84.5996722951545,1.17842870653233
18738,148.5431265,-33.43382047,1524310.41154676,-3746404.65770315,27,1.69394598857134,85.7840446125215,1.69394598857134
18745,140.38752,-35.16418,761797.865416687,-3865397.28941876,10.61445555,-4.5748605625067,22.4458310786742,4.5748605625067
18749,139.52073,-34.84372,685265.234992952,-3824906.04663706,8.164965809,-6.0449432709206,55.7021060417863,6.0449432709206
18750,139.53369,-34.80721,686684.223846327,-3820919.20560777,29.39387691,15.7388560723372,58.0582847134206,15.7388560723372
18751,139.59683,-34.85265,692132.031449953,-3826308.37837355,6.531972647,-6.38066572400723,55.7535061539989,6.38066572400723
18752,145.6122206,-35.17897682,1234706.13362069,-3907867.21160815,15,-4.52604948536139,95.137127033287,4.52604948536139
18753,147.9060109,-34.36788142,1452979.46748342,-3842310.84335221,24,3.84418393075833,26.5339952280988,3.84418393075833
18754,147.9045171,-34.37562087,1452736.64880894,-3843149.45746573,20,0.285709733906653,30.5722254413288,0.285709733906653
18760,149.7657884,-33.49695223,1635289.80514216,-3768507.24468538,54,21.6098542026205,135.578941744848,21.6098542026205
18761,149.7726231,-33.38823411,1637597.6253771,-3756576.55647512,27,-6.54235448658265,180.436876939338,6.54235448658265
18765,149.7712095,-33.39211537,1637408.13899139,-3756987.53158176,49,20.852526456021,180.245207115193,20.852526456021
18767,149.7612958,-33.49915312,1634844.90135764,-3768693.02024678,33,-1.05527049432566,135.578941744848,1.05527049432566
18771,149.7652107,-33.49164598,1635319.06235345,-3767913.32510596,28,-4.87154648202066,138.796428900288,4.87154648202066
18772,149.7648812,-33.48128548,1635449.2071946,-3766763.89484646,47,16.2694457048621,159.869032747288,16.2694457048621
18777,149.7763778,-33.431925,1637264.91185033,-3761454.74866757,21,-7.40399097453399,179.801847240655,7.40399097453399
18781,146.5065178,-34.80284834,1320227.19263738,-3875216.93150759,24,2.51099664554571,74.9902253003577,2.51099664554571
18783,146.4918713,-34.79704385,1318973.07966924,-3874423.73739578,24,1.7894276729575,74.9902253003577,1.7894276729575
18785,144.5420683,-35.33636041,1136247.58290782,-3915343.39601053,17,0.17314227495827,66.0984872496277,0.17314227495827
18791,148.581,-34.04984,1518886.3339903,-3815001.2757099,21,-0.673822759279176,39.0221854556106,0.673822759279176
18794,140.78816,-35.35129,796700.082817636,-3888596.89873767,6.531972647,-7.85126572219274,37.0900978463147,7.85126572219274
18795,149.7046667,-33.33465,1632202.59096426,-3749782.37876196,20,-8.14275232412898,151.350494577136,8.14275232412898
18796,149.7666797,-33.34989706,1637646.80114544,-3752261.83342217,22,-5.35770903875934,163.664668766429,5.35770903875934
18797,149.775168,-33.31441119,1638973.60714718,-3748447.11478348,23,-14.114545700356,151.485893268687,14.114545700356
18804,139.47936,-34.96776,680692.442323314,-3838463.83047678,11.43095213,-2.91026839711517,54.8503867858518,2.91026839711517
18810,149.1093944,-33.1127023,1580967.62941901,-3717741.91702458,13,-13.5344617705453,120.640732538097,13.5344617705453
18812,149.110838,-33.113692,1581085.46390566,-3717869.33077348,14,-13.2091863283873,120.640732538097,13.2091863283873
18818,149.1190189,-33.10295069,1581997.14754004,-3716781.65940681,25,-8.62459848889369,120.640732538097,8.62459848889369
18821,149.2505503,-33.15627506,1593276.78166913,-3724317.99032461,37,10.9550662530037,120.611728915099,10.9550662530037
18823,149.1636634,-33.16546761,1585162.78091691,-3724254.48224925,27,-4.70177882145266,134.228943737923,4.70177882145266
18826,149.1463027,-33.16802256,1583530.88403377,-3724321.95011243,36,2.75708196585801,101.954525170071,2.75708196585801
18827,149.2503551,-33.15470929,1593282.40233299,-3724142.28135484,15,-9.631487706339,120.611728915099,9.631487706339
18828,149.1695337,-33.1622093,1585750.42601855,-3723966.7281793,37,5.84063985085366,134.228943737923,5.84063985085366
18831,149.1734932,-33.15104869,1586280.95935528,-3722780.70296994,32,-0.180299058227661,130.990735111483,0.180299058227661
18839,149.1746216,-33.15984811,1586252.84540034,-3723768.57279513,49,16.3959452251783,134.228943737923,16.3959452251783
18841,147.8238583,-34.34238056,1445864.53878246,-3838559.44818179,19,-0.142859560073003,24.5560935087855,0.142859560073003
18846,147.4431882,-34.37966022,1410752.60930444,-3838426.03896434,25,-1.93927358214933,27.2893583574496,1.93927358214933
18848,147.4188302,-34.37368359,1408618.47000917,-3837496.25133582,23,-2.93232405592135,27.2893583574496,2.93232405592135
18849,147.4336061,-34.36079223,1410134.87119392,-3836233.43406708,25,-0.415001303040331,27.0914212017834,0.415001303040331
18852,148.4520611,-33.89434444,1509367.3304741,-3796278.89251257,16,-8.25534165688567,47.0666516672697,8.25534165688567
18868,141.95444,-35.46194,901271.751198753,-3908611.74323947,14.31487312,-2.2226523405329,49.3945784844358,2.2226523405329
18869,141.97778,-35.48028,903221.653339616,-3910808.29755107,18.77942136,-1.13141467249175,52.1545505241638,1.13141467249175
18872,141.99861,-35.44556,905405.048644928,-3907109.40040565,33,17.141729798477,58.3237392628211,17.141729798477
18874,139.3617,-34.81258,670990.73677179,-3820602.00249828,20.41241452,2.83319606687848,70.1152985725887,2.83319606687848
18883,149.5761981,-32.71344993,1629950.63908741,-3679411.23979298,25,-4.45654210460263,92.6860260810473,4.45654210460263
18884,149.5582228,-32.62734451,1629612.72500096,-3669648.69128046,18,-13.19790144235,97.647019496455,13.19790144235
18885,149.5615545,-32.67317347,1629218.06242498,-3674765.3795113,24,-6.95017364751934,93.2760074776764,6.95017364751934
18886,149.5835649,-32.71555252,1630597.2492077,-3679738.01716663,21,-12.399690807791,92.6860260810473,12.399690807791
18890,149.5875899,-32.67209795,1631634.64528737,-3674978.56897183,38,5.45206751958032,93.2760074776764,5.45206751958032
18892,149.5625833,-32.62711389,1630018.41178689,-3669678.78416162,25,-5.85870333515027,97.647019496455,5.85870333515027
18895,149.5868226,-32.71386227,1630923.36167885,-3679592.47989885,33,-0.406452275843321,92.6860260810473,0.406452275843321
18899,149.5671037,-32.64168066,1630212.12597702,-3671349.3311247,30,-7.26269521936016,97.647019496455,7.26269521936016
18902,149.5707397,-32.64025366,1630569.28187264,-3671237.73434483,17,-18.7325042113292,97.647019496455,18.7325042113292
18906,139.30573,-34.556,667527.539745687,-3791789.66989196,21.2289111,2.802001758227,50.7831564535322,2.802001758227
18911,144.5904681,-35.37939597,1140147.52855787,-3920534.94069468,22,4.58406286286433,63.8975487267296,4.58406286286433
18913,144.5658929,-35.36759927,1138058.03200083,-3919011.00430558,15,-2.92966406683854,63.8975487267296,2.92966406683854
18914,144.6002389,-35.35873611,1141255.57950697,-3918337.02585199,22,4.74955015640286,60.8937012755338,4.74955015640286
18915,144.6595936,-35.38687638,1146304.58856144,-3921980.86003587,17,-1.8599646108843,62.2627397386889,1.8599646108843
18919,147.3370073,-34.45783303,1400056.7200615,-3845903.42873731,15,-9.18528574636369,25.9014598917166,9.18528574636369
18922,145.9302579,-35.10864465,1264292.00961471,-3903201.37025799,33.29779922,15.1907692889861,97.3940588320084,15.1907692889861
18934,151.358632,-31.39078407,1816374.1163457,-3557026.33116722,32,3.63699957132166,68.8721944346956,3.63699957132166
18935,151.3572579,-31.39058605,1816249.52251767,-3556984.87821293,28,2.20478677369498,68.8721944346956,2.20478677369498
18954,148.3358716,-33.83185847,1499654.7943039,-3787998.69084723,24,-4.49970215670365,43.3760834955332,4.49970215670365
18956,148.3615131,-33.80902865,1502321.07830779,-3785774.29326983,30,2.29151723422531,40.6799092373948,2.29151723422531
18959,148.3320438,-33.84563462,1499109.41752421,-3789477.78514241,23,-3.818817032766,46.2143513107642,3.818817032766
18961,149.3280306,-33.49803056,1595229.73165597,-3763091.73884765,14,-16.9741567195187,173.158998709152,16.9741567195187
18966,144.3749977,-35.41796664,1120282.31866712,-3922895.03089806,3.976353644,-6.06666585744972,42.3215887905523,6.06666585744972
18969,141.8628,-35.4494,893098.732950204,-3906578.88999796,28.57738033,10.2800614611838,49.3945784844358,10.2800614611838
18979,143.69706,-35.51227,1058128.5364693,-3927547.7375435,11.43095213,0.171676849383211,37.1021669015493,0.171676849383211
18980,143.6056,-35.50317,1049969.55111338,-3925786.26482595,19.59591794,4.44374109588806,38.454250732112,4.44374109588806
18982,149.7593504,-33.29259402,1637862.07091098,-3745831.8636766,17,-13.9898941755223,151.485893268687,13.9898941755223
18983,149.7655405,-33.29892062,1638331.35871966,-3746610.80025825,24,-7.71204560838467,151.485893268687,7.71204560838467
18991,149.769399,-33.2548919,1639366.46260889,-3741791.66418708,29,-1.36498576886734,151.259964527738,1.36498576886734
18992,149.7698182,-33.25661358,1639378.23384782,-3741987.43107885,27,-5.5041492749267,151.259964527738,5.5041492749267
18995,146.1144213,-35.02356743,1281982.21435449,-3895630.17547772,24.97334942,6.25833361081155,81.9105922417328,6.25833361081155
19001,148.4119833,-33.33447778,1513714.24048016,-3733847.37108351,27,2.96103385511447,54.8885080039201,2.96103385511447
19004,143.7425,-35.59083,1061426.46741638,-3936615.62204212,7.071067812,-9.59685271197466,42.0305252143405,9.59685271197466
19005,143.75341,-35.47251,1063617.52639632,-3923616.42024803,22.04540769,2.1192455255466,41.8553545556043,2.1192455255466
19013,147.6722015,-34.57292517,1428934.76151781,-3862339.05266494,15,-6.90700719232397,23.2751754696661,6.90700719232397
19015,139.24018,-34.69409,660673.713257298,-3806800.29619603,10.61445555,-3.10499586514086,70.7455843317596,3.10499586514086
19022,142.13056,-35.52194,916656.358287952,-3916510.9894476,22.04540769,0.928932511055056,75.8430480028298,0.928932511055056
19023,142.15833,-35.56222,918808.364908269,-3921171.40323797,21.2289111,-1.23937369542643,75.8430480028298,1.23937369542643
19032,142.154201,-35.542646,918608.344990278,-3918974.00562182,13,-8.78596584960735,75.8430480028298,8.78596584960735
19037,142.15,-35.49833,918619.867216169,-3914035.63536299,18.77942136,2.39467190639812,88.2130050853159,2.39467190639812
19041,148.2881305,-33.67454454,1497527.29739465,-3770032.13144027,27,3.08592851588601,33.8678475196639,3.08592851588601
19043,143.56722,-35.57361,1045799.19056724,-3933265.1222096,18.38477631,1.39684792671711,45.8201459529157,1.39684792671711
19046,143.89111,-35.54167,1075328.61230557,-3932420.51092938,18.77942136,9.23356788999686,68.7030406731737,9.23356788999686
19054,143.86719,-35.51061,1073491.81433648,-3928783.40358581,26.12789059,9.34156248335768,62.3639128146916,9.34156248335768
19055,143.86519,-35.51871,1073227.95453628,-3929662.68027738,17.96292478,3.52211118207284,62.3639128146916,3.52211118207284
19067,149.1452775,-33.06011858,1585049.29641545,-3712365.95104123,18,-18.212562139972,120.640732538097,18.212562139972
19076,142.45528,-35.54528,945761.833015758,-3921462.54473923,38,0.240071425433328,76.3810879312793,0.240071425433328
19077,142.37194,-35.46722,938943.076197925,-3912203.4771911,3,-16.4752784602836,76.3810879312792,16.4752784602836
19083,142.41389,-35.54028,942071.326608416,-3920603.09961458,30,1.66287463658398,76.3810879312792,1.66287463658398
19087,142.46,-35.52056,946412.45075333,-3918760.2845434,30,-3.69223497297236,76.3810879312792,3.69223497297236
19091,142.39917,-35.51444,940976.084885986,-3917633.25170413,21,-3.30101136102055,76.3810879312792,3.30101136102055
19099,142.40639,-35.5425,941374.288373725,-3920793.63478813,28,0.545792875811976,76.3810879312793,0.545792875811976
19100,142.435,-35.54083,943971.769944187,-3920819.82267499,19,-13.6113921792417,76.3810879312792,13.6113921792417
19102,142.44,-35.54194,944413.007067488,-3920979.68341247,24,-8.46995164110067,76.3810879312792,8.46995164110067
19105,142.18056,-35.58722,920593.712423465,-3924099.8513682,22.86190427,-0.891660925418861,65.875013001736,0.891660925418861
19106,142.31139,-35.53111,932901.255792017,-3918835.5063463,22,-0.194356937431664,76.3810879312792,0.194356937431664
19110,142.22917,-35.58861,924967.625923613,-3924604.87683862,24.49489743,1.90486984476676,78.5767905952143,1.90486984476676
19112,142.30806,-35.53528,932563.294948801,-3919272.97630709,30,6.59662235940166,76.3810879312792,6.59662235940166
19120,145.1839186,-35.3550976,1193979.89493307,-3923269.17756656,24,6.19098173820692,65.345266389957,6.19098173820692
19121,145.1280958,-35.35685996,1188922.14587394,-3922943.42588542,10,-4.91364085963362,76.6786365199066,4.91364085963362
19124,145.6822614,-35.2951496,1239654.2864972,-3921388.60264738,13,-7.81481710975589,95.3323190300346,7.81481710975589
19127,139.61981,-35.07852,692725.238051739,-3851518.73876632,19.59591794,3.63170916759095,33.9701990104426,3.63170916759095
19130,149.1857012,-33.73855746,1578606.70232172,-3787918.70001392,13,-8.41678455648256,131.366128190314,8.41678455648256
19132,143.06889,-35.55361,1001052.48286083,-3927059.97060272,20,6.13092815574343,56.1761942086399,6.13092815574343
19134,143.03306,-35.69667,996449.570037286,-3942610.62007266,12.65042805,-2.36128085720313,84.6385570484328,2.36128085720313
19140,148.1631753,-34.48346862,1474721.68076691,-3858032.59129589,26,-2.29141470898332,25.6235315938414,2.29141470898332
19142,144.5894574,-35.49364311,1138807.20517275,-3933160.47273845,22,8.4225445926266,35.021312631619,8.4225445926266
19145,148.3280988,-34.18956507,1493861.56831506,-3827465.93143229,22,1.13187033017433,41.0524126882495,1.13187033017433
19148,139.22359,-34.82005,658369.101083234,-3820713.51007227,17.96292478,-1.92648544328737,68.4062497376973,1.92648544328737
19149,142.03889,-35.50667,908512.001292934,-3914164.86453069,13.06394529,-4.67118307083438,74.5702464761366,4.67118307083438
19150,142.05972,-35.51778,910296.108843424,-3915543.71824048,21.2289111,2.04212485015967,70.86680241415,2.04212485015967
19155,142.04528,-35.55417,908674.577918077,-3919471.33423196,8.164965809,-9.3278744129993,66.4369817767143,9.3278744129993
19160,145.337479,-35.36959675,1207668.6307895,-3926315.45873131,35,18.3082364924421,74.4696425709058,18.3082364924421
19164,144.05722,-35.58806,1089820.18639393,-3938958.99883411,13,2.58749778662851,73.0132594025597,2.58749778662851
19167,144.0962611,-35.57388333,1093487.36094468,-3937724.79248238,12,-1.7488919825874,69.0857721472395,1.7488919825874
19168,144.0952472,-35.57456111,1093388.86187201,-3937791.07109223,20,6.75445790733957,69.0857721472395,6.75445790733957
19169,146.2695165,-35.10768413,1294967.9670543,-3906493.28064732,23,5.30924717404252,85.4627206066105,5.30924717404252
19175,145.7461372,-35.30884692,1245255.80721886,-3923523.73982532,35.67621345,13.8356723962401,105.351418313399,13.8356723962401
19195,144.2018737,-35.53659743,1103400.71267169,-3934509.31906612,24,14.0654609647524,61.7533972365545,14.0654609647524
19196,144.2089917,-35.51363333,1104285.87668266,-3932031.07462197,14,1.30909209754719,61.7533972365545,1.30909209754719
19198,144.1540407,-35.48381442,1099645.40092072,-3928258.94004001,21,9.19117887844223,58.2097891801337,9.19117887844223
19200,144.1638607,-35.51370378,1100215.46339725,-3931649.4854338,3.181082915,-5.73488021023163,68.3727365882354,5.73488021023163
19202,144.1274769,-35.51356323,1096935.95176123,-3931321.07455696,2.385812186,-8.47205860044329,68.3727365882354,8.47205860044329
19203,144.2009111,-35.49893618,1103712.9375627,-3930335.71375319,24,11.2701586143343,63.0687486950369,11.2701586143343
19204,140.28768,-35.27365,751953.618997397,-3876951.93760368,11.43095213,0.544873309726571,16.733539741401,0.544873309726571
19207,149.1773386,-33.17173978,1586324.25017682,-3725118.37014193,39,8.84118574304601,119.695275399311,8.84118574304601
19209,149.1950316,-33.22636386,1587129.78352403,-3731382.99235162,36,1.57547156002333,128.588277828148,1.57547156002333
19210,149.2037466,-33.2302042,1587871.75217241,-3731916.24179864,20,-14.1812242456107,114.934025914287,14.1812242456107
19212,149.1667404,-33.26220576,1583998.04002183,-3734997.95612988,20,-10.5618739324471,89.8910536797691,10.5618739324471
19214,149.1593238,-33.18904626,1584411.79820399,-3726810.10754986,28,-4.45371958681967,120.427939960032,4.45371958681967
19217,149.2367531,-33.18177704,1591627.11666101,-3726968.1185922,44,18.2172515062657,120.611728915099,18.2172515062657
19219,149.1880817,-33.17157299,1587312.8806925,-3725233.34869865,30,0.295358279638673,118.891875732363,0.295358279638673
19220,149.2937356,-33.22323264,1596231.95780315,-3732266.25007233,32,-2.25181636083234,121.359458770458,2.25181636083234
19221,149.2396949,-33.1775666,1591960.3675441,-3726538.84147459,36,7.78948437231318,120.611728915099,7.78948437231318
19227,147.6310562,-34.274991,1429252.73868302,-3828937.67808731,21,-1.57435602585878,32.8601081850231,1.57435602585878
19228,147.6328414,-34.26532319,1429546.65835509,-3827888.34812558,36,11.6256691256773,32.8601081850231,11.6256691256773
19235,147.3647124,-34.53563594,1401533.91901495,-3854810.57464897,34,7.56532761015401,29.41051252364,7.56532761015401
19237,139.36914,-35.02266,670320.482544449,-3843978.48937364,16.97056275,-0.508373668131583,32.6146174736179,0.508373668131583
19238,139.39156,-35.0566,672139.287778769,-3847865.48208644,19.59591794,-0.573381448066737,31.4586362647131,0.573381448066737
19242,146.412629,-35.08716355,1308157.59094061,-3905683.27008509,16,-2.22041057214833,66.741473000866,2.22041057214833
19243,146.4099476,-35.02917005,1308641.32406212,-3899245.88689308,32,6.3370747184697,61.6618364556099,6.3370747184697
19245,146.4541832,-35.09386811,1311828.97024811,-3906850.3321213,15,0.286970424443238,54.6991303471135,0.286970424443238
19248,146.5291021,-35.02749066,1319437.05754272,-3900285.83323364,13,-2.30324786680626,66.5457294430731,2.30324786680626
19251,149.1744583,-33.10361389,1587079.61797303,-3717542.67436457,18,-14.2515587306881,120.640732538097,14.2515587306881
19253,149.1886154,-33.10902368,1588298.9170089,-3718317.37700744,32,1.18995608722733,120.640732538097,1.18995608722733
19255,149.1712778,-33.06630611,1587345.88103986,-3713373.68129473,34,7.44283690302233,120.640732538097,7.44283690302233
19257,142.02139,-35.51889,906825.123907495,-3915394.07267697,7.348469228,-12.716292470313,67.129543808604,12.716292470313
19262,142.84694,-35.59889,980601.877346447,-3930350.18035611,23,7.71413773803673,51.0111623665977,7.71413773803673
19264,144.2856071,-35.52008952,1111125.44823626,-3933409.39223876,21,5.5957093140974,62.2444026002118,5.5957093140974
19274,146.0296517,-35.13097805,1273004.4758776,-3906657.4035943,14,-10.5647191068136,96.5358319360192,10.5647191068136
19276,146.0651773,-35.20317517,1275332.80549675,-3914991.92878501,10,-13.557233967754,105.028773988378,13.557233967754
19278,146.0470234,-35.16371996,1274174.81643934,-3910449.87079443,39.2438348,11.9720606599982,104.679661422414,11.9720606599982
19279,149.6124023,-33.48463513,1621449.92883304,-3765190.60127993,34,8.95548419813587,130.800723984126,8.95548419813587
19280,147.840107,-34.75707033,1441630.1115444,-3884572.29283749,11,-12.3369195174038,23.606149213543,12.3369195174038
19281,147.8514452,-34.76954386,1442484.88253499,-3886078.08645436,13,-10.7763594684868,23.606149213543,10.7763594684868
19285,140.13939,-35.31078,738254.61739611,-3880206.2920352,8.164965809,-3.24331802862732,20.2383247540695,3.24331802862732
19286,140.19501,-35.29732,743388.4513682,-3879035.56935346,14.69693846,2.13427111614278,19.4025550853249,2.13427111614278
19292,149.0784746,-34.41846975,1558713.6462061,-3861719.76889833,21,-5.05386882715768,34.1029603129404,5.05386882715768
19293,149.0806273,-34.41753152,1558922.87880466,-3861642.4474207,30,0.661044684530669,34.1029603129404,0.661044684530669
19295,149.2008836,-34.43976888,1569499.79844195,-3865569.79521272,18,-10.6416654146207,41.8464045712572,10.6416654146207
19296,149.0762773,-34.41760547,1558527.13054252,-3861597.53852026,25,-1.51853575184934,34.2357235795744,1.51853575184934
19300,139.52523,-34.97622,684806.820854875,-3839648.59366203,35.10935298,12.1536086427581,29.8980486715759,12.1536086427581
19301,139.51627,-35.0727,683361.305930549,-3850314.88635792,19.59591794,2.77496327714981,27.8145198695018,2.77496327714981
19305,139.57256,-35.10542,688257.4946404,-3854250.05485419,24.49489743,7.06746099471093,28.5137090179003,7.06746099471093
19309,139.50629,-35.01875,682807.398210518,-3844270.57009199,14.69693846,-1.84120757286847,32.3027223731998,1.84120757286847
19310,139.50049,-35.00011,682402.084064696,-3842169.4835276,21.2289111,4.57315596389021,32.1754659550137,4.57315596389021
19317,139.50802,-34.9956,683115.852357679,-3841708.84609137,15.51343504,-3.62783039061223,32.5948228422754,3.62783039061223
19324,139.46514,-34.9923,679240.317886995,-3841113.71142071,13.88044188,-7.289588288523,32.3295328465618,7.289588288523
19328,139.50365,-34.9951,682721.971425615,-3841629.95604831,24.49489743,5.22762520354945,32.5948228422754,5.22762520354945
19332,139.50643,-34.99883,682950.251555298,-3842059.06850833,23.67840085,3.79494255552037,32.5948228422754,3.79494255552037
19335,139.50224,-35.00031,682559.81192455,-3842201.04401952,17.96292478,-0.38258485071805,32.5948228422754,0.38258485071805
19338,139.5034,-34.99672,682688.672091368,-3841808.53786137,20.41241452,0.244879390253349,32.5948228422754,0.244879390253349
19339,139.52041,-35.00116,684205.462228428,-3842392.63762293,13.88044188,-3.70512901321767,32.5948228422754,3.70512901321767
19351,140.54033,-35.32527,774459.955273405,-3884187.31421212,12.24744871,-6.00201714313691,18.1017179735153,6.00201714313691
19352,140.58306,-35.4136,777669.918108682,-3894242.55645456,8.164965809,-6.3034161738302,22.3511941797383,6.3034161738302
19357,143.70047,-35.63236,1057216.05045613,-3940860.7652797,25.31139401,4.93360876913126,41.4694885833688,4.93360876913126
19359,143.68474,-35.61916,1055932.618453,-3939270.64282335,9.797958971,-10.1858034176252,41.3142368557666,10.1858034176252
19364,143.70248,-35.60523,1057672.80889552,-3937876.55897848,24.49489743,4.84796041623204,41.5673655856948,4.84796041623204
19365,143.81917,-35.68528,1067367.95852912,-3947700.35366587,8.164965809,-7.29803545009585,38.7899183933903,7.29803545009585
19373,151.3422661,-31.38676662,1814918.14120114,-3556349.07628343,13,-16.8342970338153,68.8721944346956,16.8342970338153
19378,149.7502974,-32.69993372,1646201.65657014,-3680147.31258526,40,8.66796586988266,92.8639944031301,8.66796586988266
19379,149.7423939,-32.71033158,1645312.51491654,-3681196.41973375,13,-13.3883027568513,92.8639944031301,13.3883027568513
19384,142.43556,-35.55167,943924.054570055,-3922024.23454708,37,2.3702268009671,76.3810879312792,2.3702268009671
19387,142.455,-35.54833,945708.862690902,-3921798.18271917,41,4.36410868038966,76.3810879312792,4.36410868038966
19396,143.12778,-35.78333,1004145.5519341,-3952938.72895078,14.69693846,-0.513874094556222,124.43891794691,0.513874094556222
19397,145.1709551,-35.41581222,1192115.58547414,-3929860.29036805,3.181082915,-7.13695056226156,50.1525530067646,7.13695056226156
19398,145.1763921,-35.40569814,1192721.67288692,-3928792.96672269,3.181082915,-6.22669202291262,56.2258098074132,6.22669202291262
19402,145.7162465,-35.36707752,1241864.84758999,-3929668.18220659,43.84062043,9.85021227835259,95.5004764852447,9.85021227835259
19404,145.6261463,-35.33911876,1234069.0940248,-3925705.18352919,10,-8.7052552800167,82.6575798467591,8.7052552800167
19405,145.7181832,-35.37360686,1241961.74435832,-3930408.55185763,9,-17.1011975864395,101.289918748362,17.1011975864395
19406,145.6439233,-35.36995458,1235307.62041667,-3929284.96116104,27.35176365,5.64624200099743,94.8212588423099,5.64624200099743
19411,139.4281,-35.15823,674801.409695371,-3859342.5606988,12.24744871,-8.46003724486284,33.059665692993,8.46003724486284
19417,148.8572007,-34.34990289,1539641.63192799,-3851464.82194942,26,-0.698628980024335,30.8522195712847,0.698628980024335
19418,148.9205038,-34.36154414,1545218.31490655,-3853514.81325125,27,0.786577039916658,29.307543765506,0.786577039916658
19420,148.8624991,-34.3444074,1540203.32824927,-3850921.70885947,20,-6.83020152341565,30.1790159075135,6.83020152341565
19424,143.25556,-35.75806,1015893.3201143,-3951153.97685684,4.898979486,-10.9485174903715,103.73794877493,10.9485174903715
19431,142.30611,-35.58139,931974.475755114,-3924364.59427955,37.37772425,18.8483079426145,76.3810879312792,18.8483079426145
19436,147.4063502,-34.52193239,1405497.22432283,-3853752.83817415,38,7.85794230716402,29.41051252364,7.85794230716402
19440,147.4379609,-34.51825204,1408416.39537848,-3853694.04180716,33,-0.00868235972433951,29.2506866260505,0.00868235972433951
19443,141.86806,-35.48722,893249.801962558,-3910805.68311702,19.59591794,-6.0954762289386,49.3945784844358,6.0954762289386
19444,141.81806,-35.52056,888448.371277072,-3914150.42216153,32.65986324,8.02825357549385,49.3945784844358,8.02825357549385
19445,141.83889,-35.49417,890555.170614222,-3911371.97847671,25.31139401,-0.0219597895686334,49.3945784844358,0.0219597895686334
19451,141.89583,-35.48444,895782.403431134,-3910692.14750544,12.24744871,-12.6012766288334,49.3945784844358,12.6012766288334
19453,141.81806,-35.48583,888744.631447855,-3910302.98128249,13.06394529,-9.05888266234299,49.3945784844358,9.05888266234299
19457,141.875,-35.48722,893876.754688146,-3910854.22361866,31.02687008,4.40591739568187,49.3945784844358,4.40591739568187
19458,141.81389,-35.53861,887917.868085272,-3916120.90077706,35.92584956,10.2576631524463,51.9555170789871,10.2576631524463
19460,141.81944,-35.58583,888016.220551779,-3921389.76659286,23.67840085,-1.56034098586877,49.1031211478719,1.56034098586877
19463,141.82361,-35.48167,889281.543227781,-3909880.72829035,19.59591794,-3.64426280030332,49.3945784844358,3.64426280030332
19470,141.82083,-35.59,888106.103095376,-3921861.2834838,25.31139401,-0.809490467884658,49.1031211478719,0.809490467884658
19473,148.4391094,-34.37746318,1501275.19675341,-3849533.59129103,16,-10.330688915788,25.9092066567645,10.330688915788
19475,143.37,-35.75806,1026195.18627759,-3952068.59943984,13.88044188,-10.5444956092443,72.5298859918125,10.5444956092443
19486,139.60516,-35.12082,691115.061326983,-3856135.81476231,17.96292478,0.136301522791179,33.1756418119719,0.136301522791179
19487,142.16556,-35.62111,918940.953409063,-3927744.422805,44,19.1834516389287,57.0437883606903,19.1834516389287
19489,142.16944,-35.62611,919246.793534413,-3928325.94789958,39,13.0844748427277,57.0437883606903,13.0844748427277
19490,142.16861,-35.62667,919166.98020027,-3928381.9800241,35,9.37167487370409,57.0437883606903,9.37167487370409
19492,149.0092915,-33.3301858,1568548.79977816,-3740577.68883863,34,5.14734197230934,20.7496095859275,5.14734197230934
19495,148.9991677,-33.35866471,1567198.91662256,-3743604.79509271,23,-4.15928229145398,20.7496095859275,4.15928229145398
19497,148.9997934,-33.3586225,1567256.88592456,-3743607.80011537,27,-0.30269440884997,20.7496095859275,0.30269440884997
19499,149.0251771,-33.38446043,1569199.95925493,-3746778.33486826,39,6.26931805455766,60.4582758562014,6.26931805455766
19503,148.9917213,-33.33637036,1566846.53174108,-3741046.45653184,35,8.437684342819,20.7496095859275,8.437684342819
19504,148.9926874,-33.33459249,1566961.41534054,-3740861.56870358,22,-0.956274916757323,20.7496095859275,0.956274916757323
19505,148.9900677,-33.34507555,1566566.08105068,-3741989.47562749,24,-1.690978056237,20.7496095859275,1.690978056237
19507,148.9750648,-33.33345826,1565362.72299567,-3740520.01877419,21,-6.75177674138333,20.7213143818268,6.75177674138333
19510,148.983098,-33.391184,1565244.97200335,-3747006.07810165,14,-7.4537421164265,57.0474596237565,7.4537421164265
19512,149.0101808,-33.34490116,1568412.22501151,-3742216.95440491,26,1.13516683757833,22.978263154829,1.13516683757833
19517,149.0047552,-33.34130577,1567968.1898443,-3741752.50614454,23,-3.60725742311301,20.7496095859275,3.60725742311301
19519,148.9844995,-33.36102827,1565819.61914039,-3743686.47441484,22,-4.48716933304568,18.9435912315749,4.48716933304568
19524,148.9864948,-33.35883605,1566034.92772392,-3743468.35194268,28,4.85287627010267,18.9435912315749,4.85287627010267
19525,148.9826524,-33.35681947,1565712.61363264,-3743198.11156073,26,-1.32124776920866,18.9435912315749,1.32124776920866
19526,148.9826528,-33.3568375,1565712.38350731,-3743200.11158282,24,-3.32124776920866,18.9435912315749,3.32124776920866
19528,149.0019425,-33.33844236,1567752.78885703,-3741401.13260116,25,5.43580694133233,20.7496095859275,5.43580694133233
19529,148.9940857,-33.35855201,1566734.8291897,-3743529.99201834,34,5.14457172451068,18.9435912315749,5.14457172451068
19530,148.9734863,-33.35973444,1564829.41723279,-3743408.36633182,14,-5.95450099870102,19.784282611947,5.95450099870102
19534,148.9841023,-33.34527561,1566016.32665985,-3741938.47768826,24,3.55684111772567,18.9435912315749,3.55684111772567
19539,148.9891349,-33.3460839,1566465.65371258,-3742089.6188354,20,-5.68191489053499,20.7496095859275,5.68191489053499
19542,148.9812759,-33.36089435,1565526.16576891,-3743632.14966429,18,-8.67336458203967,18.9435912315749,8.67336458203967
19544,148.9806266,-33.34471397,1565706.04960669,-3741833.72720514,21,-4.39370721255635,18.9435912315749,4.39370721255635
19546,148.9829466,-33.35320769,1565793.02117016,-3742802.05239975,23,-4.20511408407531,18.9435912315749,4.20511408407531
19548,148.9943971,-33.36057204,1566733.45821985,-3743757.33461377,21,-6.51801629728565,18.9435912315749,6.51801629728565
19554,143.5325,-35.76917,1040710.78484579,-3954611.72116566,32.52691193,3.02489760857833,109.564194220633,3.02489760857833
19560,147.862789,-34.46289109,1447740.75518359,-3852322.75315489,24,0.991901767690308,29.8824898780112,0.991901767690308
19562,147.8374522,-34.46711633,1445382.02651313,-3852502.90006559,20,-3.50395331925299,29.8824898780112,3.50395331925299
19563,143.055,-35.775,997674.434904881,-3951447.1566401,14.69693846,0.907593232161522,109.052346134883,0.907593232161522
19565,142.7975,-35.73861,974833.081358186,-3945433.53820972,15,-4.91826972272076,68.9784292812627,4.91826972272076
19567,142.78028,-35.76472,973037.754301253,-3948191.06855239,7,-13.4771139885757,75.6568256494499,13.4771139885757
19568,142.77449,-35.722,972915.964116143,-3943420.29662203,14.69693846,-5.20548948216068,64.4150680510064,5.20548948216068
19569,142.75056,-35.70722,970898.187906086,-3941602.79838347,10.12214385,-8.90405703871015,60.1021152780855,8.90405703871015
19572,148.5605,-34.16555,1515351.62870514,-3827548.397248,17,-5.02594989879806,43.0704767780643,5.02594989879806
19576,148.6228,-34.16386,1521044.62151816,-3828101.95949592,23,-0.277582115840332,28.0165840190548,0.277582115840332
19578,148.6153099,-34.16424339,1520357.57838959,-3828055.17615683,28,4.07718818054166,28.0165840190548,4.07718818054166
19582,148.5179441,-34.13731573,1511885.11897794,-3823923.38117338,23,0.976826037877473,39.8474740424376,0.976826037877473
19584,148.5229608,-34.13223083,1512414.83728817,-3823420.67929325,16,-8.16440706546839,39.8474740424376,8.16440706546839
19588,147.6362094,-34.59669075,1425346.44811287,-3864563.68125791,21,0.655937726698745,23.2751754696661,0.655937726698745
19595,147.7129759,-34.58065654,1432528.05666973,-3863650.17712239,15,-7.89060766467923,25.4370919476718,7.89060766467923
19601,143.62458,-35.76975,1048991.52259753,-3955428.93108412,25.31139401,-0.433037572996884,97.8567163115125,0.433037572996884
19608,143.60919,-35.77916,1047511.76154744,-3956343.11711297,30.21037349,4.92486344928281,97.6558545464854,4.92486344928281
19611,143.57976,-35.78119,1044843.14035319,-3956326.57518431,17.96292478,-3.09773477550479,109.564194220633,3.09773477550479
19612,143.59211,-35.77736,1045992.95544347,-3956004.14800645,17.1464282,-2.78329652535595,95.5871512898332,2.78329652535595
19613,142.85444,-35.73472,979998.119973945,-3945438.77075075,17,-1.66762172251767,81.0239865008096,1.66762172251767
19614,142.86806,-35.7875,980726.912808275,-3951382.42469857,28.28427125,9.78316977724931,96.7116538180429,9.78316977724931
19617,139.7238,-35.13182,701809.455790159,-3858003.76328042,11.43095213,-8.8755250354104,33.2196669311544,8.8755250354104
19618,146.6038839,-35.00305929,1326508.72812043,-3898359.96745104,15,-2.79743712448142,53.5262223767817,2.79743712448142
19622,146.0610342,-35.28194814,1273996.64630666,-3923655.8856,38.05462768,16.3780478181165,99.0408027079433,16.3780478181165
19623,146.0521751,-35.28728899,1273132.03340839,-3924157.73557771,24.97334942,0.793778526839265,99.0408027079433,0.793778526839265
19624,146.0757693,-35.28242298,1275320.50842651,-3923855.37184288,19,0.58243739625318,98.6102295065189,0.58243739625318
19625,149.4821497,-33.84759012,1604009.38675764,-3803661.80932668,21,-3.054321666849,126.391383094382,3.054321666849
19628,149.4013313,-33.77645765,1597717.60245572,-3794788.55600572,28,-1.050617733854,128.593951774383,1.050617733854
19629,149.4367694,-33.86121944,1599664.77456543,-3804598.78046658,2,-22.0835214150057,128.000220874659,22.0835214150057
19632,149.4584834,-33.85725672,1601704.63855843,-3804432.981517,43,17.5635494984663,138.394926275251,17.5635494984663
19637,149.6598509,-32.98437134,1633487.65012078,-3710464.66885354,17,-8.04266734513568,106.966910426884,8.04266734513568
19639,149.6181719,-33.03748913,1628841.25887554,-3715809.76195789,18,-2.62106061753533,149.105488825407,2.62106061753533
19640,144.1985672,-35.66171667,1101777.56786795,-3948315.84809018,2.385812186,-17.2050435144991,62.7016490338169,17.2050435144991
19641,144.2381915,-35.58942338,1106113.54180069,-3940665.08200223,24,11.2763574129777,63.379127934162,11.2763574129777
19644,144.2260727,-35.64987504,1104379.96070594,-3947244.15958705,14,-7.03918530292592,62.7016490338169,7.03918530292592
19647,149.637,-33.33001243,1626075.37145628,-3748406.67562823,20,-2.46662278028361,161.16138505516,2.46662278028361
19651,141.97083,-35.60806,901486.975858797,-3924911.99000102,25.31139401,4.31829151091322,68.5631854962426,4.31829151091322
19653,141.96111,-35.61361,900561.931145365,-3925458.0442968,18.77942136,-1.7252493487654,68.5631854962426,1.7252493487654
19659,141.95139,-35.61917,899636.889019299,-3926005.27089044,23.67840085,2.46516653149486,69.407065630387,2.46516653149486
19660,141.97778,-35.6025,902162.250474771,-3924345.32983484,13.88044188,-6.05712825672653,68.5631854962426,6.05712825672653
19665,144.3942695,-35.59808455,1120083.0026869,-3942982.58344297,16,0.79667088331597,60.0670833177945,0.79667088331597
19666,144.3304298,-35.56212884,1114716.61961868,-3938448.69702032,14,2.02679999589553,59.6075024572577,2.02679999589553
19674,149.3514572,-34.88506295,1576441.71686756,-3916550.04377923,46,18.640280202052,92.7385116685056,18.640280202052
19676,149.3290667,-34.86226667,1574763.01364241,-3913760.35224997,34,8.477553824353,92.7385116685056,8.477553824353
19677,139.5874,-35.19626,689005.0719263,-3864414.56079549,22.86190427,2.38313164575012,34.5480824197479,2.38313164575012
19679,139.59804,-35.12066,690469.85602402,-3856079.55257505,26.94438717,9.35799266626594,32.5152939928996,9.35799266626594
19682,139.93137,-35.35689,719093.46402175,-3884135.19456835,16.32993162,-0.256729687022457,28.6889783285301,0.256729687022457
19688,143.93778,-35.71944,1077694.42034923,-3952473.20105842,7.071067812,-13.2593775211929,58.2303382079826,13.2593775211929
19691,144.4844305,-35.6524344,1127616.10092672,-3949783.94871797,17,1.6358486402765,58.6158963980795,1.6358486402765
19705,151.0475976,-31.57182918,1784398.11140287,-3572683.18301019,38,8.00573530429899,144.233770244973,8.00573530429899
19706,151.0241851,-31.56991175,1782252.89484928,-3572144.10935953,26,-6.80905841146935,144.233770244973,6.80905841146935
19710,151.045153,-31.5748255,1784120.98152383,-3572980.73233931,36,3.66173140127499,144.233770244973,3.66173140127499
19722,150.1897117,-32.82160791,1684752.03632253,-3699339.10278834,27,-7.267613348859,132.33885288434,7.267613348859
19724,150.1888431,-32.84485296,1684303.57520444,-3701898.80856674,30,-5.48713881489597,128.220821151291,5.48713881489597
19726,150.1939063,-32.88032469,1684206.71925108,-3705888.92468028,25,-6.34664021941434,124.181620433002,6.34664021941434
19727,150.1980783,-32.8272053,1685432.91966884,-3700068.59659651,20,-4.001079184104,132.33885288434,4.001079184104
19732,150.1886318,-32.85584476,1684109.87082242,-3703111.80384706,16,-11.599869098364,124.181620433002,11.599869098364
19733,150.1908356,-32.81982994,1684883.62250669,-3699157.25767818,34,5.22776741193107,132.33885288434,5.22776741193107
19735,150.1854295,-32.8557727,1683816.51333264,-3703061.62361487,18,-15.5763897325453,124.181620433002,15.5763897325453
19739,148.5082225,-33.45557861,1520799.28307811,-3748397.0884714,26,1.715870009255,80.170104325715,1.715870009255
19743,148.5398632,-33.46706688,1523532.30452125,-3750045.67464852,20,-5.78706138570399,84.6014004852581,5.78706138570399
19745,148.5164795,-33.44287908,1521738.45927334,-3747089.69297179,24,-0.559102753729668,79.1614518380187,0.559102753729668
19748,148.512213,-33.42886234,1521549.21919047,-3745487.32182797,14,-7.33633654656267,79.1614518380187,7.33633654656267
19750,145.7258948,-35.49838046,1241170.34457809,-3944269.54698468,17,-1.6395744089581,74.1709322972782,1.6395744089581
19753,144.9538662,-35.49026778,1171697.12511321,-3936082.53041945,24,3.72178232113857,33.4206695784404,3.72178232113857
19757,148.8460589,-34.43663114,1537359.52701919,-3860908.91198931,21,-5.0562863996675,31.3555968469419,5.0562863996675
19758,148.8658567,-34.49493782,1538300.83028974,-3867585.54681067,33,7.24562460470367,27.8042386080253,7.24562460470367
19760,148.839492,-34.43492681,1536788.66445978,-3860641.69313456,26,1.11134172314048,31.3555968469419,1.11134172314048
19766,151.2768212,-31.41707924,1808313.92785519,-3558776.2657704,26.24393405,-4.58887125927967,98.8307670670849,4.58887125927967
19770,143.28639,-35.86861,1017585.89013475,-3963624.50637594,22.26758041,0.366207557302943,115.41637211877,0.366207557302943
19773,139.24004,-34.93544,659139.45118162,-3833618.80899287,1.632993162,-13.5373467078947,50.9286846943603,13.5373467078947
19774,139.23636,-34.94055,658772.591009637,-3834167.49390504,10.61445555,-3.86682957439155,28.9588611992547,3.86682957439155
19788,146.6171876,-35.10658441,1326397.16150007,-3909938.60682537,11,-13.5314341141553,37.6866001285746,13.5314341141553
19789,146.6070099,-35.10550585,1325491.3287284,-3909713.79915697,11,-12.8465207613512,41.3477001539028,12.8465207613512
19792,143.31972,-35.83306,1020932.2777512,-3959959.61643172,19.79898987,-10.2068708072011,109.248659799554,10.2068708072011
19794,143.35333,-35.92167,1023082.70976102,-3970025.24264022,18.38477631,-8.43350560909553,138.614067233463,8.43350560909553
19796,143.33194,-35.83639,1021998.77023049,-3960425.53324196,38.18376618,12.1631222181821,109.248659799554,12.1631222181821
19797,139.74231,-35.30751,702306.129719908,-3877604.76481827,8.164965809,-8.49025465551119,35.1185317700763,8.49025465551119
19798,139.76626,-35.25436,704834.94314836,-3871838.68061861,7.348469228,-10.6755055768304,25.9154913818832,10.6755055768304
19799,139.76528,-35.25048,704772.31611803,-3871402.68720473,13.06394529,-4.65286135709706,25.9154913818832,4.65286135709706
19801,143.05528,-35.87639,996726.857965652,-3962662.83192696,24.04163056,1.28010729729971,113.775884549067,1.28010729729971
19802,142.97417,-35.82167,989953.301625714,-3955980.49980352,2,-20.1364148735004,98.2741802441406,20.1364148735004
19804,145.238809,-35.50583621,1197200.38333189,-3940445.03485883,18,2.72465444872977,63.0593892711582,2.72465444872977
19805,144.24444,-35.75972,1104866.67595494,-3959545.31455607,6,-10.8453457539652,52.1187200331416,10.8453457539652
19806,144.26306,-35.77278,1106402.70071408,-3961149.8584047,6,-6.19257708789473,56.3663310449749,6.19257708789473
19813,144.18917,-35.71528,1100364.70773698,-3954156.23444254,14,-4.90787506389507,62.7016490338169,4.90787506389507
19814,146.2743051,-35.2245996,1293951.05798311,-3919462.39577928,15,-4.01181175838898,66.2479302335305,4.01181175838898
19816,146.3033649,-35.27142349,1295992.65439538,-3924930.42874106,14,-5.4195066897948,66.5048961742536,5.4195066897948
19821,149.4405833,-33.32145556,1608209.6653009,-3744974.05825207,7,-16.6508800697103,153.973324773821,16.6508800697103
19827,140.42516,-35.47088,762964.82205318,-3899641.74833885,13.88044188,-4.17004284550942,21.611107892323,4.17004284550942
19830,146.2010642,-35.21926027,1287405.14060955,-3918132.4681774,6,-15.4729893255543,77.6396767006608,15.4729893255543
19833,148.0495781,-34.50314564,1464137.28330048,-3858900.3027289,8,-11.0215937864797,29.1672907589632,11.0215937864797
19836,148.0414485,-34.50635335,1463354.81294662,-3859161.61981017,13,-7.78776507284423,29.1672907589632,7.78776507284423
19839,139.99501,-35.3316,725031.652959541,-3881689.2221376,15.51343504,0.366296738687719,20.2104504016855,0.366296738687719
19842,146.0317273,-35.34212788,1270618.71255887,-3930013.4772654,30.91938499,7.130836181585,95.3557864749278,7.130836181585
19846,142.8025,-35.92389,973546.334479939,-3965966.3742836,21.21320344,3.93643490972452,127.319116362203,3.93643490972452
19847,149.2037675,-34.13407329,1574334.70045342,-3831848.89069784,28,1.11386911788399,31.64765669619,1.11386911788399
19848,149.2382268,-34.16166121,1577055.29178817,-3835321.14192064,22,-6.08176870205767,39.4338736738187,6.08176870205767
19851,149.2035259,-34.12124297,1574504.73579719,-3830428.64515379,26,-4.04181760913001,31.64765669619,4.04181760913001
19852,144.2960056,-35.72874444,1109835.83201585,-3956568.665246,20,7.64188971376147,58.9149336691681,7.64188971376147
19854,144.2888972,-35.73385278,1109141.73052037,-3957071.54760023,14,1.37221991151691,58.9149336691681,1.37221991151691
19855,144.32,-35.7775,1111473.60822838,-3962165.73610798,8,-5.34014781787863,51.3313747175199,5.34014781787863
19858,149.3811005,-34.572265,1583841.14692659,-3882416.33848372,36,13.0901043600755,76.1962404872017,13.0901043600755
19866,140.3976,-35.46347,760526.732053941,-3898655.80678281,10.61445555,-7.41227035393395,21.836725649154,7.41227035393395
19868,151.2930873,-31.34187396,1811094.99332688,-3550681.96522617,33,1.80275151111034,71.2414384403009,1.80275151111034
19869,148.9566044,-33.92366478,1554955.05152574,-3805571.78989956,20,-7.11377997401035,55.921330631037,7.11377997401035
19872,148.9684775,-33.9225738,1556053.54316182,-3805595.75823128,21,-8.812104593049,55.2681809656961,8.812104593049
19877,149.7253889,-33.62325,1629645.7875316,-3781949.87671305,22,1.13453263333664,214.848828253219,1.13453263333664
19881,149.7092611,-33.6246,1628151.7208165,-3781893.43870832,12,-11.2980211812373,221.011761074773,11.2980211812373
19882,149.7199722,-33.68319444,1628226.24580652,-3788505.06069158,7,-19.8792106719069,217.291279453932,19.8792106719069
19883,140.20568,-35.38011,743764.344933304,-3888281.39993125,8.164965809,-6.10095266609182,19.505251885705,6.10095266609182
19884,139.37327,-35.21919,669434.95501605,-3865821.4352193,17.96292478,2.60533003820033,39.1371130759126,2.60533003820033
19892,139.27451,-35.05736,661502.326862356,-3847338.93978635,22.04540769,2.52130320902555,30.1790395852827,2.52130320902555
19900,150.2776729,-32.86024994,1692227.93695783,-3704775.61352921,29,-9.12455224484138,124.181620433002,9.12455224484138
19903,150.2114154,-32.84463409,1686383.0971904,-3702172.37176161,13,-18.403065973543,124.181620433002,18.403065973543
19904,150.2105568,-32.84203632,1686345.36606133,-3701873.70808504,34,1.48767218990633,124.181620433002,1.48767218990633
19909,150.2212041,-32.83899151,1687373.00214796,-3701677.51723002,29,-1.65467890033966,124.181620433002,1.65467890033966
19911,150.2783306,-32.86214868,1692258.16309031,-3704994.31634686,35,-7.43820840159168,124.181620433002,7.43820840159168
19912,150.2081286,-32.84726558,1686039.03635291,-3702420.04928538,28,-0.952316541505873,124.181620433002,0.952316541505873
19914,150.2387198,-32.85966604,1688655.32998028,-3704195.61509061,27,-3.50793791954501,124.181620433002,3.50793791954501
19915,150.2832893,-32.87224666,1692553.19303654,-3706176.77580451,11,-32.061028612081,124.181620433002,32.061028612081
19918,150.2365847,-32.85961886,1688459.74354419,-3704162.17719644,29,-3.61518818909834,124.181620433002,3.61518818909834
19921,149.3416048,-33.18749514,1601163.26376954,-3728911.04206255,61,30.5575619627697,111.669018058627,30.5575619627697
19924,149.3483614,-33.25240191,1600802.05924633,-3736177.02362614,40,9.941854741474,139.111525517902,9.941854741474
19925,149.3439543,-33.19195942,1601311.3866515,-3729434.44701503,43,13.291400439523,130.551897621331,13.291400439523
19926,149.3491775,-33.25201679,1600882.72242715,-3736144.6425474,24,-7.00224888350933,139.111525517902,7.00224888350933
19929,149.3453259,-33.18588314,1601529.08837698,-3728779.32083461,41,11.0149415388777,111.669018058627,11.0149415388777
19930,149.3186933,-33.18770781,1599057.60110091,-3728647.61262278,37,4.8895611887701,111.669018058627,4.8895611887701
19933,149.3075014,-33.19256853,1597957.25763584,-3729045.41587992,29,-2.99802065551133,111.669018058627,2.99802065551133
19936,149.1896371,-34.38407223,1569312.1520155,-3859282.97237011,16,-14.4725113311843,36.2493762149902,14.4725113311843
19938,149.1888082,-34.3940046,1569088.50386103,-3860369.34372976,33,3.32274832496434,36.2493762149902,3.32274832496434
19939,149.1887378,-34.39130107,1569122.51788948,-3860070.00644106,26,-4.41488003921801,36.2493762149902,4.41488003921801
19941,147.6556971,-34.73107803,1425284.99252319,-3879631.67452363,22,0.892003516197988,27.2176863481052,0.892003516197988
19950,139.21742,-34.75465,658218.38640437,-3813413.81536687,26.94438717,-1.02644357088184,68.4612128517745,1.02644357088184
19952,140.12439,-35.42192,736110.888710636,-3892447.82059407,8.98146239,-8.12223112034467,19.4785448696818,8.12223112034467
19953,143.36194,-35.99083,1023174.87295643,-3977738.75624005,43.84062043,18.1981762499721,236.3958244975,18.1981762499721
19955,143.31056,-35.88139,1019633.95336596,-3965230.22491851,7.071067812,-19.829394749993,115.427368353501,19.829394749993
19956,143.21833,-35.8975,1011184.18141495,-3966278.33393826,16,-3.60954413688171,129.741924795512,3.60954413688171
19958,149.7643331,-34.07206393,1626264.97724952,-3832022.66259815,16,-9.42056892609132,121.694454446572,9.42056892609132
19959,149.7137689,-34.06270724,1621809.91070978,-3830346.79092752,15,-11.9620497536957,130.294453902401,11.9620497536957
19961,143.51,-35.90389,1037340.3016499,-3969323.17633465,28.28427125,6.31878973388033,185.92490423902,6.31878973388033
19964,143.18944,-35.92806,1008290.11602478,-3969428.70059503,6,-12.9256872372101,135.146978899501,12.9256872372101
19965,143.19361,-35.97056,1008252.20430886,-3974159.95611858,7.348469228,-14.911964162776,138.171223279536,14.911964162776
19966,144.29861,-35.81833,1109114.13304381,-3966491.82275211,12.24744871,-5.65249655625032,173.352256244134,5.65249655625032
19976,143.11722,-35.99889,1001115.6857862,-3976690.84515272,43.84062043,20.1945052194459,131.516446148856,20.1945052194459
19983,149.4141552,-34.43934864,1588846.26481805,-3868159.63500628,22,3.10940630129533,58.005370261949,3.10940630129533
19989,149.4433861,-34.35943276,1592708.50963529,-3859703.20118066,34,7.31312409360476,60.6319047957752,7.31312409360476
19990,149.4434123,-34.36033378,1592697.22285669,-3859802.98152284,24,-2.00874809122265,60.6319047957752,2.00874809122265
19996,144.4013231,-35.84562742,1118054.32960184,-3970403.29030799,12,-4.17726706432509,221.042722817746,4.17726706432509
19997,148.6661099,-34.47212767,1520516.92129961,-3862675.43619231,32,6.71945627663,23.9251316476393,6.71945627663
20000,142.92639,-35.96778,984268.442078068,-3971768.79252514,40,16.930201517624,134.712058299959,16.930201517624
20003,148.8484365,-34.27249163,1539980.07826367,-3842808.36558507,28,2.14271460231667,30.0771458104912,2.14271460231667
20008,148.8785959,-34.28555798,1542528.85421561,-3844615.60039269,14,-12.991455255683,27.5304487441571,12.991455255683
20009,145.0597232,-35.67519976,1179142.44339958,-3957493.44804425,21,3.4508023884668,36.5158517136788,3.4508023884668
20010,143.84222,-35.99,1066312.55110893,-3981574.61004902,21,-3.68726900148557,306.779941455586,3.68726900148557
20015,149.3852743,-33.58629871,1599130.7092135,-3773567.52499966,28,2.7451121076648,135.336297533764,2.7451121076648
20021,148.6178228,-34.33932473,1518055.42257949,-3847431.67957043,24,-2.97984943919068,28.6782804154578,2.97984943919068
20023,148.6557441,-34.33295661,1521592.18968092,-3847179.26439201,22,-4.76982619368433,29.8641220043018,4.76982619368433
20024,148.6304166,-34.34411704,1519130.06480303,-3848110.82487773,30,2.29501103260833,28.6782804154578,2.29501103260833
20034,151.5946245,-31.3592805,1838882.77803993,-3556915.90514857,29,5.99443633541866,54.439769674309,5.99443633541866
20035,151.6166818,-31.34055714,1841257.1334565,-3555161.77651297,31,5.33356976418532,48.0390248872288,5.33356976418532
20041,146.5572067,-35.27118514,1318896.89410229,-3927501.90116909,10,-7.06398282779534,52.9044760539778,7.06398282779534
20042,146.577338,-35.26704623,1320765.28304836,-3927252.71339732,10,-7.52457880704408,34.9840713818595,7.52457880704408
20047,149.2997514,-35.02312974,1569699.02303996,-3931134.12416492,40,14.2923208776786,79.9262034440244,14.2923208776786
20048,149.2118644,-34.97644308,1562470.63342521,-3924910.12966356,25,-0.506904475587312,100.081995931329,0.506904475587312
20050,149.2496004,-34.9545641,1566203.11602796,-3922960.04013999,19,-7.865873379607,100.081995931329,7.865873379607
20052,149.2853407,-34.90605372,1570156.49235351,-3918050.23186432,24,-2.62100503186832,92.7385116685056,2.62100503186832
20053,149.2791209,-34.90352914,1569632.83140305,-3917695.44102465,33,6.33941508590235,92.7385116685056,6.33941508590235
20054,149.2787976,-34.90173219,1569630.60407394,-3917493.33533269,18,-9.38379836941097,92.7385116685056,9.38379836941097
20056,146.7680178,-35.28546984,1337728.87770541,-3931271.40489887,9,-10.2250926905009,32.7563372891868,10.2250926905009
20058,149.3916889,-33.77701111,1596829.37601262,-3794729.16912961,8,-23.7675773207817,131.558316729691,23.7675773207817
20067,145.2282074,-35.65486394,1194534.00658014,-3956812.06335943,2.67496122,-13.9215577463405,58.0383781921334,13.9215577463405
20069,146.4129328,-35.24652303,1306189.99994469,-3923295.33535519,7,-9.55398174508158,56.2568736546742,9.55398174508158
20074,148.6831638,-34.20904861,1525880.89984793,-3833815.6760281,17,-7.031485815963,27.8100057673513,7.031485815963
20077,148.6447313,-34.21407871,1522312.87547219,-3833913.0362491,23,1.50823639675433,29.4305183436735,1.50823639675433
20081,143.81667,-35.93444,1064587.98023086,-3975222.40337276,24.49489743,-1.81722874107903,195.872263537427,1.81722874107903
20084,143.76333,-35.90556,1060090.79854771,-3971587.28321376,13.06394529,-9.50516231449992,197.1679410243,9.50516231449992
20089,148.4698486,-35.04269566,1494545.91192298,-3923338.99012237,57,21.5124416898407,121.541912769079,21.5124416898407
20090,148.4742444,-35.05332345,1494790.56717222,-3924562.81985431,43,6.77193103976267,118.462813459209,6.77193103976267
20091,148.4676968,-35.0449758,1494319.1271189,-3923565.35564629,51,17.3539487693407,121.541912769079,17.3539487693407
20094,148.9672151,-34.0790374,1553628.28579055,-3822872.59537808,17,-10.642816608685,29.9866434844109,10.642816608685
20098,143.67417,-35.97417,1051383.50993329,-3978432.66496313,48.08326112,28.6152504325732,218.270074270333,28.6152504325732
20100,143.65,-35.97056,1049249.26630427,-3977835.03121081,32,11.7826002262579,213.428208310265,11.7826002262579
20104,141.9425,-35.82889,897024.278234299,-3949160.31211883,20,1.004829788844,50.6460258059638,1.004829788844
20107,147.4756777,-34.74839843,1408743.85694649,-3879548.78980263,20,-2.84570057142946,28.1400815013971,2.84570057142946
20110,144.9220286,-35.6902088,1166584.55257956,-3957887.57936938,18,0.753409086221993,34.7811365728603,0.753409086221993
20113,148.0039642,-33.96504568,1467490.61947311,-3798879.19493376,26,-0.461811180532258,38.5527155276966,0.461811180532258
20119,148.0104782,-33.95940095,1468163.47010552,-3798329.52769958,28,1.29618244248099,38.5527155276966,1.29618244248099
20125,148.0091375,-33.96226178,1468001.30094322,-3798630.63131875,26,0.276250503827658,38.5527155276966,0.276250503827658
20127,146.3513243,-35.39264087,1298809.424312,-3938807.20533617,10,-7.62289480478204,50.0005688831438,7.62289480478204
20128,146.3883255,-35.33454066,1302869.68628804,-3932766.94146321,23.7841423,5.48113347376573,56.800932535623,5.48113347376573
20133,146.6517062,-35.2460932,1327740.4297014,-3925709.24106849,10,-4.6358519346624,32.7563372891868,4.6358519346624
20139,139.32452,-35.28662,664584.123786253,-3873051.46221565,9.797958971,-8.44984039777999,37.803280780816,8.44984039777999
20140,139.32091,-35.28759,664250.756117299,-3873140.34707356,10.61445555,-7.89011737921506,37.803280780816,7.89011737921506
20141,139.27479,-35.27143,660172.918369217,-3871107.65083926,7.348469228,-6.75913609498567,37.3585442974257,6.75913609498567
20151,149.5497396,-33.56549568,1614481.61874781,-3773336.18583604,28,-3.9554510337522,130.109246032161,3.9554510337522
20152,149.5497437,-33.56549012,1614482.07851747,-3773335.62301388,28,-3.9554510337522,130.109246032161,3.9554510337522
20159,150.0626802,-31.72817167,1690296.70123464,-3576604.6629196,35,1.03366238647932,66.7596686162595,1.03366238647932
20162,150.2258244,-31.71089177,1705735.38062011,-3576858.51601643,29,-2.99305129229467,71.1983433863886,2.99305129229467
20163,150.1080788,-31.72875989,1694507.32745096,-3577271.240743,19,-8.53744558688834,67.090486020478,8.53744558688834
20166,150.0789589,-31.72446146,1691868.4428046,-3576409.04110889,24,-9.05921915172668,69.7347882308578,9.05921915172668
20168,144.20167,-35.98917,1098590.38252696,-3984528.47541308,14,-4.00900824777467,235.452517884816,4.00900824777467
20170,146.2135409,-35.49338431,1285148.65629302,-3948539.24009983,19,2.01076293724485,62.3290954517007,2.01076293724485
20171,146.2660861,-35.48002836,1290045.29265001,-3947593.99396341,8,-6.7266166561884,52.1715077371575,6.7266166561884
20172,145.992392,-35.54909225,1264557.10923474,-3952484.14436436,9,-8.78664029261776,69.065649431867,8.78664029261776
20175,141.81417,-35.85028,885286.897764073,-3950632.53335371,19,1.0789237194341,61.1161724367005,1.0789237194341
20180,143.16472,-36.10889,1004317.1008682,-3989220.90772928,14.69693846,-7.34146537283858,182.947018782954,7.34146537283858
20184,143.49861,-36.10111,1034349.62318296,-3991025.3280447,57.98275606,15.7432511134019,273.976371600134,15.7432511134019
20188,149.4536889,-33.9017,1600592.44667304,-3809283.39085798,15,-14.4598313611126,131.384843519511,14.4598313611126
20198,143.28333,-36.03028,1015728.21011648,-3981471.49505141,31.11269837,6.84733008578606,230.006940529216,6.84733008578606
20200,144.5577482,-35.85634207,1131995.11245957,-3972964.49143921,2.385812186,-12.4284904608572,45.5730094548694,12.4284904608572
20202,143.03889,-36.10583,993055.759747762,-3987899.12519517,19.79898987,-4.173772952817,142.496726615483,4.173772952817
20203,143.07583,-36.11222,996309.183595432,-3988892.88791302,25.45584412,4.21661196492088,196.586861389679,4.21661196492088
20210,142.95194,-36.07139,985580.117113402,-3983419.47518206,7,-9.47048503272185,151.300973943189,9.47048503272185
20214,143.00194,-36.09389,989853.900867712,-3986292.82347103,36.76955262,15.2118116910896,136.796788745646,15.2118116910896
20220,149.1668337,-35.26168055,1554157.50786236,-3955797.79551853,25,2.50092622338567,107.6912283401,2.50092622338567
20224,149.1594544,-35.27353187,1553317.0234814,-3957013.77303382,19,-4.29970762462034,107.6912283401,4.29970762462034
20225,149.165975,-35.2707108,1553945.74381363,-3956782.26086059,18,-1.64660576191173,107.6912283401,1.64660576191173
20227,149.161604,-35.27169049,1553537.85614495,-3956837.03817182,30,9.08359515841067,107.6912283401,9.08359515841067
20233,148.4483825,-33.79623435,1510436.6957207,-3785383.17786405,30,2.75408176358632,39.122177751358,2.75408176358632
20234,148.4870628,-33.80684826,1513816.58239443,-3787015.11752147,35,9.53292046338833,40.3202857851543,9.53292046338833
20239,148.4814144,-33.81215972,1513224.61578487,-3787535.73860388,30,-0.213526906632673,42.593578678668,0.213526906632673
20242,148.4127051,-33.79493467,1507197.11706507,-3784818.04336707,31,4.83122296737499,39.122177751358,4.83122296737499
20244,142.7975,-36.09333,971509.736956766,-3984661.60146872,38.18376618,15.1677466311406,152.987523074067,15.1677466311406
20246,142.76111,-36.10278,968155.097870838,-3985429.89506897,31,-4.01614945737828,145.939052434085,4.01614945737828
20247,142.81083,-36.04083,973198.51237652,-3978959.63314112,19.79898987,-2.50843444836039,144.844844552321,2.50843444836039
20249,142.81944,-36.02639,974107.254370422,-3977428.89345974,16.97056275,-4.56381122479294,145.398264008052,4.56381122479294
20250,142.78083,-36.09444,970003.032916626,-3984657.62671248,35.35533906,11.9010192242753,140.477959775597,11.9010192242753
20251,142.77722,-36.08028,969811.346384273,-3983065.01829598,26.87005769,-0.268342087022162,145.874700287834,0.268342087022162
20258,148.5899,-34.03013,1519981.58230664,-3812928.11055317,17,-8.61445076611565,40.0035485985413,8.61445076611565
20262,149.4669157,-33.67538426,1605238.66251776,-3784439.50908443,30,1.54301167311618,133.850175177583,1.54301167311618
20263,149.5293389,-33.62788889,1611664.33672138,-3779975.57791326,5,-24.4124819285993,176.233227281787,24.4124819285993
20266,148.7695795,-34.11134926,1535164.6963285,-3824054.19190439,19,-8.65451614075853,32.6367232698981,8.65451614075853
20272,144.9357667,-35.73875556,1167275.6485841,-3963376.44149928,15,-1.83285250953169,34.7811365728603,1.83285250953169
20274,144.9947721,-35.77612606,1172160.41353141,-3968044.72669541,7,-11.4645395076609,40.4500264695708,11.4645395076609
20276,148.6297711,-34.81434403,1512274.40331638,-3900025.08475744,36,10.817368705638,117.871490932996,10.817368705638
20278,148.9226895,-34.31372696,1546120.42165993,-3848260.06860046,34,4.38734898823234,28.1068870114053,4.38734898823234
20279,148.9216319,-34.36332974,1545294.45874511,-3853725.65881993,34,5.02879066032832,29.307543765506,5.02879066032832
20281,149.014857,-34.39699391,1553259.54548076,-3858573.71313529,29,0.299965916053662,36.1149289197821,0.299965916053662
20284,149.796946,-33.70820205,1634865.97384787,-3792251.24677075,4,-24.3489501149391,183.045332785889,24.3489501149391
20285,149.7971019,-33.70775844,1634887.0746407,-3792204.22922614,38,9.5327573744456,183.045332785889,9.5327573744456
20286,149.74805,-33.77218056,1629414.89954528,-3798695.03447896,3,-24.9669482133007,204.560425330981,24.9669482133007
20288,142.59056,-36.02278,953581.389548252,-3975302.99512164,6.531972647,-12.2297935412844,117.222323594681,12.2297935412844
20290,146.3656604,-35.40538541,1299942.44962437,-3940360.50177559,5,-14.6844689116644,50.0005688831438,14.6844689116644
20291,146.3997076,-35.43579224,1302630.24905079,-3944065.12065173,11,-6.96084448622117,47.6018041381055,6.96084448622117
20296,145.0729431,-35.76792406,1179280.09928675,-3967858.19704433,22,2.83786665521077,43.4298597181463,2.83786665521077
20297,145.0722218,-35.76802067,1179214.16405875,-3967862.20965542,25,5.8075424589541,43.4298597181463,5.8075424589541
20303,147.7828204,-34.77086112,1436253.81452665,-3885450.42511661,16,-2.46942781129082,26.9507566663582,2.46942781129082
20304,140.14267,-35.52832,737011.870842635,-3904352.17153987,25.31139401,3.08891223458446,17.0881650486821,3.08891223458446
20308,148.1238876,-34.81757712,1466473.57281322,-3894484.39005936,29,1.46685424158149,85.6184237898204,1.46685424158149
20310,148.6559414,-34.14900362,1524275.27453668,-3826855.01812378,32,8.46556463035684,27.5831262077084,8.46556463035684
20317,148.9798024,-34.24699619,1552293.18161355,-3841581.84019813,33,7.43615904843567,24.7296994216067,7.43615904843567
20320,148.9788015,-34.25061898,1552148.72010829,-3841969.85286875,18,-7.03361708208532,24.7288611374398,7.03361708208532
20325,145.2560246,-35.83138039,1195006.87830365,-3976567.05700734,18,-0.476592029315857,38.0126279011581,0.476592029315857
20328,145.2388678,-35.82427885,1193547.31590062,-3975622.54911677,24,7.8462027361122,38.0126279011581,7.8462027361122
20334,145.2380739,-35.82363617,1193483.37805101,-3975544.16891376,21,5.9090334554465,38.0126279011581,5.9090334554465
20336,145.2480522,-35.82844276,1194324.51608035,-3976168.14734598,23,6.43715444169817,38.0126279011581,6.43715444169817
20339,145.0671072,-35.77002996,1178731.61994318,-3968036.9360094,26,9.32696797082142,43.4298597181464,9.32696797082142
20340,145.0669951,-35.77100174,1178710.52659581,-3968143.23438598,18,-1.24195554394219,43.4298597181464,1.24195554394219
20341,145.068542,-35.77016119,1178859.10793892,-3968064.66912949,19,0.97420052036416,43.4298597181463,0.97420052036416
20342,148.5364814,-34.33351959,1510749.93798596,-3845826.08676362,24,-0.685626130082348,28.7576148463464,0.685626130082348
20343,145.3460677,-35.73719987,1204185.00556179,-3967012.71109081,23,0.578036878301205,46.8746346571109,0.578036878301205
20346,145.3131631,-35.7271508,1201342.93844731,-3965593.13417319,35,14.0493235873003,48.3434390418577,14.0493235873003
20348,149.5848975,-33.23987786,1622682.98961565,-3737775.69790891,19,-3.70935161288239,149.825437882338,3.70935161288239
20351,145.5622846,-35.77948616,1223123.51090954,-3973735.91282249,18,-6.5978487742843,58.9901131791505,6.5978487742843
20353,145.4393068,-35.71644167,1212808.84239245,-3965602.30051864,2.385812186,-12.1693836920506,43.1154096195858,12.1693836920506
20359,140.07187,-35.54628,730486.180094716,-3905936.8703558,23.67840085,1.81069611394218,16.1250961417247,1.81069611394218
20375,144.91694,-35.82972,1164563.21945618,-3973252.35731399,21.7360436,-1.23054250079139,32.8657775681979,1.23054250079139
20379,146.1720337,-35.54905306,1280726.41760943,-3954269.32176866,21,-1.0365951642376,53.0119221897083,1.0365951642376
20381,143.18278,-36.23611,1004704.09144125,-4003418.2177926,31.11269837,10.1387810114955,258.724987961172,10.1387810114955
20383,144.46806,-35.94667,1122959.24908623,-3982150.3874702,23,1.53962863055122,211.848972661604,1.53962863055122
20385,144.46583,-35.94667,1122759.03783518,-3982130.78776137,27,4.12044242452538,211.848972661604,4.12044242452538
20391,139.11471,-34.94764,647665.64515898,-3834333.12688884,27.76088375,1.62852936255436,27.5905707599881,1.62852936255436
20393,139.15004,-34.96159,650791.630703605,-3836062.37197211,22.86190427,-13.996338054425,28.2169133577593,13.996338054425
20395,139.03815,-34.92718,640828.685376924,-3831673.99893765,30.21037349,1.50581474517843,31.8429751865497,1.50581474517843
20399,139.17972,-35.0194,653128.988373349,-3842635.29568739,25.31139401,-2.45892751969641,32.6484164416271,2.45892751969641
20412,139.314,-35.14861,664508.691258564,-3857676.43407842,15.55634919,2.34307155477262,35.8651126900263,2.34307155477262
20413,139.31362,-35.14938,664469.304848837,-3857759.94921165,8.94427191,-5.17227277281139,35.8651126900263,5.17227277281139
20417,139.29333,-35.25897,661932.600887894,-3869820.55938771,4.082482905,-15.3424575999515,38.241245428133,15.3424575999515
20421,139.30805,-35.23961,663390.174063168,-3867747.93664746,26.12789059,0.223309180648958,40.6453661196859,0.223309180648958
20424,139.22456,-35.11793,656584.24467458,-3853807.45264451,27.76088375,4.83377302137346,41.7596217235439,4.83377302137346
20425,139.35807,-35.22487,668020.087964469,-3866372.38124962,26.94438717,5.95851318598395,37.4187993592565,5.95851318598395
20428,148.7189622,-34.36815296,1526822.82863417,-3851821.60563942,19,-7.44259576787802,26.8820536435707,7.44259576787802
20430,148.9037919,-34.58271254,1540450.9591369,-3877732.99537969,30,3.28322068929034,25.1290284833736,3.28322068929034
20432,148.9391353,-34.57900024,1543707.59704064,-3877749.82449741,23,-4.45018221004766,24.1160325709854,4.45018221004766
20437,148.9391877,-34.58125346,1543679.17203527,-3877999.17641312,19,-9.164393714794,24.1160325709854,9.164393714794
20438,148.9309776,-34.58047702,1542946.79208068,-3877814.29036867,25,-1.946381050735,24.1160325709854,1.946381050735
20439,148.9413252,-34.57941623,1543899.87218129,-3877822.20586032,28,0.466827950789003,24.1160325709854,0.466827950789003
20444,139.70587,-35.49573,697743.687505081,-3898285.42351364,19.59591794,-3.599471770011,27.1879845411714,3.599471770011
20454,149.2652389,-33.78693056,1585141.23101017,-3794250.79961055,7,-31.6859466619567,130.903815230983,31.6859466619567
20458,149.2067304,-33.8604898,1578700.34315593,-3801656.64124873,29,-6.01678836295365,108.673759331366,6.01678836295365
20461,149.2459028,-33.82310287,1582833.74811784,-3798009.15920052,27,-5.41729857926967,111.530626089542,5.41729857926967
20468,149.2427644,-33.86505968,1581917.76653857,-3802607.43724761,20,-5.57439282222032,108.673759331366,5.57439282222032
20475,149.2489014,-33.83158683,1582979.90934255,-3798984.00461559,20,-5.2118587293455,109.81951074364,5.2118587293455
20478,149.2026047,-33.83745411,1578669.02201842,-3799059.62714087,34,8.88147260078768,108.673759331366,8.88147260078768
20485,141.86944,-35.93778,889513.118737947,-3960699.43600728,27.83447551,9.15559654547146,56.959552907084,9.15559654547146
20489,148.0609345,-34.64351345,1463207.831212,-3874538.89053531,22,-3.64441764427651,29.6755169823854,3.64441764427651
20490,148.0570143,-34.64240228,1462868.07923671,-3874371.24984589,21,-4.29520477009667,29.6755169823854,4.29520477009667
20495,143.70278,-36.15111,1052157.33299014,-3998215.68986422,27,-1.62204429379867,233.04969434331,1.62204429379867
20498,143.54194,-36.17278,1037519.55802325,-3999293.70620703,70,39.5575217177431,239.253788838413,39.5575217177431
20506,148.8280042,-34.55682229,1533963.15171202,-3873962.94121797,29,2.76009583715767,27.1264094184414,2.76009583715767
20507,148.8387897,-34.55170124,1535015.56327616,-3873527.11124256,32,5.71427556047233,27.1264094184414,5.71427556047233
20511,149.0483832,-34.83887251,1549755.40454341,-3907747.98374769,30,4.896967942895,58.4025769595576,4.896967942895
20513,149.035459,-34.84091468,1548557.30858043,-3907816.52787824,20,-6.03227412991033,60.2636620509778,6.03227412991033
20517,149.0776872,-34.85687932,1552136.2770405,-3910089.89512487,22,1.45467684552732,74.2996697623192,1.45467684552732
20519,149.6310653,-34.06795951,1614205.55488817,-3829879.32400795,32,4.71809783760466,134.668402677345,4.71809783760466
20524,149.6681875,-34.05994655,1617705.74336408,-3829464.04988279,18,-10.71514524092,135.04634541659,10.71514524092
20527,149.6265011,-34.09555368,1613367.24907841,-3832868.69084206,22,-6.48813045045,133.400326840096,6.48813045045
20529,142.8325,-36.11722,974426.911276614,-3987568.68285502,52.32590181,27.7964123332194,143.254158381191,27.7964123332194
20533,149.2723109,-35.36585175,1562087.71856227,-3968559.2648876,31,-8.34984933953999,133.547728364957,8.34984933953999
20535,149.2993018,-35.37151588,1564428.83067236,-3969513.3384752,64,36.2071169356483,133.547728364957,36.2071169356483
20538,149.2756566,-35.3915653,1562003.167206,-3971432.03191621,36,7.95851574186598,150.25224034644,7.95851574186598
20545,149.2671381,-35.38613653,1561318.95321728,-3970730.04143913,24,-10.4551648393333,150.46970855467,10.4551648393333
20552,147.074959,-35.25965606,1365742.49601505,-3931668.72159924,14,-0.746082525099803,26.3821183729162,0.746082525099803
20554,147.0792542,-35.27889568,1365877.93486814,-3933838.75812658,16,0.697688986425806,40.8024710845487,0.697688986425806
20555,147.0818243,-35.27584622,1366149.58129331,-3933529.57618462,17,3.06470572097243,40.8024710845487,3.06470572097243
20559,147.0801722,-35.27312418,1366036.26410902,-3933211.39314773,15,0.21887095926453,40.8024710845487,0.21887095926453
20562,147.0746518,-35.28436292,1365391.43384915,-3934393.14360706,9,-6.73046137943466,40.8024710845487,6.73046137943466
20567,148.6898484,-34.29912766,1525181.11157637,-3843848.54017833,27,2.581567086669,28.7550858735541,2.581567086669
20568,148.6921474,-34.30540784,1525298.8324053,-3844569.82355577,27,2.13403925444166,28.7550858735541,2.13403925444166
20569,148.7593502,-34.21925053,1532660.42969959,-3835854.93789697,20,-8.50585256415967,31.7836792535067,8.50585256415967
20571,143.94222,-36.16833,1073444.20011839,-4002109.2641931,16.32993162,-10.4934565920047,315.668485250715,10.4934565920047
20572,144.485,-36.11111,1122699.99882503,-4000456.93579209,11.3137085,-13.976238883789,205.473171135942,13.976238883789
20574,144.4543317,-36.08847927,1120195.27519396,-3997689.30573288,28.28427125,4.39936573351898,217.558337164927,4.39936573351898
20577,140.84859,-35.71403,799380.635523426,-3929179.03405652,34.2928564,8.08430819166261,27.8313524922739,8.08430819166261
20578,140.87098,-35.73635,801228.137078843,-3931791.82615175,25.31139401,0.0807028905153473,27.8313524922738,0.0807028905153473
20584,142.52722,-36.16639,946579.956027283,-3990708.10774929,26.12789059,4.62105822960631,140.909233193901,4.62105822960631
20586,143.2232,-36.28912,1007810.58304274,-4009591.49242722,11.43095213,-11.0126191151247,227.638369893676,11.0126191151247
20589,141.0169,-35.7064,814620.474229097,-3929396.97914671,36.74234614,6.35800269470441,32.1885651574744,6.35800269470441
20591,149.7339927,-33.95031909,1625383.53109916,-3818192.96227768,20,-7.59429405383902,154.406857604672,7.59429405383902
20596,149.7297407,-33.95266729,1624960.10253385,-3818398.20794073,27,1.27972682363599,154.406857604672,1.27972682363599
20597,143.10441,-36.17159,998301.945420266,-3995676.16710326,15.51343504,-13.181581641505,213.39576526883,13.181581641505
20606,149.5190842,-34.37590089,1599326.19996105,-3862466.50773399,41,13.6645881961543,59.5091516074417,13.6645881961543
20616,149.2481399,-35.70573517,1554832.4469211,-4005681.2472535,21,-4.24955230071516,125.945118694654,4.24955230071516
20617,149.2946806,-35.71365017,1558883.60809074,-4007119.32835795,58,28.280502478546,110.040175685005,28.280502478546
20620,149.2610264,-35.74132475,1555454.69387583,-4009754.13224926,21,-6.47392445913249,126.466426299375,6.47392445913249
20628,139.55435,-35.44045,684403.168461359,-3891334.05813584,13.06394529,-4.05000649079165,38.0804265654261,4.05000649079165
20629,139.55969,-35.43699,684909.132015981,-3890978.84473836,12.24744871,-5.76265742209085,37.7055619929457,5.76265742209085
20633,144.93465,-35.87463857,1165650.49447258,-3978374.54976873,20,-1.2600804676676,34.5111948814131,1.2600804676676
20634,144.9350209,-35.87528497,1165676.55306923,-3978449.31550287,22,0.739919532332397,34.5111948814131,0.739919532332397
20635,144.9353315,-35.87483959,1165709.44485752,-3978402.9665039,19,-2.2600804676676,34.5111948814131,2.2600804676676
20637,144.9511587,-35.84701895,1167443.40154445,-3975475.17301247,14,-3.5502503038947,30.1198440555934,3.5502503038947
20638,144.92806,-35.8775,1165026.55756625,-3978630.42434014,25.21381057,5.21197244259267,34.5111948814131,5.21197244259267
20642,144.9324946,-35.81818984,1166090.14924822,-3972120.78001913,27,8.34398339149043,34.1834552095078,8.34398339149043
20643,144.9325821,-35.86442273,1165579.36855122,-3977227.53521464,6,-13.3089356920047,33.6160303283394,13.3089356920047
20644,144.9739599,-35.78661545,1170171.49981614,-3969012.52714717,15,-7.02111785606266,41.9114272071623,7.02111785606266
20652,144.9486392,-35.86559359,1167008.44643974,-3977503.42230477,13,-6.28311042496516,33.6160303283394,6.28311042496516
20656,144.96194,-35.85833,1168284.74282931,-3976822.85735805,25.21381057,6.33495551453691,30.2148819009222,6.33495551453691
20658,144.9283194,-35.78453333,1166092.44654052,-3968365.23323326,16,-3.30258565168718,33.5194285550248,3.30258565168718
20660,144.94778,-35.835,1167274.86970209,-3974116.94524652,10.43330093,-10.3679651838736,33.9518783207442,10.3679651838736
20665,144.9807348,-35.78689171,1170777.33943032,-3969105.11113572,13,-4.96772344315222,41.9114272071623,4.96772344315222
20666,144.9810658,-35.78649162,1170811.59633408,-3969063.95367765,17,-0.96772344315222,41.9114272071623,0.96772344315222
20669,145.0576985,-35.82846419,1177223.94193547,-3974403.73205959,2,-13.2345544855574,40.4404329031303,13.2345544855574
20670,145.0324568,-35.8151537,1175106.6447029,-3972701.39147802,24,5.92261736433146,44.9605756134054,5.92261736433146
20671,145.0455309,-35.81863033,1176242.06493403,-3973205.65804674,20,2.12854101732559,38.211920700957,2.12854101732559
20678,145.0571732,-35.79930877,1177506.9804975,-3971179.04658717,24,6.35731779248216,43.4298597181464,6.35731779248216
20679,145.0450406,-35.81244738,1176267.97783219,-3972518.31226232,22,1.70785017481099,45.1579071288841,1.70785017481099
20686,144.9915615,-35.78663139,1171753.40403141,-3969175.61755354,24,3.56995817775643,41.9114272071623,3.56995817775643
20702,144.9931044,-35.78994745,1171854.70465911,-3969556.03076707,19,1.00832089087297,41.9114272071623,1.00832089087297
20705,149.2907992,-35.02631012,1568843.97100038,-3931374.72322612,31,4.26361988278033,79.9262034440244,4.26361988278033
20707,149.3033633,-35.01711138,1570115.14676479,-3930515.12248694,29,5.21603256600918,79.9262034440244,5.21603256600918
20709,149.3033676,-35.021168,1570054.59914401,-3930962.32472041,32,2.96892682848983,79.9262034440244,2.96892682848983
20710,149.3004099,-35.09075577,1568742.8472474,-3938595.76782827,17,-11.088579816008,51.5282849655137,11.088579816008
20719,149.4341189,-34.90205959,1583647.95556596,-3919446.25875249,16,-16.258097371623,98.2740813402687,16.258097371623
20721,149.4446598,-34.90512927,1584552.99617229,-3919915.36725504,26,-5.256042448711,103.726472233195,5.256042448711
20724,149.399468,-34.92305467,1580202.71187431,-3921331.73972649,12,-18.173078447068,99.4816668556167,18.173078447068
20729,149.5342405,-34.30800099,1601736.21546475,-3855162.04065061,22,-5.49695444133632,51.0415219300166,5.49695444133632
20737,148.9025374,-34.62330524,1539741.00683812,-3882198.57910476,28,2.33165639150134,30.6544905259252,2.33165639150134
20740,149.9630241,-33.1730303,1658393.75765227,-3735238.51263997,41,11.9051923161433,77.6907037391665,11.9051923161433
20743,149.9418887,-33.17060191,1656493.29620547,-3734695.78854943,19,-9.65629957606067,77.6907037391665,9.65629957606067
20748,149.9591088,-33.18633985,1657826.41600495,-3736659.38841001,19,-5.89152918092134,88.744732044466,5.89152918092134
20749,149.9565648,-33.17572628,1657759.17230949,-3735452.7894621,47,23.6058431481077,77.6907037391665,23.6058431481077
20752,149.9241417,-33.20428696,1654339.52132512,-3738190.58754404,14,-23.0993383424257,88.744732044466,23.0993383424257
20763,149.9550533,-33.20763111,1657121.45583599,-3738960.97369527,30,3.59499946182801,79.0959056247253,3.59499946182801
20770,143.61861,-36.20639,1044054.06397574,-4003630.31975562,56,32.7138444668187,276.606749144769,32.7138444668187
20772,145.43529,-35.83463,1211070.24660531,-3978613.92214303,23.67840085,3.02690389207685,38.0119364834446,3.02690389207685
20773,145.4487611,-35.85030833,1212097.18391657,-3980472.46942009,18,-5.06318710615909,38.0119364834446,5.06318710615909
20774,145.4482,-35.85522,1211989.51412117,-3981009.34650649,20.41241452,-1.83822120787937,38.0119364834446,1.83822120787937
20778,148.9724255,-34.46531299,1548400.77838368,-3865602.04405451,21,-9.764310952455,24.3488933378221,9.764310952455
20780,148.9898244,-34.44158857,1550329.13628186,-3863193.62878385,22,-6.85038170491526,24.1386425605233,6.85038170491526
20781,148.9938133,-34.48119512,1550105.85512995,-3867614.87734993,24,-4.43315746451533,23.6699068107792,4.43315746451533
20784,148.4281169,-33.7865817,1508724.07938879,-3784075.88162298,30,4.95101327378699,39.122177751358,4.95101327378699
20786,148.4078998,-33.77786407,1507002.16002294,-3782872.83053409,33,8.80034629291365,39.7745484806812,8.80034629291365
20794,145.26333,-35.85278,1195416.90058413,-3978998.14605136,17.1464282,-1.75179165852193,37.659378756871,1.75179165852193
20795,145.2841975,-35.86225635,1197181.71799727,-3980239.78119691,12,-1.18782489635624,37.408618613598,1.18782489635624
20799,145.2215428,-35.87095476,1191455.70618847,-3980614.39356765,19,-0.39748651159859,37.659378756871,0.39748651159859
20800,145.221388,-35.87143927,1191436.25051308,-3980666.44230091,18,-1.49073870825092,37.659378756871,1.49073870825092
20806,145.305,-35.875,1198902.62732745,-3981841.74923086,11.43095213,-7.7519422446289,30.44582023928,7.7519422446289
20809,145.2308196,-35.87315616,1192263.43189761,-3980943.98307974,19,-2.78650461329216,37.659378756871,2.78650461329216
20810,145.26806,-35.87694,1195563.66355057,-3981709.7464812,13.06394529,-5.85576732072009,37.659378756871,5.85576732072009
20811,145.2416875,-35.84798411,1193528.35003574,-3978266.28805711,11,-0.412280703137549,37.659378756871,0.412280703137549
20819,145.1633,-35.90694,1185814.99299481,-3984045.35771753,22.04540769,5.88278987256791,34.5641692715555,5.88278987256791
20820,145.2074837,-35.86818551,1190225.01450815,-3980177.60299119,24,9.91802172361002,37.2586115898028,9.91802172361002
20821,145.2076936,-35.86870248,1190237.94083754,-3980236.63573898,23,8.91802172361002,37.2586115898028,8.91802172361002
20823,145.1386477,-35.79679677,1184857.20998339,-3971654.9079504,22,-8.27108091956724,46.8608688488731,8.27108091956724
20825,145.1699,-35.90239,1186459.41288463,-3983604.31585339,26.94438717,7.68781025535892,38.8094192985145,7.68781025535892
20828,145.1093074,-35.81901072,1181967.95999943,-3973836.28282961,26,6.86318726261716,44.8441518956112,6.86318726261716
20843,145.1464807,-35.8268377,1185218.52075571,-3975044.99448768,13,-6.66726720714567,51.0312412002148,6.66726720714567
20844,145.1040597,-35.81953201,1181490.54954078,-3973845.30878351,19,-0.128079972386672,44.8441518956112,0.128079972386672
20857,145.1037926,-35.81866239,1181476.43649065,-3973746.80517115,31,10.8017615383193,44.8441518956112,10.8017615383193
20859,145.16029,-35.90166,1185605.05732075,-3983434.50802176,19.59591794,1.38650330181722,34.6852754964084,1.38650330181722
20860,145.1352718,-35.80961751,1184407.75597102,-3973039.442664,24,0.200752729311272,50.208359655311,0.200752729311272
20862,145.1998078,-35.86234634,1189602.59422204,-3979461.4155672,5,-7.93984429965954,37.5681651055933,7.93984429965954
20864,145.1446079,-35.81789324,1185152.25917793,-3974039.91216964,16,-5.90543753430743,52.5473543912268,5.90543753430743
20872,145.1090457,-35.81837557,1181951.66982769,-3973763.72128248,19,-6.16464245468319,44.8441518956112,6.16464245468319
20874,145.143595,-35.81813903,1185058.45361376,-3974057.6583386,8,-12.8856329996628,52.5473543912268,12.8856329996628
20877,145.1394256,-35.81088085,1184766.58353277,-3973217.47007375,23,-4.4569097151064,50.2017983766609,4.4569097151064
20878,145.188,-35.87628,1188382.85491417,-3980889.91327211,16.32993162,1.45394139767649,37.0375284657066,1.45394139767649
20880,145.1461229,-35.82651666,1185190.03815017,-3975006.22414906,15,-9.36402444050002,51.0312412002148,9.36402444050002
20881,144.16667,-36.15611,1093687.63260969,-4002663.68416749,42,14.7172422375688,263.55158993943,14.7172422375688
20885,145.31806,-35.8725,1200104.06475845,-3981688.37941402,21.2289111,2.74452391362451,30.7579295918062,2.74452391362451
20886,147.5080407,-34.83612645,1410492.96764032,-3889598.8629066,18,-3.49856613087949,31.5205657307365,3.49856613087949
20890,149.2058918,-34.73282747,1565572.08751519,-3897970.64611323,8,-19.0872394189967,89.8878370398011,19.0872394189967
20891,149.0787333,-34.53633333,1556987.2911687,-3874734.25206666,34,6.7916013161877,35.2052095519243,6.7916013161877
20892,147.7247196,-34.85989857,1429776.68043244,-3894633.37058961,17,-5.19898973494932,29.2682429286987,5.19898973494932
20894,147.7313982,-34.83948826,1430659.86035434,-3892453.83854763,21,-2.38794058176098,28.2719150636194,2.38794058176098
20896,147.7171422,-34.82503703,1429567.29795034,-3890698.05915776,17,-5.22632623229892,28.5686065332896,5.22632623229892
20898,144.36278,-36.14361,1111395.70250309,-4002976.11732656,60,33.5492562169888,232.903763226229,33.5492562169888
20902,143.0288,-36.2913,990376.962027334,-4008311.99016501,21.2289111,-8.8411493184452,199.734378764166,8.8411493184452
20904,145.6208972,-35.86215863,1227412.86769279,-3983423.99954777,18,-3.24034588133209,59.9526866142418,3.24034588133209
20905,145.555,-35.81889,1222005.72768575,-3978016.24549237,23.67840085,-4.12565020304928,53.9534809182336,4.12565020304928
20909,139.00487,-35.08709,636826.630150217,-3849270.56817042,30.40559159,2.39036238341525,38.097594622377,2.39036238341525
20911,150.0369248,-33.28122332,1663471.12166726,-3748161.1079101,31,2.85854404420362,83.7362058813224,2.85854404420362
20912,150.024404,-33.25673643,1662708.52501404,-3745291.13833153,22,-6.60046930757235,79.8530809763379,6.60046930757235
20913,150.0340278,-33.22330849,1664115.55496029,-3741720.8528706,23,2.66428202142331,79.8530809763379,2.66428202142331
20916,150.0342167,-33.28290761,1663196.56720992,-3748312.03896728,23,-2.15814896097649,83.7362058813224,2.15814896097649
20920,150.0276688,-33.27659376,1662695.85480389,-3747528.83762928,25,3.69055462700246,83.7362058813224,3.69055462700246
20924,150.0498162,-33.27865436,1664692.51499025,-3748045.04089736,22,-3.85582340305317,83.7362058813224,3.85582340305317
20926,150.0348496,-33.25563388,1663683.02102139,-3745305.23731794,27,0.252110497715655,79.8530809763379,0.252110497715655
20927,150.0377502,-33.27934983,1663576.17526144,-3747964.75067204,29,3.35356902509934,83.7362058813224,3.35356902509934
20929,150.0363929,-33.28457327,1663369.76182309,-3748524.50102805,20,-5.104499804131,83.7362058813224,5.104499804131
20934,150.0558649,-33.27911342,1665239.43376951,-3748174.61607546,36,10.0484168791955,83.7362058813224,10.0484168791955
20937,149.6528969,-33.98635279,1617444.84815763,-3821143.32317006,34,2.99541987195667,138.05859255503,2.99541987195667
20945,148.937044,-34.51231312,1544499.86313428,-3870362.79381156,25,4.74046428262033,23.6699068107792,4.74046428262033
20948,139.50609,-35.45384,679948.621257733,-3892561.75442427,13.06394529,-5.82828875237167,35.6026795828322,5.82828875237167
20958,149.5111482,-34.0608231,1603404.3809307,-3827581.1307043,24,-6.08257697998634,76.7341586605353,6.08257697998634
20962,149.5709837,-34.08726264,1608444.55312499,-3831253.1275196,31,5.69265732495391,131.80876317429,5.69265732495391
20963,149.5337536,-34.05603147,1605534.32255635,-3827335.83808194,21,-10.3770086025627,105.525019188161,10.3770086025627
20965,149.5195131,-34.06894612,1604041.70574085,-3828583.24272268,29,-6.17405799791867,76.7341586605353,6.17405799791867
20966,149.5234697,-34.05624314,1604595.33227718,-3827230.01282989,36,2.98391635322501,74.727925411893,2.98391635322501
20967,149.5685215,-34.09542802,1608095.80252864,-3832123.81425084,17,-6.03250473960843,131.80876317429,6.03250473960843
20969,149.541056,-34.0829271,1605788.3827781,-3830397.87282314,37,9.97212217315234,140.830032864554,9.97212217315234
20971,146.2053512,-35.62955823,1282732.59515441,-3963491.33273241,16,-0.603389791075234,41.3183167192666,0.603389791075234
20973,149.4801975,-34.94499266,1587155.83180699,-3924750.78116205,34,4.16515264403683,99.930421157508,4.16515264403683
20975,139.13213,-35.19357,647723.428023565,-3861734.15236647,34.2928564,4.57061718762711,37.5174280091654,4.57061718762711
20982,144.4437765,-36.20125911,1118032.43780502,-4010046.26680166,33.9411255,-0.457318723061348,224.859510912418,0.457318723061348
20985,149.5467422,-34.94816267,1593111.65599564,-3925928.44476406,21,-2.58331065554367,120.368125024452,2.58331065554367
20987,149.9320486,-33.53495625,1649900.01793679,-3774845.11220007,43,11.2704065201783,168.190544787471,11.2704065201783
20988,149.9318328,-33.53717003,1649845.728685,-3775086.96081377,32,0.260419132810647,168.190544787471,0.260419132810647
20991,149.9253643,-33.56338538,1648845.34557987,-3777900.33236447,25,-10.3754372353356,165.671411808023,10.3754372353356
20992,149.9297492,-33.53699401,1649658.03216891,-3775040.60339116,28,-6.19457048402168,168.190544787471,6.19457048402168
20995,149.9228744,-33.55117488,1648808.36324928,-3776518.90903972,42,6.48029585253068,167.247116319834,6.48029585253068
21003,139.11825,-35.23631,646199.532516976,-3866408.8149972,31.02687008,10.8791560668678,35.5027022437248,10.8791560668678
21004,139.11745,-35.23562,646131.25500716,-3866328.16945359,14.69693846,-5.58695317908562,35.5027022437248,5.58695317908562
21005,139.06504,-35.20616,641559.332682155,-3862793.42206976,23.67840085,-3.85407172492903,40.0381322505473,3.85407172492903
21010,142.93319,-36.2985,981744.09863294,-4008369.32001628,6.531972647,-13.9097989969081,177.456919176855,13.9097989969081
21011,138.69234,-35.19035,607839.215177377,-3859215.52331809,37.55884272,3.04054251069014,84.2392806544491,3.04054251069014
21014,143.48393,-36.24628,1031587.38616934,-4006941.46251612,20.41241452,-6.22507286491447,240.0127287983,6.22507286491447
21015,143.48897,-36.27649,1031738.08582575,-4010318.18402241,11.43095213,-14.6302010017921,232.85138542721,14.6302010017921
21019,142.87583,-36.21306,977411.440054356,-3998490.6303705,18.38477631,-9.25907546727582,147.259160229727,9.25907546727582
21021,149.8688922,-33.63352928,1642593.56325557,-3784923.55823327,60,33.8629918756461,177.83135488118,33.8629918756461
21024,149.8060238,-33.68603858,1636038.0014136,-3789918.66801459,23,-2.82282230076115,183.045332785889,2.82282230076115
21027,149.7816582,-33.35642309,1638917.44445934,-3753175.4451764,17,-17.8764223072383,163.182435191409,17.8764223072383
21029,149.778879,-33.3548355,1638687.52995778,-3752964.26868383,21,-13.511213970942,163.182435191409,13.511213970942
21032,149.8418604,-33.35107399,1644513.28961482,-3753357.68386909,54,22.4838471596115,153.435329792839,22.4838471596115
21036,149.7864333,-33.34782324,1639487.94949527,-3752285.90080693,20,-13.960443348621,152.066459476135,13.960443348621
21037,149.8411569,-33.34628487,1644523.29310452,-3752819.16587215,42,9.50326890276217,153.435329792839,9.50326890276217
21038,149.8170971,-33.35833719,1642132.92388666,-3753842.14001749,50,18.1775375123603,150.416663081341,18.1775375123603
21040,149.8325949,-33.34692236,1643729.31509626,-3752779.4574771,24,-6.99431224797666,153.435329792839,6.99431224797666
21041,149.8377028,-33.34808585,1644178.99805305,-3752973.81673761,46,14.2006685020034,153.435329792839,14.2006685020034
21051,149.1571569,-35.15000979,1554949.29082782,-3943374.75320185,47,14.2243530666432,44.7233591663395,14.2243530666432
21054,145.790399,-35.74496108,1244029.84468639,-3972127.07011643,13,-0.487877610058135,74.3022783765747,0.487877610058135
21057,142.5994,-36.28912,951927.545544146,-4004807.02329706,19.59591794,-3.43718661578917,179.124894493868,3.43718661578917
21059,143.88502,-36.29122,1067051.71094161,-4015197.63246715,7.348469228,-20.6405449076954,163.772688607841,20.6405449076954
21061,143.7946165,-36.23793337,1059503.00882416,-4008562.45044344,43.84062043,19.1212939151914,231.368047632937,19.1212939151914
21065,146.3276388,-35.68215536,1293075.17666879,-3970529.39195243,11,-0.611705596731532,39.9736400614657,0.611705596731532
21069,149.8445526,-34.04749703,1633942.40928911,-3830333.88013523,23,-3.99176096715068,153.429962611126,3.99176096715068
21070,149.7805965,-34.06917262,1627788.93282836,-3831910.56085716,57,29.2916765624923,131.117227441915,29.2916765624923
21071,139.08396,-35.0098,644486.014421638,-3841082.66986762,25.31139401,-1.16204821196684,37.5707000491573,1.16204821196684
21074,139.1416,-35.37335,647465.898587784,-3881737.57739125,7.348469228,1.27849238800548,51.3940564830694,1.27849238800548
21075,139.1491,-35.36509,648196.496294855,-3880858.96036131,3.265986324,-4.5329640923565,51.3940564830694,4.5329640923565
21078,145.928741,-35.68941861,1257131.53302193,-3967349.77060661,6,-10.8787867965022,47.4602150376749,10.8787867965022
21085,149.036002,-34.28123949,1556893.15370922,-3846047.98189646,22,-3.65319868141633,28.3899931192657,3.65319868141633
21087,149.0284312,-34.19210192,1557525.54871625,-3836109.85301228,20,-5.01454706025168,23.0984540344543,5.01454706025168
21092,145.13344,-36.01096,1181949.9759903,-3995250.86019703,25.31139401,6.03109706074666,32.8822653832592,6.03109706074666
21096,149.0887565,-34.69959181,1555471.19562334,-3892873.12727696,27,2.60365196985766,49.3853628624115,2.60365196985766
21097,149.0876427,-34.69870933,1555383.52106584,-3892762.19720535,31,6.576105597028,48.2684202081056,6.576105597028
21099,149.0876653,-34.69961051,1555372.18663737,-3892861.90524402,28,3.71565018498933,48.2684202081056,3.71565018498933
21101,149.0486868,-34.82311199,1550016.22315572,-3906013.17507934,36,12.6796217420147,58.0199972371107,12.6796217420147
21103,149.0496345,-34.81723583,1550188.89530435,-3905376.47750293,27,4.590017645018,58.0199972371107,4.590017645018
21104,149.0370235,-34.81564454,1549072.63305375,-3905047.9736384,29,5.50567059044234,58.0199972371107,5.50567059044234
21110,148.9845,-34.73894535,1545456.87090567,-3895950.00941607,26,2.11087671756434,44.4139373671535,2.11087671756434
21111,146.0285935,-35.74763432,1265399.11099946,-3974761.49720628,20,1.05054046776499,63.7111998799711,1.05054046776499
21114,145.0549015,-35.89628016,1176204.76583945,-3981866.3830259,3,-1.0829989814133,30.4850866382712,1.0829989814133
21115,145.0566099,-35.89981446,1176318.13035589,-3982272.34044447,3,-1.3902143772591,31.4969241779341,1.3902143772591
21116,145.055688,-35.8999077,1176234.30660606,-3982274.14703256,2,-4.0423301223323,31.4969241779341,4.0423301223323
21117,145.0518108,-35.89265131,1175968.34986012,-3981437.25865915,3,-9.13534068172009,30.8181191141295,9.13534068172009
21121,146.6759301,-35.45316984,1327287.64506215,-3948826.83608415,9,-5.80360786655698,25.9304715309869,5.80360786655698
21125,143.01556,-36.34861,988643.854949836,-4014538.99688055,41.01219331,20.7047609523362,184.882611693121,20.7047609523362
21128,144.97472,-35.88972,1169079.42159443,-3980406.06240931,13.04162616,0.0956645624405503,28.0560622694009,0.0956645624405503
21129,144.8985913,-35.9244982,1161854.23197199,-3983551.75746045,2.006220915,-12.6206212581597,29.3233263326315,12.6206212581597
21136,145.0071,-35.95089,1171296.92924453,-3987456.46271927,22.86190427,3.90854981509849,25.2376905989954,3.90854981509849
21138,144.9835667,-35.91825,1169552.55014377,-3983637.2201609,8,-3.69323882313303,26.3439676978486,3.69323882313303
21144,144.9516297,-35.9090034,1166789.41771743,-3982324.23489075,13,0.369140947882649,33.410628769417,0.369140947882649
21146,144.9339565,-36.0123995,1164043.07672487,-3993578.18103358,19,-0.718247682446108,29.4265406988722,0.718247682446108
21150,144.9275977,-35.91417661,1164573.81894492,-3982676.1740266,13,3.60708879833638,31.6212903219297,3.60708879833638
21152,144.9362194,-35.96409722,1164787.8265305,-3988266.50434023,3,-7.607550280281,25.3509763960358,7.607550280281
21156,144.9334005,-35.88393784,1165433.96104985,-3979390.05175164,10,-4.05537313410912,34.5111948814131,4.05537313410912
21163,144.9363742,-36.0128648,1164254.70439112,-3993651.57481973,9,-10.8619655883826,29.4265406988722,10.8619655883826
21164,144.9375041,-36.01463298,1164336.21239067,-3993857.05494569,12,-7.89499259799056,29.4265406988722,7.89499259799056
21168,144.9554707,-35.90613924,1167166.44091158,-3982043.06613016,20,4.30595667882208,33.410628769417,4.30595667882208
21169,144.9351643,-35.88426565,1165588.67665247,-3979442.34180508,23,9.49311933443335,34.5111948814131,9.49311933443335
21172,144.9664444,-35.93818889,1167791.28074091,-3985682.03360941,8,-3.29296504182719,29.7097658354286,3.29296504182719
21173,144.9209826,-35.93658866,1163728.79961006,-3985090.51822904,7,-5.30411102504089,29.7097658354286,5.30411102504089
21177,144.96333,-35.9525,1167350.87659161,-3987233.59053848,4.898979486,-6.15618197302875,26.0411795369486,6.15618197302875
21178,144.9975,-35.92889,1170683.39335027,-3984939.59352304,8.98146239,-5.50834775014842,25.721744153184,5.50834775014842
21179,144.95972,-35.91278,1167473.31106959,-3982815.14418278,9.797958971,-1.65489497791023,33.410628769417,1.65489497791023
21189,149.0262459,-34.39500734,1554322.4678995,-3858492.8704417,23,-5.71285885729565,35.3613524940096,5.71285885729565
21192,143.77744,-36.25384,1057802.06751784,-4010176.35355624,12.24744871,-12.4712987675043,214.083059822848,12.4712987675043
21193,147.4675747,-35.07914535,1403564.87075875,-3915993.61581382,21,-2.39345620984161,22.6721917061285,2.39345620984161
21194,143.33598,-36.26847,1018114.31943353,-4008205.16701839,11.43095213,-13.5268335134045,230.860732334027,13.5268335134045
21196,143.32167,-36.25028,1017010.96655029,-4006082.27482036,55.15432893,34.5258790573568,251.711355334382,34.5258790573568
21199,149.428656,-35.34122018,1576512.30540074,-3967767.0896962,53,22.6404193597487,136.100461402139,22.6404193597487
21203,149.0874044,-35.00674424,1550790.47348983,-3926734.4344125,36,5.93987944316499,46.5064582698343,5.93987944316499
21208,149.6855479,-34.28330196,1615849.76499158,-3854341.26625152,26,-0.133804827451982,121.027528052586,0.133804827451982
21210,149.6827288,-34.27149118,1615775.43056101,-3853002.05452144,14,-12.852047691667,146.707668207473,12.852047691667
21212,149.7360355,-34.19908625,1621731.73257303,-3845685.64523894,26,-1.39003887057699,188.479951540815,1.39003887057699
21214,149.7412007,-34.20581309,1622097.20447583,-3846493.73686554,22,-4.63083389844601,188.479951540815,4.63083389844601
21217,149.7747273,-34.17898824,1625557.4234584,-3843958.9115225,21,-11.436481907775,183.263538120661,11.436481907775
21222,149.9491722,-33.22156406,1656364.37318197,-3740425.25094038,38,4.48402921404099,79.0959056247253,4.48402921404099
21223,149.9312954,-33.21684815,1654799.21134614,-3739672.15312189,33,-0.920033340247684,88.744732044466,0.920033340247684
21226,149.9077055,-33.25998461,1651963.52165955,-3744136.35722943,22,-4.46261669972532,116.165016533723,4.46261669972532
21227,149.9384403,-33.22235009,1655368.25950077,-3740373.06251046,17,-14.7781059076973,79.0959056247253,14.7781059076973
21228,149.9407479,-33.21822964,1655644.20721897,-3739947.37206788,30,-2.15948002436766,79.0959056247253,2.15948002436766
21231,142.27061,-36.33161,922085.445170075,-4007090.28367445,12.24744871,-7.74114470097823,156.71380441404,7.74114470097823
21238,149.6785517,-33.71668799,1623929.17007149,-3791678.87350399,22,-7.37190637171134,214.627791447022,7.37190637171134
21240,149.64265,-33.70706111,1620800.1472743,-3790159.17591728,9,-20.3690608698177,220.27146373901,20.3690608698177
21248,144.26806,-36.09111,1103465.15256419,-3996358.68781552,66,43.5415750558132,242.685803940083,43.5415750558132
21249,144.26222,-36.09444,1102906.08044962,-3996675.95372883,58,36.0950469797687,242.685803940083,36.0950469797687
21256,144.8499,-36.09518,1155581.51828689,-4001952.2065455,22.86190427,4.43718223184227,59.6084079686763,4.43718223184227
21258,144.8854784,-36.03178754,1159478.33191733,-3995277.50992892,11,-3.15522924373898,28.6756549316596,3.15522924373898
21264,144.9113,-36.10345,1160991.85201555,-4003421.59747268,8.98146239,-7.04045164032617,60.8213308929185,7.04045164032617
21268,141.19278,-35.93556,828653.979455112,-3955903.59041494,20,-7.89617131984302,48.7485266525534,7.89617131984302
21270,143.1409,-36.30933,1000243.95735604,-4011176.6699494,32.65986324,9.92637798423,209.426694233287,9.92637798423
21272,150.3344001,-32.84668536,1697660.71414434,-3704028.07196918,26,-0.495832264718015,124.181620433002,0.495832264718015
21274,150.3266794,-32.85053287,1696889.27236004,-3704350.99865275,44,18.1137859737944,124.181620433002,18.1137859737944
21275,143.58156,-36.29202,1039874.3271049,-4012783.64526471,13.06394529,-7.11306104330211,260.142591193391,7.11306104330211
21277,143.57606,-36.35042,1038796.03898626,-4019186.32406828,16.32993162,-8.72631802745001,233.216116552855,8.72631802745001
21286,143.57103,-36.29233,1038928.34858635,-4012732.20212893,17.96292478,-1.13437614510155,260.142591193391,1.13437614510155
21293,149.6775847,-34.4086198,1613200.97399926,-3868069.94342683,27,1.56574200024068,101.882769356199,1.56574200024068
21296,149.6754109,-34.40866739,1613003.13608246,-3868047.74709479,15,-10.6911246213322,101.882769356199,10.6911246213322
21300,149.7631606,-34.0993152,1625737.28632201,-3835016.42884422,55,26.0617849374613,146.193691901291,26.0617849374613
21307,149.7363238,-34.09342558,1623387.77371255,-3834024.92617356,12,-20.8048814967543,122.846562392857,20.8048814967543
21308,149.7634916,-34.16440366,1624761.81613605,-3842206.06788545,29,-0.202084220835658,190.984603086722,0.202084220835658
21310,141.31694,-36.075,838698.942833357,-3972145.1126308,27,1.94745163892586,48.9117442868062,1.94745163892586
21311,145.9013467,-35.91906331,1251900.15866879,-3992424.71638009,18,1.41014406749998,96.8260390503876,1.41014406749998
21313,144.7284934,-36.14181061,1144185.36426108,-4006005.9144425,24.04163056,-1.1445609009167,67.7739438623995,1.1445609009167
21315,144.7626583,-36.1498633,1147157.21822956,-4007200.99942732,32.52691193,5.24623883457989,67.7739438623995,5.24623883457989
21316,144.7615526,-36.15708957,1146978.23863256,-4007988.54458365,46.66904756,21.6453662919242,67.7739438623995,21.6453662919242
21317,144.7559981,-36.15347926,1146520.58784719,-4007540.26320114,33.9411255,8.84724020316212,67.7739438623995,8.84724020316212
21318,144.7173803,-36.1195881,1143434.65160244,-4003453.76182869,29.69848481,7.53155514170608,65.5638149678281,7.53155514170608
21319,149.336523,-34.22610408,1585021.21678564,-3843654.48718409,18,-9.76666539878434,40.098102400576,9.76666539878434
21321,149.3372802,-34.21815573,1585209.86478405,-3842786.18877119,18,-7.86881919728666,40.4968663253846,7.86881919728666
21328,149.371411,-33.90889841,1592984.99103008,-3809050.3607876,21,-3.30935096855414,128.972577547607,3.30935096855414
21331,149.3492637,-33.9330308,1590602.21102758,-3811440.82951098,27,3.26499032304425,112.498600475718,3.26499032304425
21338,145.0758,-36.03512,1176506.92378648,-3997385.32855022,26.12789059,6.27078725743437,26.0929376277725,6.27078725743437
21339,145.02915,-36.10802,1171500.78682465,-4005001.73677706,22.04540769,3.34264836694204,29.9979632371541,3.34264836694204
21350,145.53344,-36.05541,1217293.96304582,-4003911.68406837,66.46803743,23.9129914224905,74.3536979936934,23.9129914224905
21353,144.9079324,-35.99418148,1161912.8075043,-3991330.17533651,16,1.8444885117705,27.9913083977725,1.8444885117705
21362,144.9121491,-35.99033384,1162334.15932556,-3990943.77071463,12,-0.990588083485088,27.9913083977726,0.990588083485088
21367,145.9832668,-35.85042749,1260080.33509879,-3985657.18713507,10,-4.1675031103854,91.4149312599517,4.1675031103854
21372,146.3557315,-35.80827353,1294029.60284118,-3984729.5293772,18,6.383511661066,29.7204055100404,6.383511661066
21374,143.00011,-36.36362,987117.573235761,-4016077.13422785,9.797958971,-13.393980448667,185.809425622983,13.393980448667
21376,143.54545,-36.37543,1035806.51061697,-4021698.61453696,7.348469228,-8.91173339323698,224.426862316224,8.91173339323698
21379,149.1018732,-35.44939512,1545526.98999722,-3975687.22532104,53,27.485404887019,94.5098496575351,27.485404887019
21385,144.9127,-36.14497,1160652.62226942,-4008016.20403407,10.61445555,-2.23705631080379,60.9031329611023,2.23705631080379
21387,149.9094196,-34.07974598,1639340.72962372,-3834725.05349492,21,-7.10221334235,180.492731451733,7.10221334235
21389,149.9032562,-34.08896942,1638636.63715542,-3835664.1440938,20,-3.87360027151666,180.492731451733,3.87360027151666
21391,149.9055535,-34.09309777,1638781.23209601,-3836149.32811198,35,8.76379054683533,180.492731451733,8.76379054683533
21395,149.8770177,-34.08219898,1636356.07762738,-3834580.4449369,24,0.839142840990338,180.492731451733,0.839142840990338
21404,149.8806628,-34.08202336,1636690.27848425,-3834607.75076178,15,-6.55533522297868,180.492731451733,6.55533522297868
21408,143.5947,-36.6175,1037782.05628879,-4048809.23785857,26.94438717,0.940714213086977,138.825446773891,0.940714213086977
21411,148.9976827,-34.08440657,1556322.22712387,-3823836.71769076,23,-3.09156463107034,25.8367491660922,3.09156463107034
21414,149.0066668,-34.00581419,1558302.9422349,-3815261.38548604,21,-2.8180547050396,25.136701897073,2.8180547050396
21416,148.969392,-34.07945336,1553820.30190266,-3822945.0341334,24,-2.94057071846433,29.9866434844109,2.94057071846433
21418,149.0329526,-34.01845671,1560509.82513994,-3816979.36452429,29,2.89090600759432,26.0652926581471,2.89090600759432
21429,148.4961,-35.69248,1487615.24494469,-3995267.27807491,42,6.66715670647667,90.8225453497515,6.66715670647667
21431,148.5085,-35.70571,1488537.92393141,-3996868.68085816,46,12.0781294878547,91.2680997085042,12.0781294878547
21434,148.4949153,-35.7208321,1487103.62304819,-3998375.75251299,25,-14.005055501424,88.9019330116649,14.005055501424
21438,148.4904942,-35.72088694,1486706.47009529,-3998330.33588922,34,-6.05462781702816,88.9019330116649,6.05462781702816
21442,148.4320358,-34.95523733,1492381.59124732,-3913247.65773536,12,-18.2954573634697,123.514758851148,18.2954573634697
21444,148.4288068,-35.01523503,1491233.93045925,-3919829.87400314,28,-8.79261356941236,121.541912769079,8.79261356941236
21446,148.1319763,-36.1264343,1448889.81366384,-4038853.65093321,15,-7.22056833040837,275.274343875327,7.22056833040837
21449,148.07164,-36.21196,1442309.29579241,-4047580.94452493,26,-1.76891017758678,87.4503740532439,1.76891017758678
21452,143.35751,-36.48875,1017875.2359595,-4032695.69246241,8.164965809,-14.6246008084648,113.773280693741,14.6246008084648
21453,138.92051,-35.06647,629289.025337253,-3846562.38536733,32.65986324,1.6952772711524,46.1212916183741,1.6952772711524
21457,142.09583,-36.34361,906321.817207833,-4007165.56585097,33,12.0859595384327,122.837245576858,12.0859595384327
21458,142.05486,-36.39108,902237.793518729,-4012120.83699775,25.31139401,6.65641082206777,139.698291666524,6.65641082206777
21460,142.40677,-36.32155,934373.627443295,-4006968.03062558,17.96292478,0.220792516296111,172.790547958125,0.220792516296111
21463,144.9373808,-36.19486248,1162304.08057727,-4013745.62426998,32.52691193,14.7477849122583,53.8395591747761,14.7477849122583
21468,149.9636631,-33.36736652,1655411.29800652,-3756731.83103476,31,4.38562933621579,99.829372610636,4.38562933621579
21469,149.9432684,-33.35612347,1653719.94907538,-3755224.90432399,26,-6.48908949486767,111.191503121652,6.48908949486767
21470,144.7207238,-36.30931283,1141642.89742569,-4024418.19598511,16.97056275,-3.50063229334105,104.889975662503,3.50063229334105
21476,149.190275,-35.23421377,1556676.56597175,-3953056.92906791,14,-7.42417594046849,112.383389965526,7.42417594046849
21479,149.1560865,-35.2708875,1553053.34850038,-3956681.48538613,15,-7.49326813452395,107.6912283401,7.49326813452395
21483,149.1785563,-35.24794767,1555417.0689815,-3954427.40135101,21,0.891162484139354,107.6912283401,0.891162484139354
21485,149.1721823,-35.25617568,1554720.82894816,-3955256.36333249,24,3.27451956519499,107.6912283401,3.27451956519499
21488,149.1847115,-35.23160989,1556214.62858174,-3952702.24797469,13,-5.645289513215,112.383389965526,5.645289513215
21490,149.1774579,-35.24796744,1555317.9207377,-3954416.20707847,20,-0.387751495591321,107.6912283401,0.387751495591321
21496,149.1802223,-35.2280849,1555863.09671807,-3952259.17439215,16,-3.17862426928333,112.383389965526,3.17862426928333
21509,149.1804876,-35.2379965,1555739.22262232,-3953354.49451208,26,3.44493928493702,107.6912283401,3.44493928493702
21512,149.1804153,-35.23529334,1555773.01140574,-3953055.77467433,19,0.879335605245327,107.6912283401,0.879335605245327
21513,149.1814652,-35.23347144,1555894.67228439,-3952867.81904432,20,0.316468503226673,112.383389965526,0.316468503226673
21515,149.1825634,-35.23345163,1555993.81651419,-3952879.01136186,22,3.51839346697066,112.383389965526,3.51839346697066
21521,149.1763354,-35.24708615,1555230.0321015,-3954305.44204961,19,-1.04515564450999,107.6912283401,1.04515564450999
21522,149.1571374,-35.26906578,1553175.02621265,-3956493.55231762,6,-14.0032096701259,107.6912283401,14.0032096701259
21531,149.1802947,-35.23078807,1555829.31695424,-3952557.90208175,15,-2.73821267949566,112.383389965526,2.73821267949566
21545,145.70454,-36.09146,1232197.02777922,-4009528.49100052,39.19183588,12.848313105266,106.54953322099,12.848313105266
21548,149.6942332,-34.31720518,1616116.66010766,-3858192.81882563,23,-0.231017622102662,102.051668173671,0.231017622102662
21550,149.6916128,-34.4480436,1613866.71304415,-3872596.88340066,23,-5.08583532767666,107.033744791455,5.08583532767666
21554,144.15139,-36.44833,1089241.53948728,-4034782.66077874,43.84062043,17.1260392525374,211.781619360772,17.1260392525374
21555,144.17389,-36.42306,1091518.76543603,-4032186.99795078,19.79898987,-9.29895224062571,306.012284662103,9.29895224062571
21556,147.812025,-34.96435556,1436239.56488907,-3907147.65400381,10,-13.9824104901906,40.0054846737727,13.9824104901906
21564,148.5297191,-35.3067458,1496159.95649942,-3953158.3766982,20,-5.10808787030333,197.812098480105,5.10808787030333
21567,149.6596468,-34.09511059,1616388.57734834,-3833238.73914685,33,4.11233478653167,133.400326840096,4.11233478653167
21570,139.544,-35.59752,682436.678968753,-3908699.45851824,32.65986324,-1.89804758835513,33.8370027295677,1.89804758835513
21571,139.55256,-35.59786,683207.890683663,-3908782.91140538,28.57738033,-7.79193886374653,33.8370027295677,7.79193886374653
21574,143.3075,-36.59111,1012402.64823856,-4043593.52136972,23.67840085,0.356040044084452,150.451495144367,0.356040044084452
21580,149.5563508,-34.40503067,1602262.29612999,-3866148.23610981,30,4.07708066229867,91.0455968860161,4.07708066229867
21584,141.84056,-36.24361,884304.78236505,-3994323.84798237,29.42501696,11.9284878296681,65.2178494088875,11.9284878296681
21586,141.85226,-36.24898,885308.225925166,-3994998.54004962,21,6.41082633740042,65.2178494088875,6.41082633740042
21589,143.8585116,-36.38042728,1063762.02842313,-4024822.64423284,46.66904756,19.5804671434983,113.340076157874,19.5804671434983
21593,145.8903639,-35.93503611,1250722.63546809,-3994079.35831957,21,4.05210650792216,97.5584858933446,4.05210650792216
21596,145.24754,-36.15411,1190538.06627679,-4012105.79346441,27.76088375,-1.22929610083464,74.9810600947278,1.22929610083464
21598,149.7887955,-33.27364352,1640853.76896771,-3744114.22156725,30,1.77988459565032,157.914861729556,1.77988459565032
21600,149.8002623,-33.29392321,1641590.15460798,-3746503.93539687,44,16.6402660116327,140.620770614059,16.6402660116327
21605,149.8262622,-33.22995467,1644965.78658671,-3739764.97924613,23,-5.038450315527,140.41501955907,5.038450315527
21608,149.8252332,-33.23231311,1644834.82385497,-3740012.5280872,34,6.93649477523133,148.190914858143,6.93649477523133
21611,149.3480428,-35.54558511,1566191.00901367,-3989275.95658805,32,3.80637685419867,92.4087796223422,3.80637685419867
21612,149.3869235,-35.53598759,1569824.17277948,-3988696.72614375,31,0.816704631078004,88.4545219017354,0.816704631078004
21613,145.4525,-36.14111,1209041.47702719,-4012596.63513918,22.627417,2.33133632653781,72.7876501803465,2.33133632653781
21616,145.45306,-36.14139,1209088.35653227,-4012632.81889291,11.3137085,-8.50180305823465,72.7876501803465,8.50180305823465
21618,141.31888,-36.17543,838061.432123549,-3983267.86238639,17.96292478,-5.4061284961883,68.9504142890134,5.4061284961883
21619,141.35025,-36.12711,841269.437996372,-3978129.11481535,8.164965809,-14.259861205041,66.3500907306447,14.259861205041
21623,149.2580333,-34.1838,1578523.95178,-3838010.90877137,29,2.18323989118527,40.0619480105969,2.18323989118527
21628,138.67304,-35.3078,605406.10365086,-3872164.37859968,37.55884272,6.0366294752989,84.2392806544491,6.0366294752989
21630,138.69018,-35.27211,607167.376858513,-3868283.46010569,22.86190427,-0.0704722150443864,84.2392806544491,0.0704722150443864
21633,138.67492,-35.26583,605820.179280797,-3867513.78173771,33.47635982,6.63363621495091,84.2392806544491,6.63363621495091
21637,142.53874,-36.38201,945643.647098379,-4014618.29475579,14.69693846,-4.23282135789028,204.167997995194,4.23282135789028
21638,142.57842,-36.4739,948353.781648474,-4025060.9962731,13.06394529,-7.29220768258589,207.402035759653,7.29220768258589
21641,146.4712054,-35.8288256,1304136.18628965,-3988170.81088061,18,-2.56882133615435,75.1078356181758,2.56882133615435
21642,146.4024003,-35.75744731,1298853.34864326,-3979595.785887,10,-3.14320742913884,30.2718950636218,3.14320742913884
21646,148.5269096,-35.35070089,1495276.76710308,-3957970.68738257,37,-7.73666453478065,191.318688377386,7.73666453478065
21647,148.5129156,-35.32635948,1494366.46888073,-3955123.82106028,27,-13.6575005966066,193.557325242155,13.6575005966066
21650,148.5214487,-35.31969783,1495229.87638916,-3954489.32420591,13,-10.8486077825602,194.007166210707,10.8486077825602
21652,148.4809992,-35.31964115,1491590.26755138,-3954010.23872462,46,10.451417052936,214.103540138725,10.451417052936
21653,148.518511,-35.33142838,1494797.35951934,-3955748.03588297,10,-26.573699377657,191.318688377386,26.573699377657
21657,149.474514,-35.93158808,1571693.5111501,-4033293.15811061,34,3.53641804140469,90.8510348487958,3.53641804140469
21660,149.3812333,-34.05596667,1591655.94989583,-3825420.20953758,41,9.84106585546018,53.8941521040071,9.84106585546018
21661,149.3728635,-34.03612752,1591194.08758181,-3823124.49943966,30,2.41253409129234,59.017898229006,2.41253409129234
21662,149.3737494,-34.02438967,1591452.15195496,-3821838.913664,31,2.07480434266668,74.9946256695942,2.07480434266668
21663,149.8493449,-33.51110475,1642710.97919496,-3771143.44945786,34,2.42055004440332,182.076785449809,2.42055004440332
21665,149.7885392,-33.58969162,1635933.95720444,-3779048.35972704,27,-5.63873544046486,174.259624747375,5.63873544046486
21666,149.841722,-33.50343669,1642133.12866042,-3770197.95802937,18,-13.4706490650543,191.102211923229,13.4706490650543
21670,149.8355537,-33.50402889,1641559.90121508,-3770184.13869847,37,-0.214666215786366,191.102211923229,0.214666215786366
21671,141.75556,-36.28194,876357.115470052,-3997975.48717058,11,-9.54468553976767,77.0350786536783,9.54468553976767
21674,149.3065386,-34.20521416,1582611.07340342,-3840975.93336329,35,4.31339657469134,40.098102400576,4.31339657469134
21676,149.3125348,-34.17842315,1583559.44882291,-3838091.57102412,18,-14.6421895877397,54.3809197487538,14.6421895877397
21677,149.3366737,-34.15685949,1586079.01167442,-3836009.54964652,29,3.65158670524769,52.2208048972417,3.65158670524769
21678,149.2657671,-34.13151527,1580012.24561521,-3832331.73691657,22,-6.82328821960784,33.8225251616251,6.82328821960784
21685,149.2982302,-34.12677331,1583036.17877343,-3832209.84356128,19,-8.96715217106,47.9669801640752,8.96715217106
21686,139.38923,-35.47297,669251.729624278,-3894066.82231847,1.632993162,-14.171613414905,42.3482374187704,14.171613414905
21688,149.3177546,-35.35560424,1566326.34920146,-3967987.06937414,49,12.893315313267,122.778702796902,12.893315313267
21690,141.40097,-36.12634,845830.92695155,-3978378.83288391,19.59591794,-1.82746410945996,69.0741994805264,1.82746410945996
21706,149.4876101,-35.57187768,1578314.16710135,-3993887.39012502,35,-2.85719079563797,80.8741064674805,2.85719079563797
21715,149.4901266,-35.63528271,1577578.66820499,-4000895.60595366,26,-11.386281857731,105.546280872828,11.386281857731
21716,142.00508,-36.34516,898178.313341712,-4006695.94550514,25.31139401,6.17320939574282,123.563466504679,6.17320939574282
21717,141.98528,-36.32361,896590.968618265,-4004175.31786274,14,-4.16776608466664,117.926273025635,4.16776608466664
21720,142.3075,-36.405,924734.619658065,-4015465.14677866,49.49747468,32.1227979242107,151.025452644123,32.1227979242107
21734,149.1748275,-34.10483568,1572139.19186211,-3828262.7497523,22,-2.33111291386935,31.64765669619,2.33111291386935
21738,149.2645805,-34.07661554,1580728.85441719,-3826252.79751525,32,2.69083721587566,32.7185511671026,2.69083721587566
21740,149.3030591,-34.1097507,1583731.60714226,-3830389.49030844,31,3.87365370546799,47.9669801640751,3.87365370546799
21742,149.1973218,-34.09178979,1574380.99683957,-3827098.56164873,22,-2.70533174008793,32.7109835738565,2.70533174008793
21751,149.5204979,-34.07658912,1604014.81741386,-3829439.68283119,25,-8.23401826983061,81.7646400565651,8.23401826983061
21753,149.5187091,-34.11494174,1603267.62850126,-3833652.60332319,20,-7.92029297708267,77.145184290131,7.92029297708267
21759,149.5293778,-34.07280036,1604880.44601002,-3829132.7847984,47,17.1505032634744,106.262481362762,17.1505032634744
21763,143.63591,-36.3574,1044081.58185058,-4020444.71912358,10.61445555,-6.63858525470651,203.018557507969,6.63858525470651
21764,143.67861,-36.36444,1047831.12856321,-4021571.39944135,20.41241452,0.381231715040826,203.018557507969,0.381231715040826
21766,143.63569,-36.35593,1044076.71582555,-4020280.65520852,14.69693846,1.38851777583468,203.018557507969,1.38851777583468
21767,143.63384,-36.35801,1043890.20731104,-4020495.13833506,8.164965809,-4.4177819850943,203.018557507969,4.4177819850943
21773,143.56278,-36.43111,1036799.28434513,-4027984.93073992,32.52691193,11.2570526675074,180.21732556814,11.2570526675074
21774,149.3192795,-36.06720771,1555783.64707896,-4046302.01529806,21,-9.77634140034333,99.1943241912969,9.77634140034333
21776,149.3340654,-36.11106871,1556445.56234656,-4051302.97366051,12,-19.1165379350453,117.665797647938,19.1165379350453
21777,149.3321426,-36.11178218,1556263.2686961,-4051357.96314114,29,-3.19025793720026,117.665797647938,3.19025793720026
21779,143.735,-36.51194,1051377.05170929,-4038311.67828601,31.11269837,11.1735307986852,165.946376489406,11.1735307986852
21781,143.70026,-36.5253,1048137.93284342,-4039500.16372682,12.24744871,-6.81010702341775,165.946376489406,6.81010702341775
21785,138.97231,-35.41011,631910.432679012,-3884969.26166149,4.082482905,-10.0225459416276,81.0502929419187,10.0225459416276
21794,148.369188,-35.3688195,1480828.08294727,-3958130.83610602,31,-0.700997867447175,166.424698247664,0.700997867447175
21796,148.3606554,-35.37198134,1480015.53003679,-3958380.51357839,41,11.112071328331,176.414854619703,11.112071328331
21800,148.4541013,-35.18696553,1491063.982124,-3939067.60733048,41,0.976532813011971,165.697502259442,0.976532813011971
21805,149.311889,-35.83152455,1558657.18051803,-4020296.92731596,48,12.765057106651,120.871950944202,12.765057106651
21808,145.264,-36.21237,1191342.38304762,-4018685.56762513,22.04540769,-2.8315440709156,83.1966179629265,2.8315440709156
21810,139.17712,-35.50621,649853.796449693,-3896659.19202792,4.082482905,-3.36185392985952,47.9598521926953,3.36185392985952
21815,139.15336,-35.57047,647305.160679132,-3903666.57355906,32.65986324,11.7108762452652,47.1284338787811,11.7108762452652
21816,141.995,-36.47722,896131.395024731,-4021216.08190925,20,-0.0976897225922322,137.187167672776,0.0976897225922322
21819,145.46666,-36.29844,1208473.80379796,-4030080.04687144,48.17329827,27.3443051573126,106.090591940434,27.3443051573126
21822,143.15034,-36.72579,997067.429636545,-4057214.85189385,13.88044188,-10.7092135122367,62.609915143277,10.7092135122367
21823,149.1984197,-35.37289344,1555340.54443021,-3968433.29716095,45.254834,18.8550128201135,141.723398793587,18.8550128201135
21827,146.6470174,-35.82422313,1319969.64465169,-3989468.78327242,18,-5.05466873972328,84.2058879588646,5.05466873972328
21832,142.65815,-36.57801,954523.904335896,-4037149.10632231,17.1464282,-5.04591373476786,276.481999777441,5.04591373476786
21837,138.81019,-35.42612,617136.550068947,-3885953.42129552,28.28427125,7.05269650758891,84.6632643175865,7.05269650758891
21845,149.8626,-34.21722,1632947.52289334,-3849299.27994909,56,25.4667174063473,180.141554787807,25.4667174063473
21850,149.8407,-34.19635,1631282.2939693,-3846716.15125578,43,13.73622384216,181.549911009729,13.73622384216
21855,149.8297,-34.24661,1629503.83150067,-3852122.72095133,57,28.2298664611297,174.563779621675,28.2298664611297
21858,149.8675,-34.24217,1633004.92203671,-3852115.38196622,37,7.08645820241266,174.563779621675,7.08645820241266
21861,149.8675,-34.24056,1633029.93421402,-3851937.70805968,22,-7.14956901235834,174.563779621675,7.14956901235834
21863,147.3975627,-35.17712323,1395932.54394324,-3926043.83628741,22,-4.09425171000569,35.8395668587122,4.09425171000569
21864,147.3946265,-35.17633031,1395678.23923276,-3925924.22139913,25,0.0114193616876612,35.8395668587122,0.0114193616876612
21871,144.34972,-36.56417,1105725.99674844,-4049261.91493186,35.10935298,14.8626504645208,165.302250494038,14.8626504645208
21872,144.390167,-36.547832,1109511.31017902,-4047811.16918191,53,30.6003305448598,165.416066166425,30.6003305448598
21873,144.362377,-36.565558,1106840.84238128,-4049524.55362475,20,-0.686134567393857,165.302250494038,0.686134567393857
21875,144.32167,-36.56528,1103210.51417785,-4049141.805933,13.88044188,-9.74059575130567,165.302250494038,9.74059575130567
21876,144.3275,-36.56194,1103766.52369264,-4048823.89284398,20.41241452,-1.91447727185546,165.302250494038,1.91447727185546
21879,149.9522719,-33.43238424,1653351.9337117,-3763770.77144001,20,-9.0432351708788,153.062368040582,9.0432351708788
21885,146.8260593,-35.74594875,1337038.86720344,-3982697.90863577,7,-9.5263033885776,51.4943201901937,9.5263033885776
21888,149.8272206,-33.47942731,1641179.83705715,-3767357.932107,28,-3.07594586876506,160.306613722094,3.07594586876506
21899,149.7833556,-33.43232778,1637897.19736358,-3761588.71615357,11,-22.4866399860113,179.801847240655,22.4866399860113
21900,143.06704,-36.73057,989591.63667539,-4057094.41421895,13.88044188,-9.2569371623497,148.006603665332,9.2569371623497
21902,141.45836,-36.32385,849365.074424746,-4000601.3024913,15.51343504,-8.8906848545349,77.2882328941644,8.8906848545349
21903,147.7151602,-35.14097616,1425075.05321503,-3925560.2510508,26,5.42479868390376,42.0014516850507,5.42479868390376
21904,142.48173,-36.53661,939135.679656041,-4031271.10940097,26.12789059,5.38957121433485,156.177202232548,5.38957121433485
21908,147.5246424,-35.15715359,1407666.16736065,-3925233.73183309,16,-7.14539550467301,35.7488631370304,7.14539550467301
21911,148.4402503,-36.13191986,1476347.73388822,-4042986.4554561,32,5.88424143878732,215.724983644256,5.88424143878732
21913,148.4391789,-36.13227531,1476246.99377319,-4043013.17431855,22,-2.19708844281901,215.724983644256,2.19708844281901
21914,148.3527056,-36.16491072,1468062.1630056,-4045606.61432668,40,2.97963122226032,181.898892580128,2.97963122226032
21917,148.3556667,-36.16780556,1468285.55129968,-4045959.07229012,32,-0.33728488530965,181.898892580128,0.33728488530965
21918,148.3527706,-36.14141895,1468400.55906838,-4043023.1928354,46,-0.455951218916333,198.037169269986,0.455951218916333
21920,148.3903258,-36.15983536,1471493.00158133,-4045481.13911461,26,-18.2144158794933,197.968299512826,18.2144158794933
21923,148.3546389,-36.17052778,1468155.24459853,-4046246.69858344,60,23.4585265434204,181.898892580128,23.4585265434204
21924,148.3558611,-36.16586111,1468330.44087099,-4045747.42003295,48,13.3473154263583,181.898892580128,13.3473154263583
21925,148.3659457,-36.14883103,1469472.11849177,-4043990.04575037,22,-29.489208025142,197.968299512826,29.489208025142
21930,148.3878495,-36.19162217,1470820.94169684,-4048948.91626956,12,-24.8542556767953,185.150041247172,24.8542556767953
21938,148.3897978,-36.14864088,1471604.70507325,-4044243.67956326,36,-18.5589636956493,197.968299512826,18.5589636956493
21941,148.3872701,-36.14572423,1471420.37531867,-4043893.73046727,48,3.76755821576366,197.968299512826,3.76755821576366
21943,148.3910757,-36.15389089,1471644.31238759,-4044835.89855622,38,-7.38956106457533,197.968299512826,7.38956106457533
21945,148.3915479,-36.15219644,1471710.52148298,-4044654.95040656,16,-30.2598069387747,197.968299512826,30.2598069387747
21947,143.87416,-36.58895,1063017.35996857,-4047958.01364109,20.41241452,-10.0896608841255,204.562933861925,10.0896608841255
21948,143.86083,-36.53333,1062398.64305996,-4041712.31941221,14.69693846,-13.5921322253055,182.719730402089,13.5921322253055
21951,143.86652,-36.58372,1062389.10053368,-4047317.64585493,21.2289111,-9.32989856366846,203.583155068404,9.32989856366846
21954,148.2641,-35.58279,1468354.30429051,-3980500.06607564,41,9.87908848669229,109.771333528007,9.87908848669229
21960,148.3073558,-35.5408982,1472830.74528876,-3976381.89063007,36,3.28119829514441,99.0384939786819,3.28119829514441
21962,148.2895906,-35.62410435,1470059.60529809,-3985345.20961443,28,-4.18427597996581,108.079140631511,4.18427597996581
21963,148.3051938,-35.54362638,1472597.96300302,-3976657.59778156,40,5.33750969516639,99.0384939786819,5.33750969516639
21964,148.2569739,-35.56397364,1467979.69595275,-3978344.79415718,23,-8.14426974567418,134.623332845,8.14426974567418
21965,148.2961601,-35.53065078,1471969.9044114,-3975123.62753363,21,-13.5247135156111,111.080798200269,13.5247135156111
21970,148.2845975,-35.56638722,1470426.46724515,-3978928.42407664,13,-14.2149036884648,104.547718187568,14.2149036884648
21971,148.2987067,-35.61151055,1471055.80325169,-3984062.63971357,23,-10.0240132818491,98.5757581216317,10.0240132818491
21972,139.46217,-35.76898,673931.148425568,-3927273.91506282,22.04540769,-3.79377306533616,35.3044892866727,3.79377306533616
21973,139.46238,-35.77433,673915.415561039,-3927868.01739223,26.12789059,0.281763539194426,35.3044892866727,0.281763539194426
21975,148.532901,-35.079002,1499714.47937752,-3928082.75895789,56,15.983099057434,100.371140882267,15.983099057434
21979,148.5790813,-35.10741144,1503471.11728991,-3931758.90707332,48,4.89294754559467,82.7272457425445,4.89294754559467
21980,149.4700594,-35.92199044,1571440.55919173,-4032183.14286245,21,-12.1580510877877,90.8510348487958,12.1580510877877
21986,149.429867,-35.885911,1568392.35205868,-4027722.12010793,43,13.2128862274533,113.685022300478,13.2128862274533
21989,144.8537766,-36.40042496,1152529.43550222,-4035661.62317863,28.28427125,7.36754046156081,46.4734688744588,7.36754046156081
22003,145.92141,-36.14742,1250944.470716,-4017807.01214889,12.24744871,-17.3624913537542,156.660242551163,17.3624913537542
22006,143.60056,-36.42667,1040222.21906611,-4027802.0168211,23.67840085,6.32631316229292,134.010333071631,6.32631316229292
22013,146.5551422,-35.81409062,1311853.82001821,-3987404.92699224,16,-6.17972018603955,77.579481480911,6.17972018603955
22018,148.2612289,-35.2001278,1473495.22635165,-3938281.45088932,29,-1.40118525575419,151.914198881108,1.40118525575419
22025,148.1615058,-35.2672494,1463565.74042772,-3944538.17117276,28,3.78731174347168,94.3165597399741,3.78731174347168
22027,144.0601,-36.91388,1076223.45557499,-4085330.39547224,45.72380853,20.6278176872309,152.417693964595,20.6278176872309
22029,144.0229,-36.83619,1073721.54182083,-4076457.74851158,43.27431879,23.3911749703098,169.871387008634,23.3911749703098
22034,145.99972,-36.12806,1258187.946765,-4016441.50462654,13.88044188,-11.0979988125207,125.485481106329,11.0979988125207
22035,146.01212,-36.161,1258897.98665396,-4020195.20793086,43.27431879,16.3892123522012,123.975732939871,16.3892123522012
22038,144.24611,-36.61583,1095930.21255642,-4054064.84892422,31.02687008,5.61100711150034,189.786310066519,5.61100711150034
22044,149.2554254,-35.9182212,1552308.73474391,-4029144.6724244,29,-2.37817492574148,130.201021519087,2.37817492574148
22046,149.3216744,-35.99187973,1557127.15308847,-4038050.2661589,19,-6.89055624842666,92.7685010737182,6.89055624842666
22048,149.2942128,-35.95053951,1555292.71391772,-4033170.34555201,40,15.1480974945682,95.4467140085641,15.1480974945682
22052,149.3006412,-35.93137936,1556154.36082911,-4031141.74198821,26,2.60134062905984,127.557786728552,2.60134062905984
22060,143.7992,-36.62125,1055995.87653635,-4050898.60180419,23.67840085,6.37742700673932,196.91636841517,6.37742700673932
22061,143.88415,-36.59452,1063851.81160481,-4048655.47095673,17.1464282,-12.1111625604995,204.562933861925,12.1111625604995
22066,147.7482782,-35.28581243,1426082.85675323,-3941912.53194311,23,-3.23007205617433,42.4802627979119,3.23007205617433
22068,147.6916416,-35.26287925,1421292.37060138,-3938751.06021407,22,-6.82218140487601,47.5960971026036,6.82218140487601
22069,147.7102831,-35.27936908,1422747.46371483,-3940778.00171936,27,1.20966146351066,54.7329956848616,1.20966146351066
22077,144.098,-36.7666,1081136.82595885,-4069422.22210756,31.84336666,10.4191329827615,140.623456799031,10.4191329827615
22078,144.09,-36.7687,1080402.07495687,-4069585.98562014,37.55884272,16.7548500924375,140.623456799031,16.7548500924375
22079,144.114,-36.7411,1082829.67071766,-4066747.28043506,40.82482905,19.763786056487,147.706091293429,19.763786056487
22081,144.21222,-36.75389,1091447.42526906,-4068992.68490972,45.62276082,21.9240419214382,150.881867210774,21.9240419214382
22082,144.06585,-36.7724,1078211.75095923,-4069789.73916776,55.5217675,30.9054748120655,140.623456799031,30.9054748120655
22088,141.75854,-36.42891,875381.135745989,-4014239.29175762,19.59591794,-2.68228128721853,107.956519906698,2.68228128721853
22090,141.77389,-36.44167,876647.333305088,-4015754.45953768,28,8.12745372837431,107.956519906698,8.12745372837431
22093,144.14667,-36.67944,1086389.28523802,-4060228.06490112,35.03176278,12.2196654622332,167.728599768998,12.2196654622332
22095,144.15531,-36.65813,1087383.8983363,-4057952.374125,15.51343504,-8.03308614697834,188.985021844304,8.03308614697834
22100,144.88116,-36.48029,1154085.60003269,-4044714.35621745,0.816496581,-11.3544349115972,54.7497648109421,11.3544349115972
22101,144.87113,-36.47218,1153280.38909122,-4043729.71491103,0.816496581,-6.28536869564574,56.7514329649269,6.28536869564574
22103,144.88922,-36.51559,1154411.35818779,-4048678.45364397,22.86190427,2.46241371352536,64.9219454984334,2.46241371352536
22120,141.79444,-36.46306,878305.370344701,-4018258.94211641,26,-0.398102377472203,107.956519906698,0.398102377472203
22121,143.70596,-36.55984,1048297.00711325,-4043357.3163837,9.797958971,-7.59501415116002,153.129231738524,7.59501415116002
22123,143.70202,-36.56066,1047936.84934484,-4043415.4482212,13.06394529,-3.60680997978148,153.129231738524,3.60680997978148
22124,143.70347,-36.55958,1048077.2805855,-4043308.20572828,15.51343504,1.44964330765704,153.129231738524,1.44964330765704
22134,139.63584,-35.87682,688882.230009689,-3940151.05214114,23.67840085,-6.34571307221508,27.8139494227505,6.34571307221508
22139,149.1307558,-35.46346536,1547912.4876702,-3977586.4189483,49,20.9183283027487,89.6768040941212,20.9183283027487
22140,149.9284168,-33.74719236,1646255.64729574,-3798246.91059443,33,4.27210611740855,186.002082166176,4.27210611740855
22144,148.8371195,-35.06789256,1527314.30181053,-3930461.62549314,29,-6.90964243229556,119.204746831818,6.90964243229556
22148,139.36819,-35.73545,665667.605554323,-3923064.449576,12.24744871,-9.7509881707512,42.7931976973645,9.7509881707512
22155,148.6301603,-35.60322954,1500923.41133677,-3987005.72320086,34,1.25206521564234,122.917282098385,1.25206521564234
22161,148.5799114,-35.33282652,1500302.3370334,-3956621.88323485,69,35.8552398255752,181.691400116274,35.8552398255752
22165,148.5756322,-35.41156283,1498785.03565025,-3965249.41169559,29,-2.40968658338435,194.677879718647,2.40968658338435
22167,148.5600549,-35.37471035,1497913.84975341,-3961005.2775018,32,-0.0437117503096758,177.196978302696,0.0437117503096758
22176,148.8736692,-35.88000362,1518726.53997931,-4020352.27249036,11,-12.335526686057,59.3896268831019,12.335526686057
22180,138.79004,-35.30108,616050.608143382,-3871977.68648034,23.67840085,-8.39725474498371,84.239280654449,8.39725474498371
22184,147.616451,-35.30211012,1413984.11569598,-3942245.41859747,25,-1.44026079270068,39.0856254953766,1.44026079270068
22187,147.571395,-35.24052063,1410757.30178676,-3934950.98355292,31,4.20913646289534,46.1531719748599,4.20913646289534
22191,143.662963,-36.692272,1043120.10050199,-4057611.47532619,71,44.4266013528671,161.66351542212,44.4266013528671
22195,149.2740111,-36.16561146,1550270.6905142,-4056566.99849354,31,4.254342664354,133.279091729702,4.254342664354
22199,149.2857827,-36.17937615,1551114.77074136,-4058222.50206196,19,-4.53626757996716,133.279091729702,4.53626757996716
22201,149.2691392,-36.16665936,1549820.46252706,-4056623.04660533,43,17.6787698427207,133.279091729702,17.6787698427207
22210,148.3517411,-36.11194065,1468725.97488056,-4039768.40405696,18,-17.3507217611226,227.996598889411,17.3507217611226
22218,144.47,-36.67583,1115255.94152635,-4062616.1717341,6.531972647,-16.7508063138817,122.99194914844,16.7508063138817
22223,149.126074,-35.8450939,1541827.0864489,-4019534.83067761,35,3.19347303274933,85.0654761243794,3.19347303274933
22224,141.89139,-36.52056,886489.183830558,-4025280.64374899,21,-3.58071921223629,114.426451456252,3.58071921223629
22226,141.98306,-36.51833,894707.495098102,-4025673.36917193,24,4.8920456998956,139.024387833265,4.8920456998956
22228,141.97115,-36.55926,893288.717283936,-4030110.58716447,14,-8.47213062952785,145.843722514874,8.47213062952785
22229,149.1077711,-36.23028847,1534483.47144994,-4061667.59982622,38,2.82909986303724,135.811885591662,2.82909986303724
22241,143.44083,-36.77694,1022468.11349147,-4065151.61539546,33.47635982,11.525014927025,160.637076809428,11.525014927025
22242,143.43472,-36.79833,1021711.87168118,-4067461.09316626,24.44076473,-1.83168023550732,160.637076809428,1.83168023550732
22244,143.43389,-36.80139,1021607.63313876,-4067791.82460463,22.04540769,-4.63043898261445,160.637076809428,4.63043898261445
22254,148.867143,-36.070425,1515360.88392097,-4041221.24144835,34,6.16143292736498,60.7250942202845,6.16143292736498
22257,142.46806,-36.67611,936649.00659706,-4046569.99306594,55.5217675,30.2638255870388,140.941270676593,30.2638255870388
22258,150.2095091,-32.76661958,1687446.15677573,-3693517.75321774,34,8.18425133234847,131.460755211669,8.18425133234847
22259,150.2119256,-32.7674939,1687654.68967377,-3693646.39072799,26,0.295878819198006,131.460755211669,0.295878819198006
22262,148.0912322,-35.09673497,1459617.54810921,-3924923.68462575,26,-1.27878132297122,111.647633928297,1.27878132297122
22265,143.79775,-36.93295,1052684.52114379,-4085245.43207597,18.77942136,-10.4640280575157,178.00199646468,10.4640280575157
22271,142.36818,-36.63887,928066.111389056,-4041730.68854808,0.816496581,-24.5753042335841,171.824280275515,24.5753042335841
22273,149.8927625,-33.67088171,1644191.67566908,-3789357.59223938,37,5.74299559007024,175.722854918513,5.74299559007024
22274,149.8887,-33.68911111,1643536.94738465,-3791319.30985214,9,-22.2833367749943,175.722854918513,22.2833367749943
22275,149.8963377,-33.6732602,1644481.00102852,-3789666.38778901,43,10.822059296453,175.722854918513,10.822059296453
22276,149.4722184,-36.05516321,1569618.87652378,-4046848.9094704,33.40137061,1.62144244640465,103.120091936816,1.62144244640465
22283,144.50083,-36.69556,1117790.99328918,-4065059.9645438,14.69693846,-12.1874209974603,115.513189164477,12.1874209974603
22285,146.3707917,-36.04885833,1292384.30453039,-4011413.79287848,6,-19.3242728381129,95.7371069796626,19.3242728381129
22299,143.30194,-36.66611,1011172.26208828,-4051823.49100084,24.49489743,-5.90697898207802,65.9333494578359,5.90697898207802
22302,143.2253,-36.67695,1004227.74162784,-4052414.7222415,10.61445555,-20.7817814251484,66.0939203886891,20.7817814251484
22303,143.21861,-36.68472,1003555.32794617,-4053219.25055912,32.65986324,1.73698154335791,66.0939203886891,1.73698154335791
22307,143.85198,-36.8602,1058255.25766632,-4077677.3734764,26.94438717,-0.832978899294314,190.354740090383,0.832978899294314
22308,147.96674,-35.28445,1445782.11425732,-3944217.67171399,29,1.02002827090733,69.0998964863894,1.02002827090733
22312,147.8757399,-35.2427857,1438158.81267412,-3938594.3216899,37,7.02887674791736,71.4910459232942,7.02887674791736
22314,147.8777661,-35.24009305,1438378.52904104,-3938320.06061507,37,7.20275559489341,64.4867446974092,7.20275559489341
22317,145.0486,-36.53525,1168414.63846924,-4052294.24461666,23.67840085,0.323740612286063,28.0649819915198,0.323740612286063
22320,143.54221,-36.966,1029616.15041517,-4086804.36399951,7.348469228,-26.5154073887295,118.626024557222,26.5154073887295
22321,142.8505,-36.78838,969733.213469767,-4061810.45414523,13.06394529,-15.0193375700508,129.204210519911,15.0193375700508
22324,142.43167,-36.98306,930629.15951338,-4080164.85620647,38.3753393,3.95539040566484,125.972294405759,3.95539040566484
22327,142.37667,-36.92583,926247.058854819,-4073454.2164257,60.81118318,14.2901176644687,122.675196729445,14.2901176644687
22328,142.37694,-36.92556,926273.530662109,-4073426.39694536,56.56854249,10.0474769744687,122.675196729445,10.0474769744687
22330,142.38583,-36.92639,927057.869972498,-4073582.41630583,28.01166211,-12.6933906444868,136.943704140086,12.6933906444868
22331,142.37722,-36.92611,926293.531379232,-4073489.08397145,60.81118318,14.3342928523197,122.675196729445,14.3342928523197
22332,149.3503,-36.17342,1556958.00109517,-4058352.8027638,27,-6.29160882010383,114.900816673603,6.29160882010383
22335,149.3941923,-36.16148294,1561052.10630852,-4057576.75145278,35,2.20122383293668,114.900816673603,2.20122383293668
22343,143.74103,-36.92204,1047748.61145833,-4083577.09796485,17.96292478,-10.40965249828,242.491144139474,10.40965249828
22353,143.15222,-36.78972,996618.068046672,-4064280.20089642,22.04540769,-6.1916962518712,69.2263514451925,6.1916962518712
22354,143.09139,-36.78361,991254.344391679,-4063133.13606175,31.02687008,0.0450418702297348,156.578578207349,0.0450418702297348
22358,143.94124,-37.0076,1064679.8773036,-4094657.73423634,8.98146239,-26.7813825271298,161.394050214376,26.7813825271298
22360,143.89861,-36.88111,1062191.58320759,-4080368.45855924,22.627417,-0.916695247815134,201.085726700684,0.916695247815134
22362,143.93643,-36.96987,1064641.68208519,-4090461.87747188,43.27431879,13.7104731823986,153.279023923853,13.7104731823986
22365,145.37776,-36.84009,1194253.9984011,-4088913.4215015,31.84336666,2.10053705176968,36.84861204661,2.10053705176968
22369,147.4113491,-35.7055209,1390110.13405075,-3984487.03046679,34,6.03690510742973,86.1685315454892,6.03690510742973
22370,147.38011,-35.60851,1388599.96059713,-3973451.02799035,34,5.78919133457918,60.3709896676835,5.78919133457918
22371,141.865,-36.54722,883900.921245259,-4028042.50826406,42.45782221,20.2221799992747,114.426451456252,20.2221799992747
22372,141.79083,-36.55031,877242.169261487,-4027872.58208556,23.67840085,-2.06393155747805,114.426451456252,2.06393155747805
22379,143.8086,-36.98539,1053114.37316005,-4091111.97949544,25.31139401,2.86536597519251,133.961739109413,2.86536597519251
22380,143.79742,-36.98167,1052158.10488231,-4090610.07550664,19.59591794,-1.24211115294201,159.69748651382,1.24211115294201
22382,147.8240379,-35.82692277,1425481.46790491,-4002413.4338967,43,8.83660068270503,147.48402228847,8.83660068270503
22387,144.6512,-36.7286,1130831.2810806,-4070023.92794419,27.76088375,-1.05450365150921,104.17460272516,1.05450365150921
22388,144.67291,-36.73636,1132680.38542498,-4071071.20444129,20.41241452,-4.76569532472928,66.6499227475057,4.76569532472928
22393,141.69117,-36.57457,868126.356152766,-4029871.43027056,17.96292478,-7.63365793569585,108.701262392368,7.63365793569585
22400,149.4912502,-35.67310325,1577106.07433936,-4005070.70502366,28,0.10991390209508,108.955999548432,0.10991390209508
22403,149.4837267,-35.77415748,1574901.05706153,-4016094.39473658,41,13.1301823789512,108.635818607999,13.1301823789512
22405,149.126343,-36.221416,1536270.78962206,-4060915.77310728,45,15.0629346332189,126.093432544772,15.0629346332189
22406,149.1243942,-36.21576919,1536180.70719937,-4060271.78508314,38,8.71674999389027,126.093432544772,8.71674999389027
22413,146.57083,-36.11278,1309489.48349284,-4020496.40072742,29.56101929,3.10434375220333,85.3146819479817,3.10434375220333
22415,142.93333,-36.85444,976492.907176607,-4069726.78256192,28.51422551,2.26014232055194,129.888449299641,2.26014232055194
22417,143.00556,-36.84722,982996.853294154,-4069484.56567065,26.94438717,-1.26833696614909,156.131907699016,1.26833696614909
22423,148.7709273,-35.2395003,1518846.45914803,-3948591.95327425,40,6.12719464128268,125.061970908505,6.12719464128268
22424,148.7695639,-35.23997103,1518716.84352434,-3948627.63275117,35,3.32624631336833,125.061970908505,3.32624631336833
22427,148.7723155,-35.21491234,1519329.34471971,-3945898.08712682,52,26.0302158344927,131.631171685822,26.0302158344927
22429,148.7537232,-35.21878942,1517598.45044754,-3946104.4971189,33,3.74196887999634,131.631171685822,3.74196887999634
22430,148.7752471,-35.18556844,1520020.59261327,-3942698.11866045,38,13.6664670742027,128.968706620199,13.6664670742027
22432,148.7408279,-35.21942636,1516427.80080657,-3946021.5883549,43,13.765722026134,131.631171685822,13.765722026134
22440,148.6211418,-35.29178177,1504604.13427021,-3952582.51641534,61,17.9002890165563,181.469560394899,17.9002890165563
22452,148.8854608,-35.22650057,1529349.31897082,-3948525.43490793,30,4.47080580026874,123.561528512403,4.47080580026874
22453,149.2764604,-35.4038599,1561891.18130982,-3972795.80670183,46,14.1903402786164,160.987155955341,14.1903402786164
22454,146.32124,-36.16771,1286471.99961565,-4024014.23449014,15.51343504,-10.733508731701,120.792378547815,10.733508731701
22458,148.1395328,-35.67574837,1455867.34768425,-3989316.6245542,50,5.96819639752767,111.295576292884,5.96819639752767
22459,148.1126,-35.67268,1453493.64315434,-3988671.89797478,18,-22.5045243216543,111.295576292884,22.5045243216543
22464,148.08711,-35.68159,1451082.1310654,-3989363.81499859,37,-1.09760691518167,158.278086142163,1.09760691518167
22466,141.98779,-36.6096,894340.927486732,-4035786.08212946,11.43095213,-8.10181061869561,124.730640725998,8.10181061869561
22468,144.70814,-36.87549,1134289.39131813,-4086708.46144492,25.31139401,-3.03878430641,45.83238753507,3.03878430641
22470,149.1118987,-36.128241,1536362.81409476,-4050501.27194111,42,16.3396461694612,102.575316651425,16.3396461694612
22471,149.1037269,-36.14469096,1535389.97251737,-4052211.25703772,28,1.61544674339368,102.203461124142,1.61544674339368
22472,149.2334484,-36.19613813,1546197.19706979,-4059430.06059758,31,3.17756180835501,133.279091729702,3.17756180835501
22474,149.1908047,-36.17561436,1542699.66923294,-4056659.07781641,39,11.0728403687193,126.439347316911,11.0728403687193
22482,144.189,-36.9128,1087702.92550953,-4086303.08012308,44.90731195,18.0591148516396,123.578923017911,18.0591148516396
22483,144.13639,-36.83139,1083876.95159102,-4076887.18141225,29.32891767,-0.183137027757528,137.868584749298,0.183137027757528
22488,144.06604,-36.95048,1076370.04347967,-4089412.10964039,20.41241452,-7.0239595914432,152.124764532976,7.0239595914432
22489,144.06735,-36.95353,1076454.72899399,-4089759.09750828,22.86190427,2.45178430656733,152.124764532976,2.45178430656733
22491,144.0675,-36.98139,1076177.35592096,-4092828.9212772,24.49489743,-1.15168617579724,111.863839205898,1.15168617579724
22496,142.61694,-36.74306,949324.511510443,-4055056.75635437,29.39387691,0.633031423722546,231.289247195588,0.633031423722546
22502,149.4478358,-35.5258198,1575443.42496112,-3988327.36484281,22,-16.9122754627607,156.117230137927,16.9122754627607
22505,149.4155132,-35.5442518,1572264.70051791,-3989957.93935836,26,-15.205254205562,88.4545219017353,15.205254205562
22506,149.4000581,-35.52896624,1571108.64249124,-3988085.32672073,48,9.95469197695265,144.616141959372,9.95469197695265
22508,138.62807,-35.37237,600957.709815781,-3879119.71174646,16.97056275,-13.0785257019057,79.3209458808812,13.0785257019057
22509,138.61985,-35.35238,600328.160635191,-3876862.1599,25.45584412,-8.13091835611835,84.2392806544491,8.13091835611835
22512,138.64205,-35.33443,602443.26648176,-3874974.10662232,38.18376618,8.91532955639605,84.2392806544491,8.91532955639605
22516,138.72344,-35.35438,609702.02889366,-3877574.73518876,41.01219331,12.2617870098363,84.0623184220807,12.2617870098363
22518,138.72642,-35.35804,609950.605460831,-3877995.21235775,24.04163056,-8.3076967256515,84.0623184220807,8.3076967256515
22519,138.73248,-35.36582,610454.067158815,-3878887.70660568,36.76955262,-0.203190214732047,79.5513576457478,0.203190214732047
22520,138.73329,-35.36808,610514.211241688,-3879142.42482591,35.35533906,-1.08179621021977,79.5513576457478,1.08179621021977
22521,138.66009,-35.34956,603990.404904458,-3876738.79626973,38.18376618,10.9467484880497,84.2392806544491,10.9467484880497
22523,138.74257,-35.38268,611269.253850577,-3880807.28053513,29.69848481,-3.87157548414636,84.6188751925363,3.87157548414636
22536,138.65707,-35.3779,603552.710628077,-3879870.23052317,28.28427125,-2.02263252657386,79.5513576457478,2.02263252657386
22539,138.73855,-35.35737,611053.458667187,-3877978.80945398,31,-11.0876213125588,84.0623184220807,11.0876213125588
22541,138.70367,-35.40358,607624.06646876,-3882941.34985521,50,21.528690889472,84.6188751925363,21.528690889472
22544,145.27639,-36.65917,1187315.03262748,-4068047.48946969,14.78050965,0.967295254000355,68.119453909383,0.967295254000355
22545,145.21306,-36.68167,1181414.41603425,-4069938.63759787,8.694417439,-7.04610035269855,27.3931874053194,7.04610035269855
22546,145.26389,-36.67583,1186009.97115345,-4069766.36885484,8.694417439,-4.95446768874763,57.007332136858,4.95446768874763
22550,147.17517,-35.62215,1370005.01655953,-3972742.67536681,20,-7.51724533643918,34.3367383411259,7.51724533643918
22554,145.03056,-36.63639,1165664.20077561,-4063274.21158972,17.1464282,-1.0447520299842,23.3766733074035,1.0447520299842
22555,145.02556,-36.64028,1165174.62237383,-4063657.17992388,18.77942136,1.18974880942636,23.3766733074035,1.18974880942636
22557,145.04611,-36.63806,1167031.55456878,-4063600.16636011,20.41241452,3.81277454706937,23.3766733074035,3.81277454706937
22562,145.00806,-36.65333,1163467.7121803,-4064935.44622883,17.96292478,1.37581201158571,28.5432889633739,1.37581201158571
22565,149.3945328,-36.23616889,1559958.27548637,-4065786.62005792,27,-3.14849349860533,114.97900945794,3.14849349860533
22570,149.3800461,-36.21742214,1558949.04887344,-4063550.24323894,19,-12.2796042564437,114.97900945794,12.2796042564437
22577,143.59015,-36.80746,1035470.38427763,-4069719.02540558,19.59591794,-4.67609262503428,174.711440044979,4.67609262503428
22579,144.34694,-36.73806,1103619.61810562,-4068405.54893462,39.10522356,12.0593365986053,135.993478028024,12.0593365986053
22582,145.33806,-36.58083,1193714.43061663,-4059992.55099662,14.78050965,-1.11938207993406,76.0797627863058,1.11938207993406
22584,145.30444,-36.62,1190265.442746,-4063993.88966575,12.17218441,-6.9019642168244,69.9714548583421,6.9019642168244
22588,148.5874182,-35.78912425,1494414.70260364,-4006974.4686145,24,-4.38429823808235,179.185624616428,4.38429823808235
22592,148.5792327,-34.9585969,1505627.06186302,-3915345.45162058,16,-10.5405079134477,120.792623212012,10.5405079134477
22597,148.5679565,-34.93895776,1504891.3600792,-3913045.80666082,39,10.5070136037437,118.668951092661,10.5070136037437
22598,148.8503216,-35.80257431,1517767.72068969,-4011554.27976225,32,-0.494275222019027,68.9020920965307,0.494275222019027
22599,148.8482805,-35.80475122,1517553.15861717,-4011769.61380769,29,-4.02348924059604,68.9020920965307,4.02348924059604
22613,148.8557918,-35.85580645,1517480.16668042,-4017477.31948617,25,3.39962274434434,55.7347743046114,3.39962274434434
22616,143.86958,-37.0397,1057979.70834439,-4097597.76294682,41.64132563,6.7837985932287,141.154426047711,6.7837985932287
22618,141.78765,-36.61322,876424.4546522,-4034798.80474598,23.67840085,-10.6155259640269,116.303492213592,10.6155259640269
22619,141.78595,-36.6149,876258.288741351,-4034972.67185402,27.76088375,-7.1841558633748,116.303492213592,7.1841558633748
22623,148.9137083,-35.95649515,1521188.59756199,-4029243.8905614,24,-3.97386500678567,69.8560186177159,3.97386500678567
22624,148.9208731,-35.94487426,1521999.52279201,-4028050.89334693,32,2.25045017148467,69.8560186177159,2.25045017148467
22630,142.46289,-36.69749,935993.77191291,-4048891.64434711,26.12789059,-7.945456040533,157.46634334915,7.945456040533
22632,149.2305938,-35.62132787,1554520.87644707,-3996178.50036374,18,-14.7050107544317,102.898240750226,14.7050107544317
22633,149.1610929,-35.6232712,1548259.52706422,-3995548.42440281,22.627417,-5.8141928052649,74.6416923630886,5.8141928052649
22634,149.2954603,-35.64600255,1559967.42337699,-3999684.83062451,36,4.73944067023515,105.773914982424,4.73944067023515
22638,149.2636594,-35.63896468,1557221.9389559,-3998522.3207517,35,3.98042575243666,105.773914982424,3.98042575243666
22640,149.2811861,-35.68071692,1558167.89668414,-4003330.83829838,28,-7.62100466599802,105.862071544002,7.62100466599802
22641,149.2897971,-35.68421712,1558887.12078587,-4003821.05312916,45,10.7774265294027,105.756126766263,10.7774265294027
22642,149.2616397,-35.65545355,1556794.17549711,-4000312.38056279,27,-5.60742536283132,105.773914982424,5.60742536283132
22648,149.2890268,-35.68625995,1558787.48522898,-4004036.44740297,26,-7.6546609647875,105.756126766263,7.6546609647875
22649,149.2633644,-35.63829416,1557205.52438883,-3998444.92961152,27,-2.915760763272,105.773914982424,2.915760763272
22654,149.2627618,-35.63650264,1557178.30492455,-3998240.41465131,14,-15.9647882272773,105.773914982424,15.9647882272773
22655,149.287042,-35.66511452,1558926.42588825,-4001685.32030466,35,6.77173847677733,105.773914982424,6.77173847677733
22661,148.3254,-36.28558,1463918.95991333,-4058564.68897979,35,5.32103049196033,153.297756507116,5.32103049196033
22673,148.305,-36.30642,1461805.54609563,-4060622.69745717,21,-8.12050001342501,143.157358981962,8.12050001342501
22674,148.3065224,-36.29864552,1462051.00550517,-4059785.23328842,26,-2.43936562293867,150.075790317457,2.43936562293867
22678,144.25639,-37.11361,1091570.36111001,-4108989.65665734,31.84336666,-0.134189864337291,33.0820037849593,0.134189864337291
22682,144.23917,-37.04,1090820.14735658,-4100738.97678865,22.04540769,-2.68542921858696,64.8243592339823,2.68542921858696
22683,144.21139,-37.02472,1088513.10440381,-4098819.61203383,33.47635982,5.71117649416932,75.1977880685908,5.71117649416932
22684,144.24333,-37.09361,1090622.41936333,-4106676.54809389,32.65986324,4.87359556427757,31.7459292405145,4.87359556427757
22692,144.19306,-37.05222,1086594.28382992,-4101691.48282721,23.67840085,-6.28932740981943,57.6583400485317,6.28932740981943
22697,148.6591755,-34.97195688,1512652.6138706,-3917763.66982955,32,8.30422308032435,97.9203616345667,8.30422308032435
22699,148.6414166,-34.96025178,1511218.40101634,-3916262.23324947,21,-8.64883367146497,97.9203616345667,8.64883367146497
22710,148.6120443,-34.9423873,1508823.87492927,-3913944.19679985,18,-7.20920909650266,123.213390738567,7.20920909650266
22712,148.6297908,-34.9538716,1510260.76867279,-3915420.88951022,18,-5.65347302122068,97.9203616345667,5.65347302122068
22717,148.6080881,-34.9640788,1508153.70552543,-3916290.59051506,37,15.7322955525353,104.902521751288,15.7322955525353
22718,148.6021871,-34.98444338,1507327.25718516,-3918467.560357,21,-8.87975909277116,95.5992994556197,8.87975909277116
22719,148.6061455,-34.96275207,1507997.42912996,-3916121.29151069,12,-8.02086322807116,120.792623212012,8.02086322807116
22720,148.6027878,-34.94498927,1507950.35527072,-3914121.97593736,12,-13.8195566963289,123.213390738567,13.8195566963289
22724,148.5912846,-34.94468971,1506915.77430637,-3913953.19587224,44,18.7370531155132,123.213390738567,18.7370531155132
22725,148.6308217,-34.96445183,1510201.0532912,-3916600.2951676,32,5.88086505751716,97.9203616345667,5.88086505751716
22731,149.9194001,-34.18238469,1638648.77698926,-3846182.010263,45,16.3112165597583,180.492731451733,16.3112165597583
22739,149.8852229,-34.17985841,1635583.18018232,-3845465.23277396,29,1.10722343728933,180.492731451733,1.10722343728933
22741,142.86861,-36.86417,970635.03615763,-4070306.51922882,32.65986324,7.45010488755454,168.007431298319,7.45010488755454
22742,142.84806,-36.90667,968405.32568106,-4074836.82652097,72.12489168,44.9308069014668,174.048006206015,44.9308069014668
22750,147.98141,-35.63113,1442297.01198192,-3982606.6649948,37,2.399475568565,151.37252623058,2.399475568565
22751,144.83267,-36.71271,1147174.25480307,-4069891.19203923,35.92584956,4.00467418422027,56.6763192972374,4.00467418422027
22752,143.73527,-36.95238,1046928.11532146,-4086872.71967429,26.94438717,-11.4245391441625,148.68161826953,11.4245391441625
22754,143.73681,-36.95279,1047060.95368916,-4086930.5117912,8.98146239,-28.2891880368477,148.68161826953,28.2891880368477
22756,147.5722479,-35.63633988,1405485.89800386,-3978620.63858052,30,0.739984303050075,114.794314587199,0.739984303050075
22764,143.71528,-37.04833,1044177.79417147,-4097278.78127649,31.02687008,-5.4956193856761,163.534061036065,5.4956193856761
22765,143.65139,-37.06806,1038300.40518223,-4098931.13864286,41.64132563,9.91339590675946,144.392206474275,9.91339590675946
22766,142.14694,-36.77861,907077.182830534,-4055564.68412876,23.67840085,-0.990447616401653,140.143103165443,0.990447616401653
22768,148.8248013,-35.70158696,1516954.78605647,-4000135.25084136,26.12789059,-4.05801161817049,29.6957845825415,4.05801161817049
22769,148.8182357,-35.69474484,1516465.98178051,-3999304.0526107,25.44866332,-3.72832071801897,28.5830386350677,3.72832071801897
22773,148.7895324,-35.69607657,1513873.41369215,-3999110.24902006,23.85812186,-1.43993047676503,105.082641035707,1.43993047676503
22775,148.7997184,-35.70674263,1514631.25522711,-4000405.23397743,19.88176822,-3.59992924618231,28.5830386350677,3.59992924618231
22776,138.63248,-35.40987,601140.922555079,-3883302.66909307,9.797958971,-18.9856403173848,79.5513576457478,18.9856403173848
22790,149.4786146,-36.14218867,1568873.27933485,-4056490.84943348,14,-15.481292995857,96.5283855897287,15.481292995857
22791,149.4490791,-36.15721773,1566011.74439287,-4057779.82403515,40,4.85905010284633,103.170445816404,4.85905010284633
22799,149.4058196,-36.19640144,1561563.16760261,-4061555.52623076,12,-21.7316324105366,101.017765704567,21.7316324105366
22800,148.271307,-35.80010697,1465936.00100002,-4004521.27076624,49,2.84702388419099,100.366811664323,2.84702388419099
22805,148.2550444,-35.90655231,1462979.42039864,-4016055.15505415,68,18.0890652778943,314.471287641275,18.0890652778943
22806,148.3152915,-35.86217396,1468999.64537746,-4011860.67861551,50,-4.54953565094137,125.321656703839,4.54953565094137
22819,148.22318,-35.83804,1461090.12736416,-4008147.07689485,27,-17.0662281524017,181.873172864998,17.0662281524017
22823,148.3321,-35.81669,1471148.51837277,-4007046.13342938,45,0.762501408282318,75.0098456214275,0.762501408282318
22833,142.11194,-36.7775,903964.650860039,-4055194.11430166,35.92584956,14.2820817214255,136.76797438272,14.2820817214255
22836,144.1025,-37.04667,1078606.26877039,-4100312.98848914,28.57738033,1.73682613030439,106.308308836842,1.73682613030439
22838,144.10528,-37.05639,1078751.57246166,-4101406.72245328,20.41241452,-6.83391489605794,104.199715105556,6.83391489605794
22845,149.3201255,-36.45059076,1550113.90897304,-4088430.29887344,35,8.84668467931733,122.832067480233,8.84668467931733
22847,149.3459471,-36.41076189,1553008.12461058,-4084370.62220473,35,15.4783844297945,122.832067480233,15.4783844297945
22851,147.6110674,-35.43959024,1411636.52568435,-3957352.50175676,44,15.8641067514718,48.6408105616944,15.8641067514718
22855,147.6054898,-35.44425093,1411071.5721835,-3957804.95353985,31,5.56890116021518,48.6408105616944,5.56890116021518
22863,143.5933,-36.86703,1035153.5421821,-4076310.71524709,31.02687008,1.82457503490215,188.920030329806,1.82457503490215
22865,143.63876,-36.86906,1039180.96535658,-4076903.50894587,34.2928564,-0.118819161073887,186.780831813279,0.118819161073887
22868,149.3029711,-35.83701403,1557776.90145226,-4020791.96276361,23,-12.346511835409,122.713583719003,12.346511835409
22869,149.3549797,-35.78766462,1563172.36975958,-4015998.91821208,25,-9.5151797099703,103.892681965406,9.5151797099703
22874,146.62228,-36.09475,1314321.56462652,-4019037.7728744,23.67840085,-7.85654336865304,86.7210171149433,7.85654336865304
22875,146.6852,-36.10344,1319841.68176292,-4020644.06630301,13.88044188,-13.0735733645684,96.6239084725386,13.0735733645684
22876,141.65511,-36.63241,864418.590760795,-4036015.03235421,11.43095213,-14.0834356743064,99.4829168855513,14.0834356743064
22879,147.7049862,-35.37551144,1420959.71959753,-3951325.5681561,41,-0.880720425705974,40.7977514130534,0.880720425705974
22885,143.30972,-36.74444,1011099.70476666,-4060524.37968977,30.21037349,-1.72725489055787,60.1212693886988,1.72725489055787
22886,143.23333,-36.81167,1003634.47386364,-4067335.58002224,35.10935298,4.39225465060661,69.8163355086261,4.39225465060661
22887,143.23861,-36.79444,1004272.55778021,-4065477.19941097,40.00833247,10.3413962964345,69.8163355086261,10.3413962964345
22888,143.22472,-36.76278,1003342.09660951,-4061876.7811472,27.76088375,-6.02092293699837,59.7096500899104,6.02092293699837
22893,146.14972,-36.40167,1268260.86261349,-4048077.0908347,9.563859183,-22.2926792720291,144.224981770798,22.2926792720291
22894,146.20556,-36.36028,1273754.333124,-4044073.32749188,27.76088375,4.05374745655651,105.028240105051,4.05374745655651
22901,147.3285274,-35.37468632,1387074.99028223,-3947097.30392567,21,-7.66872349584221,39.0133449377577,7.66872349584221
22907,145.82083,-36.52,1237482.69248151,-4057885.40155787,19.59591794,-10.0137949491875,147.101343912922,10.0137949491875
22909,145.8225,-36.51972,1237634.98603067,-4057870.73882085,17.96292478,-11.9380741415472,134.175242353234,11.9380741415472
22912,142.6306,-36.79733,950043.769707033,-4061145.48023146,23.67840085,0.664366674525244,213.089933676172,0.664366674525244
22916,149.3207019,-36.30759472,1552307.391427,-4072733.47822352,13,-19.4384976414203,127.683874921093,19.4384976414203
22917,149.3700362,-36.3874878,1555501.19383261,-4082107.9808509,20,-4.04433250781968,122.832067480233,4.04433250781968
22925,144.97698,-36.76368,1159458.44148126,-4076808.36902367,28.57738033,2.2090155638679,32.3783397675125,2.2090155638679
22935,142.49611,-37.16222,934738.979224721,-4100383.54097454,35.92584956,6.3042897849827,213.43612258313,6.3042897849827
22937,142.47667,-37.15028,933119.761734605,-4098925.69988866,50.62278802,15.1408117808535,226.211811045175,15.1408117808535
22938,142.50014,-37.18874,934856.353229078,-4103335.1951222,22.04540769,-7.42994432960698,218.023944990521,7.42994432960698
22945,143.733611,-37.070337,1045583.79833952,-4099852.49099312,47,3.4304874077914,170.278514495682,3.4304874077914
22948,143.7625,-37.03111,1048549.73520123,-4095768.86874736,44.09081537,15.9978858922251,161.239483007882,15.9978858922251
22949,143.7,-37.0775,1042524.65749856,-4100366.69124521,45.72380853,2.39933139208297,151.141793959721,2.39933139208297
22954,143.80611,-37.15342,1051178.01773296,-4109596.07072797,48.98979486,16.760875486405,92.2989756227375,16.760875486405
22958,143.76861,-37.07083,1048688.73524215,-4100193.65100629,38.3753393,6.02557796765901,156.812686674645,6.02557796765901
22961,145.0525,-36.87194,1164960.37134151,-4089416.3476178,19.79898987,-4.13561759558306,42.6218691215812,4.13561759558306
22967,143.33325,-36.86543,1012011.28208159,-4074050.82590096,23.67840085,-9.27271369490802,96.8964940278497,9.27271369490802
22971,143.34694,-36.79833,1013889.2929192,-4066761.77024109,41.64132563,11.2115245070807,58.8898891903904,11.2115245070807
22982,144.30528,-37.12722,1095766.38721208,-4110906.23611678,35.84645493,-3.79590021280065,35.7084121045372,3.79590021280065
22985,144.2975,-37.11833,1095170.21225918,-4109861.02660264,29.39387691,-7.95536871906664,33.0820037849593,7.95536871906664
22987,144.28611,-37.19333,1093362.73463622,-4118017.67730467,37.47583925,5.70248826851872,40.0349765310025,5.70248826851872
22988,144.29417,-37.15861,1094446.62384104,-4114265.79084901,26.94438717,-5.84197686290996,33.9456729759866,5.84197686290996
22991,144.28694,-37.13861,1094017.33838949,-4112002.68855597,35.10935298,-3.30583664438563,31.3563745386872,3.30583664438563
22993,144.25222,-37.11667,1091167.71261069,-4109290.86026682,32.65986324,1.9396307325967,31.3563745386872,1.9396307325967
22994,144.26972,-37.18583,1091988.16063404,-4117052.15844066,26.94438717,-3.32071191959962,34.0834227845436,3.32071191959962
22999,144.22278,-37.18972,1087782.2614287,-4117079.80096398,18.77942136,-7.63726611396864,32.9009688877361,7.63726611396864
23005,149.3624287,-36.45714226,1553778.2845772,-4089663.49663175,38,-9.65500792002298,122.832067480233,9.65500792002298
23015,148.5134235,-35.77718672,1487956.3686752,-4004796.52099622,29,-2.31479732859368,98.079779320981,2.31479732859368
23016,148.5577663,-35.67432712,1493405.73783593,-3993987.5884109,52,11.5229405552033,79.2971791949554,11.5229405552033
23018,148.5599911,-35.6677171,1493700.16611015,-3993285.64815256,36,-5.36402758034333,80.3690871606957,5.36402758034333
23024,148.5322847,-35.77365726,1489696.95051573,-4004627.72643907,25,-3.965580241357,104.986385600732,3.965580241357
23025,148.4959981,-35.76296226,1486598.33859525,-4003027.48239869,29,-3.14019478833102,98.0951354046679,3.14019478833102
23026,148.5793403,-35.78405594,1493763.84927316,-4006322.02380332,50,18.9358118532534,178.436652427645,18.9358118532534
23027,147.56041,-35.55815,1405478.00929091,-3969869.33017319,33,0.934899456556316,56.4921670590312,0.934899456556316
23030,143.94927,-37.10625,1064374.69987721,-4105587.99988586,44.90731195,12.6057080535102,111.942696585725,12.6057080535102
23033,143.96787,-37.10381,1066051.87936588,-4105474.43612801,39.19183588,5.81697656047626,112.385302292092,5.81697656047626
23035,148.6816082,-35.91482801,1501035.61822596,-4021914.30970018,22,-6.13587053891117,143.033134192768,6.13587053891117
23036,148.6825477,-35.91576141,1501106.18575926,-4022028.06024592,31,4.42553403152634,143.033134192768,4.42553403152634
23038,148.11192,-35.19682,1460084.15192602,-3936202.33766617,31,2.56571811317952,88.6139478313623,2.56571811317952
23045,144.451175,-36.862244,1111569.55198467,-4082990.98903477,30,-1.50079516368261,104.585921900854,1.50079516368261
23051,142.32166,-36.84277,922089.266734587,-4063894.60958065,17.96292478,-1.47853445240111,121.767712415961,1.47853445240111
23053,142.37139,-36.83944,926552.061704131,-4063887.0529437,29.39387691,-2.70221290271167,122.675196729445,2.70221290271167
23057,142.38472,-36.91806,927033.84838586,-4072655.67947115,38.3753393,-4.48547649494036,122.675196729445,4.48547649494036
23061,142.39056,-36.88,927896.196169335,-4068500.28696896,33.9411255,-10.477800212879,122.675196729445,10.477800212879
23066,142.37611,-36.88278,926583.665650322,-4068702.0455112,57.98275606,0.463433956855873,122.675196729445,0.463433956855873
23069,142.3775,-36.88361,926700.066279524,-4068803.67675719,46.66904756,-7.71334664409896,122.675196729445,7.71334664409896
23073,142.37222,-36.89111,926162.294268182,-4069592.6308009,25.31139401,-22.0953982974765,122.675196729445,22.0953982974765
23075,142.38694,-36.88667,927513.689550349,-4069209.69729587,50.6017122,9.4636368409347,122.675196729445,9.4636368409347
23077,142.37833,-36.92444,926407.389104413,-4073312.95584785,59.39696962,3.07209616656286,122.675196729445,3.07209616656286
23078,142.37722,-36.925,926303.496854378,-4073366.66720524,70.71067812,18.7028665083899,122.675196729445,18.7028665083899
23079,142.37806,-36.92472,926380.826938164,-4073341.87798172,50.91168825,-2.46665298577641,122.675196729445,2.46665298577641
23084,147.19778,-36.82944,1356149.04333428,-4105908.9317428,24.34436883,0.970430383689166,42.8748552336743,0.970430383689166
23085,147.19,-36.82611,1355501.80362041,-4105460.38926769,21.7360436,-11.1786207615348,42.8748552336743,11.1786207615348
23093,147.19528,-36.78278,1356539.87869435,-4100753.98985933,23,-6.50546953816362,46.4325998168776,6.50546953816362
23095,147.20278,-36.77917,1357253.71265156,-4100436.84200429,27.8221358,-5.12522666658765,45.1967160890677,5.12522666658765
23098,147.25722,-36.74389,1362556.1863991,-4097138.28622521,40.86376196,5.74432624176335,44.2689711285399,5.74432624176335
23102,147.21556,-36.78694,1358287.07144549,-4101426.71853567,39.12487848,3.67983329982883,45.9436478295262,3.67983329982883
23103,147.20583,-36.79333,1357338.59193389,-4102025.65708801,47.81929591,14.7525309485313,44.0552404799321,14.7525309485313
23105,147.2075,-36.82556,1357063.29248901,-4105585.72639664,26.08325232,-3.77675740593541,36.7270328255284,3.77675740593541
23106,147.23306,-36.795,1359735.75057895,-4102498.76979474,24.34436883,-5.89441278538246,41.6473084225803,5.89441278538246
23111,147.20667,-36.77583,1357643.26410358,-4100111.04498623,53.90538812,11.1315832757247,45.7705782294869,11.1315832757247
23113,147.24222,-36.79278,1360578.75972681,-4102352.29194981,27.8221358,-0.76431653724477,46.0097959366003,0.76431653724477
23118,147.2275,-36.7725,1359537.98149366,-4099966.52704294,33.03878627,-6.48689142847751,47.9341983398403,6.48689142847751
23120,147.23028,-36.785,1359620.43349303,-4101370.06334585,33.90822801,2.09681574064724,46.2066194241749,2.09681574064724
23121,147.25333,-36.75333,1362085.95427835,-4098134.48574631,25.21381057,-12.2004073792427,41.1997477971893,12.2004073792427
23124,147.25111,-36.7875,1361438.1513578,-4101866.6722748,32.16934452,6.42648948587203,49.0908797193116,6.42648948587203
23126,147.21194,-36.81389,1357611.07115106,-4104350.32030309,37.38599499,3.00754678324661,45.6489513851297,3.00754678324661
23128,147.24028,-36.74111,1361087.16492157,-4096652.11728542,39.99432022,1.31266677082441,41.9126051677223,1.31266677082441
23129,147.22584,-36.75328,1359643.46503045,-4097836.16387049,46.08041243,5.27958389758668,42.7842996399684,5.27958389758668
23133,147.22222,-36.82028,1358440.10394519,-4105161.88228816,36.76955262,-0.536819309170326,40.8833133310649,0.536819309170326
23137,147.22361,-36.81667,1358611.06317951,-4104779.91342022,29.69848481,-7.92368147439368,38.9317346177522,7.92368147439368
23138,147.22,-36.75833,1359057.9840678,-4098329.14436107,49.5581794,4.06822477248406,52.9502269376528,4.06822477248406
23140,147.23167,-36.80611,1359465.98761617,-4103705.05756267,31.29990278,-1.09082590990867,42.8183168106876,1.09082590990867
23147,147.23222,-36.78889,1359741.5768731,-4101818.27216144,27.8221358,-5.90428479464418,43.3838173486347,5.90428479464418
23149,147.21167,-36.73389,1358639.1001795,-4095553.88651908,49.5581794,4.01744009973927,51.5239039333631,4.01744009973927
23150,147.19194,-36.74806,1356699.10702316,-4096901.94966403,49.5581794,8.58113462306122,51.2341959262557,8.58113462306122
23156,147.19167,-36.75389,1356598.53820814,-4097539.97151493,39.12487848,-4.63875858665399,50.1736912140844,4.63875858665399
23162,147.23472,-36.7425,1360574.65771313,-4096745.69303971,32.16934452,-8.82266731038192,42.7842996399684,8.82266731038192
23163,147.24222,-36.78667,1360659.26371445,-4101680.73600775,20.86660185,-6.58268663319028,47.031344770843,6.58268663319028
23164,147.18917,-36.75056,1356420.07256513,-4097147.36225536,52.16650463,10.8414914365363,50.1736912140844,10.8414914365363
23165,147.20361,-36.74167,1357820.35339108,-4096323.47111846,48.68873766,4.54529701790421,51.2790356131156,4.54529701790421
23174,147.24028,-36.77111,1360691.90006265,-4099949.79960603,30.43046104,-6.75214237034095,49.0581544070749,6.75214237034095
23180,147.7901084,-35.83204404,1422370.49482542,-4002599.44164771,4.771624373,-28.8088014239515,147.47912114251,28.8088014239515
23186,146.1436,-36.2264,1269861.24456729,-4028705.152034,13.88044188,-13.4017782910728,97.4121051004201,13.4017782910728
23196,148.8030473,-35.1763674,1522659.24879104,-3942014.82292089,19,-23.0030546165669,126.104482035942,23.0030546165669
23199,148.8324949,-35.19192807,1525084.96304364,-3944081.45707622,38,5.87003945470133,123.561528512403,5.87003945470133
23210,144.57532,-37.00002,1121118.71799948,-4099247.38199907,29.39387691,-2.70224377738172,69.7632481546831,2.70224377738172
23211,145.18,-37.05111,1174258.36865238,-4110302.13783435,22,-6.84329749316596,43.2890496064771,6.84329749316596
23212,141.8393,-36.70039,880297.527567134,-4044778.97922954,2.449489743,-19.88614284682,112.008365492982,19.88614284682
23216,141.83361,-36.73472,879497.173086777,-4048529.64526677,16,-18.4597645097451,112.538194415218,18.4597645097451
23219,142.26721,-36.84337,917230.129653418,-4063568.83915315,20.41241452,-2.18579861487883,112.185100875456,2.18579861487883
23234,148.4852416,-35.65643743,1487156.56241938,-3991171.31735893,33,-1.27607727480267,94.776921803681,1.27607727480267
23236,148.4978462,-35.62591397,1488723.89628896,-3987956.12563015,38,0.215093951504009,98.1894706765818,0.215093951504009
23239,148.4694,-35.61798,1486284.52261599,-3986750.9807094,35,5.55632053293466,100.054963904757,5.55632053293466
23240,148.4655261,-35.68558264,1484971.84253968,-3994151.96802042,29,-6.79159341703299,78.9117815457841,6.79159341703299
23242,144.73069,-36.93727,1135615.36427949,-4093711.32406688,47.35680169,8.92918402188364,37.6270643707423,8.92918402188364
23243,144.71664,-36.91353,1134627.24711011,-4090972.66844858,46.54030511,9.9609674297449,37.6270643707423,9.9609674297449
23245,144.73112,-36.93609,1135666.583807,-4093585.23153785,40.82482905,6.25059815957182,37.6270643707423,6.25059815957182
23246,144.73117,-36.92077,1135839.67510828,-4091898.94049123,35.10935298,4.80968885778484,37.6270643707423,4.80968885778484
23247,144.71889,-36.92056,1134750.02090205,-4091766.69319109,48.88152945,17.4788697542438,37.6270643707423,17.4788697542438
23251,148.2214268,-35.98243887,1458903.63869002,-4024024.39938988,13,-16.7465205032447,336.128782287981,16.7465205032447
23252,148.240473,-35.97683428,1460686.2078661,-4023625.12679061,23,-9.01954976924127,336.008762949614,9.01954976924127
23254,148.2394063,-35.9795499,1460552.58371782,-4023911.84095935,21,-8.72676665755233,336.008762949614,8.72676665755233
23256,143.18922,-36.96657,998204.195568033,-4084065.73503619,34.2928564,2.82773306255913,83.5473198193186,2.82773306255913
23259,143.14694,-36.95444,994558.885776254,-4082399.07657456,26.12789059,-4.21754629186768,73.5174803667581,4.21754629186768
23262,143.14833,-36.98972,994342.421891006,-4086298.20295174,26.12789059,-12.8803584988524,81.858790926462,12.8803584988524
23266,143.10604,-37.04406,990058.128558154,-4091957.9422272,25.31139401,-4.89758345814968,121.910724971691,4.89758345814968
23267,148.8070331,-35.63902059,1516273.52833938,-3993035.80634835,14.31487312,-15.2269649775272,40.7127738627622,15.2269649775272
23276,148.7125,-35.65916667,1507502.04233064,-3994135.40773255,66,35.14205666229,125.32154198563,35.14205666229
23278,148.7111111,-35.65888889,1507381.50004426,-3994088.43193368,50,19.1834529526907,125.32154198563,19.1834529526907
23281,148.822325,-35.63157815,1517753.6662987,-3992397.90157509,19.88176822,-8.25483546031694,37.9121918129464,8.25483546031694
23282,148.7883257,-35.64200437,1514552.11701878,-3993142.4476808,14.31487312,-10.2353664069355,39.6994562172052,10.2353664069355
23285,148.6857829,-35.62364998,1505619.58764726,-3989909.20714724,30,-4.08628044397998,137.113477067619,4.08628044397998
23288,148.7996692,-35.65535793,1515375.09514654,-3994747.29891903,23.06285113,-2.22119353641867,35.7113134651729,2.22119353641867
23291,148.8140686,-35.60826367,1517352.90387084,-3989732.57783513,30.22028769,8.20132338971532,40.1424569417996,8.20132338971532
23292,148.7985447,-35.65447323,1515287.13032037,-3994636.55044588,24.65339259,-0.879405803807003,35.7113134651729,0.879405803807003
23293,148.7873823,-35.64923042,1514362.34167887,-3993926.92349537,28.62974624,2.92350706618383,35.7113134651729,2.92350706618383
23295,148.8029412,-35.65350597,1515695.50954836,-3994582.20250834,17.49595603,-6.07698983497836,35.7113134651729,6.07698983497836
23299,148.7795334,-35.64393763,1513735.36965643,-3993251.11587237,25.44866332,3.91573664704094,109.611894577442,3.91573664704094
23300,148.8074675,-35.6092644,1516746.05996866,-3989764.39084777,26.24393405,2.39192396473331,40.5108528247688,2.39192396473331
23302,148.8019181,-35.6571273,1515551.01086309,-3994968.79266321,26.24393405,2.122311487845,35.7113134651729,2.122311487845
23303,148.7915807,-35.68883411,1514162.44851452,-3998337.15995573,16.7006853,-7.09841798912952,105.082641035707,7.09841798912952
23307,148.7936041,-35.6311078,1515184.19524803,-3992005.19163854,22.26758041,-1.70091669883534,40.6296382202044,1.70091669883534
23310,148.8033466,-35.67152992,1515469.33708065,-3996571.50439906,16.7006853,-6.28978342074133,34.0856546919269,6.28978342074133
23317,148.8063234,-35.60747854,1516669.43046336,-3989554.15168238,13.51960239,-13.0396174674677,40.5108528247688,13.0396174674677
23318,148.8052199,-35.60749508,1516570.1803183,-3989542.87313443,21.47230968,-3.93983799115169,40.5108528247688,3.93983799115169
23320,148.5025161,-35.03057425,1497667.50599904,-3922384.36093879,48,7.05840528663968,122.30169953082,7.05840528663968
23322,148.5764272,-35.06928067,1503780.53593412,-3927522.15553942,44,3.11205777536934,102.310201152681,3.11205777536934
23323,148.5838246,-35.05085442,1504713.15529747,-3925576.85314246,29,-10.434707534996,102.310201152681,10.434707534996
23327,148.5727724,-35.04854582,1503749.20035584,-3925192.07763081,45,3.90630247284436,101.57152046569,3.90630247284436
23334,149.3986484,-36.24778552,1560150.20514244,-4067113.02677496,20,-19.109743687208,114.97900945794,19.109743687208
23336,149.3986453,-36.2163746,1560622.80284678,-4063662.23586408,40,3.539673923624,114.979009457939,3.539673923624
23337,149.4013754,-36.23290411,1560617.28423765,-4065511.52791277,34,-3.95610769573931,114.97900945794,3.95610769573931
23340,149.4055283,-36.25949961,1560586.90273726,-4068483.86093491,47,11.5707799581077,119.622412495966,11.5707799581077
23341,142.88172,-36.96697,970835.287772025,-4081740.14685049,19.59591794,-10.3746699063958,175.012879432746,10.3746699063958
23342,142.83972,-37.01843,966614.742659527,-4087093.94852055,23.67840085,-5.88857372617074,204.626112106654,5.88857372617074
23358,141.76771,-36.91212,872114.937183345,-4067655.83857957,25.31139401,-14.0971126955923,107.769738224251,14.0971126955923
23359,141.825,-36.91417,877202.61716929,-4068274.24044889,25.31139401,-0.406850299471049,107.769738224251,0.406850299471049
23360,141.79139,-36.82444,874968.050432892,-4058142.58927373,47.35680169,17.9207060988404,115.57731781274,17.9207060988404
23361,148.4921489,-35.95851342,1483459.02714597,-4024508.68568259,36,1.57692333495865,139.857024823766,1.57692333495865
23366,149.4341193,-35.68494954,1571807.93290281,-4005669.97310775,31,-8.625779311975,104.135196470133,8.625779311975
23369,149.3450665,-35.66625149,1564109.78460966,-4002519.6506614,43,6.75350750034038,103.262235292109,6.75350750034038
23375,149.4264758,-35.68816382,1571074.55760375,-4005929.60049466,20.67703895,-18.5219137120547,104.135196470133,18.5219137120547
23381,149.3652373,-35.65729351,1566052.31421418,-4001781.02417927,32,1.03675484402669,103.262235292109,1.03675484402669
23383,149.3996111,-35.54727366,1570792.37578912,-3990094.93482144,45,8.77246770223967,88.4545219017353,8.77246770223967
23388,148.6715639,-35.0425183,1512749.61843889,-3925693.55654313,30,-3.31621404563806,79.6337103182437,3.31621404563806
23392,148.6750249,-35.0455811,1513017.53520273,-3926072.34740687,30,-3.63004631171243,79.6337103182437,3.63004631171243
23393,148.589234,-35.02559243,1505565.08746027,-3922854.07264187,31,-5.78673118315801,95.5992994556197,5.78673118315801
23394,148.6761473,-35.02349079,1513438.65088187,-3923649.18207294,32,0.220978878303121,79.6337103182437,0.220978878303121
23399,142.64778,-36.99778,949728.973223064,-4083378.14493541,35.10935298,-0.849046456096552,206.64100964885,0.849046456096552
23411,144.9867,-37.00556,1157607.60013055,-4103525.97820333,36.74235,6.35421673983497,54.223995431809,6.35421673983497
23415,143.31361,-36.95556,1009380.04978915,-4083829.68283868,28.57738033,-12.3820557522947,116.48607145093,12.3820557522947
23416,143.33639,-36.95472,1011415.34492785,-4083917.27337412,40.00833247,0.989964221297974,110.11425398425,0.989964221297974
23430,143.28139,-37.01364,1005946.27656942,-4089975.78850023,26.12789059,-6.79987636548842,104.331459116362,6.79987636548842
23432,143.22214,-36.99585,1000849.31074899,-4087550.09882065,49.80629144,14.8582812511309,81.6912321401151,14.8582812511309
23433,143.26333,-36.91639,1005287.41836629,-4079116.11721335,36.74234614,5.06693382058702,79.6808741847168,5.06693382058702
23436,143.30722,-36.88611,1009490.70009085,-4076124.51814476,39.19183588,9.40639870066923,67.7159349179408,9.40639870066923
23437,143.24111,-36.88278,1003636.17187931,-4075236.57049114,34.2928564,1.44333475656526,70.758969377363,1.44333475656526
23439,142.44972,-36.87361,933225.317435522,-4068226.38891128,17.96292478,-14.8263709711267,120.15640596174,14.8263709711267
23440,144.58379,-37.05719,1121249.51788366,-4105614.85599308,34.2928564,2.03151685742733,64.1835014713255,2.03151685742733
23443,144.85111,-36.90889,1146636.45338909,-4091662.37440172,24.49489743,-7.90871723296803,41.8769750785482,7.90871723296803
23444,144.83139,-36.93333,1144611.70927012,-4094176.21906918,35.92584956,5.84232727391298,41.8769750785482,5.84232727391298
23449,144.2767,-36.85609,1096107.08870869,-4080805.58743076,31.84336666,-4.59524214773974,145.893394560953,4.59524214773974
23455,144.26361,-36.79833,1095554.71467658,-4074329.61761797,31.02687008,-1.78489266015427,149.279818189298,1.78489266015427
23458,144.25833,-36.81444,1094913.63840211,-4076059.39598375,34.2928564,2.1028169898587,158.731153083167,2.1028169898587
23469,149.3615085,-35.78137106,1563851.46334471,-4015386.51340085,31,-3.390926783574,98.0489464473674,3.390926783574
23472,148.1417,-35.71831,1455466.19526736,-3994030.19993033,42,3.71625379453472,117.750130986579,3.71625379453472
23473,148.1466821,-35.70923472,1456040.05942935,-3993087.22360927,32,-7.51864208389399,117.750130986579,7.51864208389399
23475,148.1432,-35.71327,1455671.25904189,-3993492.07812288,33,-5.13611628141827,117.750130986579,5.13611628141827
23481,148.1064,-35.7455,1451920.53089952,-3996623.73569085,43,8.48774821623703,168.116758030824,8.48774821623703
23482,148.2391,-36.26107,1456566.65491923,-4054882.85825365,25,-2.80277707196021,139.204185045286,2.80277707196021
23486,148.2221,-36.2811,1454768.81632807,-4056892.03487799,33,4.86019789628162,109.633510598612,4.86019789628162
23489,143.77314,-37.18824,1047896.5334816,-4113158.60526807,15.51343504,-18.1772850443017,103.282108143993,18.1772850443017
23492,146.98167,-36.01361,1347532.0678695,-4013840.32231665,18.25827662,-13.657413588723,101.909185869733,13.657413588723
23493,146.03815,-36.79852,1253480.80247421,-4090664.96639191,25.31139401,-10.4149486140515,112.769977071774,10.4149486140515
23499,149.8816898,-34.23901792,1634342.33374867,-3851948.98341107,28,5.22977836596451,174.563779621675,5.22977836596451
23502,149.8785282,-34.24179655,1634012.06629228,-3852215.17821986,16,-7.00054093950547,174.563779621675,7.00054093950547
23503,149.8759,-34.23735,1633842.54310408,-3851690.86279296,23,-5.133591900669,174.563779621675,5.133591900669
23510,144.28269,-36.8966,1096209.89418201,-4085319.43185193,10.61445555,-7.54848748547021,102.341910536324,7.54848748547021
23511,147.42332,-35.57327,1392953.69136993,-3970035.24618918,25,-3.57531528890754,60.2299345683857,3.57531528890754
23515,145.93167,-36.61333,1246242.63664388,-4069240.48302981,26.94438717,-3.1913546278803,153.140209425996,3.1913546278803
23521,145.93861,-36.62306,1246743.63834747,-4070379.45580514,26.94438717,-5.16275237772563,153.140209425996,5.16275237772563
23529,145.94472,-36.61639,1247368.45275411,-4069704.74632778,24.49489743,-0.893616422896905,153.140209425996,0.893616422896905
23530,145.93139,-36.5825,1246589.33045523,-4065843.18684735,19.59591794,-7.17782474679384,153.636596931364,7.17782474679384
23531,145.95583,-36.6025,1248526.02247068,-4068283.97923122,27,1.61465048139782,153.636596931364,1.61465048139782
23546,148.6680556,-35.6875,1503106.4919276,-3996731.59362625,60,24.0867709092633,128.532427931152,24.0867709092633
23548,148.6674138,-35.63448056,1503814.99668925,-3990885.59761025,58,10.187903544687,135.539292533163,10.187903544687
23549,148.6703385,-35.6243159,1504224.28054738,-3989800.6139723,42,-9.00627092150765,132.770529027631,9.00627092150765
23557,144.37712,-36.90549,1104516.17518516,-4087111.93871359,25.31139401,-7.22756276207297,93.0981835315198,7.22756276207297
23563,144.43853,-36.90438,1109990.97026987,-4087521.92548997,30.21037349,-1.10510791357947,81.1392377181538,1.10510791357947
23564,144.48083,-36.895,1113854.98914908,-4086857.03164842,46.43745298,12.2049493445684,78.769138111663,12.2049493445684
23567,144.38284,-36.90596,1105019.98743324,-4087213.16730732,17.96292478,-8.18268850782154,93.0981835315198,8.18268850782154
23568,144.38122,-36.90582,1104877.37379703,-4087183.73676941,17.96292478,-7.73516587801438,93.0981835315198,7.73516587801438
23571,144.45458,-36.99871,1110402.86256333,-4098048.67105063,23.67840085,-6.27013738488942,64.660216777413,6.27013738488942
23572,144.38311,-36.90712,1105031.58379288,-4087343.26220997,17.1464282,-8.91284936009614,93.0981835315198,8.91284936009614
23574,144.69232,-37.06492,1130803.33441728,-4107422.20085748,29.39387691,0.566851818880675,57.3304745160426,0.566851818880675
23575,144.69044,-37.06479,1130637.81580243,-4107391.25447875,25.31139401,-3.99851244778366,63.5460518171086,3.99851244778366
23576,146.62,-36.12917,1313681.55575655,-4022807.33734828,18.25828,-6.73312926663188,86.8413203769641,6.73312926663188
23580,146.60889,-36.17444,1312114.72784787,-4027681.2851462,39.12487848,8.89297187341437,89.1090693905488,8.89297187341437
23586,146.64972,-36.16056,1315941.99050678,-4026571.94873122,29.56101929,-3.33668266915097,86.8413203769641,3.33668266915097
23587,146.67222,-36.17333,1317791.91816561,-4028210.82678887,54.58437456,28.1954227653876,85.9944679013506,28.1954227653876
23592,146.6219,-36.13528,1313774.13906295,-4023500.14592274,25.21381,3.02190456427943,86.8413203769641,3.02190456427943
23594,146.6675,-36.16389,1317489.78893015,-4027122.09226979,31.84336666,4.62719071620663,91.9746285061434,4.62719071620663
23597,146.62,-36.13333,1313628.86773711,-4023265.73606283,18.25828,-5.07589562426035,86.8413203769641,5.07589562426035
23598,146.6203,-36.13306,1313659.12511701,-4023239.06913266,20.8666,-2.46757562426035,86.8413203769641,2.46757562426035
23599,146.65111,-36.13694,1316366.07752953,-4023983.73618097,31.02687008,2.26906964425731,86.8413203769641,2.26906964425731
23602,146.6206,-36.13278,1313689.50929056,-4023211.30034393,19.99716,-1.71652998223226,86.8413203769641,1.71652998223226
23606,143.58667,-37.20778,1031149.575863,-4113792.50316771,33.47635982,3.45436350331049,78.1573209734437,3.45436350331049
23609,146.07806,-36.36222,1262344.80569186,-4043021.53570719,28.57738033,2.68896201616256,144.062687673341,2.68896201616256
23611,149.0140402,-35.39413853,1538451.86726979,-3968540.91862541,32.52691193,3.59798572604115,91.7606473225992,3.59798572604115
23613,150.0093985,-33.69030016,1654534.2647597,-3793008.60806676,30,-7.25610977922817,175.105483779232,7.25610977922817
23614,150.0028634,-33.66919176,1654268.63861572,-3790592.21335589,15,-20.0768740641251,173.865515969429,20.0768740641251
23615,150.0090459,-33.67745482,1654703.44490999,-3791585.08037413,39,2.56226740841952,173.865515969429,2.56226740841952
23618,144.161,-37.1777,1082427.0347494,-4115232.21467436,27.76088375,0.292878905074542,38.7932470249859,0.292878905074542
23619,144.00567,-37.19831,1068428.59035218,-4116193.04183652,41.64132563,15.0974247783774,97.9363442916545,15.0974247783774
23622,143.98935,-37.1416,1067568.03220874,-4109814.24829464,36.76955262,11.1675044759103,106.861847531303,11.1675044759103
23625,148.160332,-35.88023846,1454869.26175351,-4012076.41410747,30,-4.79147543196893,216.564742332499,4.79147543196893
23629,142.30071,-36.98685,918937.688413392,-4079634.78312945,21.2289111,-12.9662286982842,163.675831265747,12.9662286982842
23630,148.6413156,-35.37588766,1505205.64603008,-3962090.11459182,69,35.8913991091715,190.457331596,35.8913991091715
23631,148.668065,-35.32132824,1508400.37636535,-3956392.5648259,29,-8.51717999605649,131.32082773759,8.51717999605649
23633,148.6293,-35.42398,1503431.22154292,-3967248.33542606,35,-5.61491707045334,190.457331596,5.61491707045334
23636,148.6322189,-35.36091866,1504603.49756575,-3960333.26625188,45,10.6778404626517,177.483289602114,10.6778404626517
23638,148.645073,-35.38312119,1505439.12552653,-3962931.54721308,43,3.55860618938572,190.457331596,3.55860618938572
23640,148.64249,-35.36865917,1505415.63399554,-3961307.33185038,33,-3.29017434108066,193.295111817225,3.29017434108066
23642,148.6,-35.86694444,1494422.49855104,-4015687.86940168,44,4.172280396616,170.618087275574,4.172280396616
23643,148.5994444,-35.87055556,1494320.82789069,-4016078.82518072,42,0.534448713520021,170.618087275574,0.534448713520021
23646,148.6246178,-35.87421041,1496521.5583578,-4016775.74636386,28,-15.1450867576157,170.618087275574,15.1450867576157
23647,148.7286134,-35.85398638,1506122.790753,-4015772.05778496,24,-4.45777465621657,154.621831336,4.45777465621657
23652,148.6503178,-35.86913772,1498895.10402001,-4016518.73801127,92,46.6034028104077,129.614138020293,46.6034028104077
23657,148.6794444,-35.79666667,1502549.59824183,-4008884.16376405,38,-5.35719520860832,205.650888993293,5.35719520860832
23666,148.6326119,-35.86290212,1497400.06160576,-4015624.81548278,31,-6.62588395517264,172.940129228141,6.62588395517264
23668,148.730783,-35.8422358,1506487.34129879,-4014504.42011176,35,1.94537030178825,154.558829743248,1.94537030178825
23677,141.83306,-36.99389,877242.612768197,-4077123.72032813,27.76088375,-14.3145890229336,114.599138608494,14.3145890229336
23679,141.82044,-36.98567,876188.78947515,-4076130.4481322,26.94438717,-12.9881532251482,107.769738224251,12.9881532251482
23681,141.74361,-36.96528,869519.171201103,-4073356.34265327,26.12789059,0.398901202014972,107.769738224251,0.398901202014972
23683,141.77693,-36.96548,872485.157153054,-4073605.57152024,18.77942136,-6.13921259703041,107.769738224251,6.13921259703041
23688,141.70622,-36.90312,866710.96361145,-4066244.36452029,17.96292478,-19.6776035567547,107.355639907092,19.6776035567547
23694,141.97222,-37.00444,889541.52188139,-4079249.54860156,26.12789059,-0.975717595662779,146.020205940424,0.975717595662779
23696,147.514293,-35.4238814,1403140.33402936,-3954553.62145182,23,-1.29604217168067,49.6300935945299,1.29604217168067
23702,149.0960716,-35.79659626,1539860.50707145,-4013837.25513969,43.73989008,15.426258385179,100.180085833951,15.426258385179
23708,142.49361,-36.91833,936730.145174299,-4073479.72652851,29.1295063,-12.119421368492,120.123487328946,12.119421368492
23712,142.48694,-36.92167,936105.771402707,-4073799.17010656,62.87023673,25.4378605084408,120.123487328946,25.4378605084408
23719,143.14768,-37.06476,993561.232598067,-4094562.0363781,24.49489743,-12.4403395651543,119.675627722184,12.4403395651543
23721,143.14188,-37.09907,992715.099529323,-4098297.01052712,28.57738033,-7.30151409894777,124.667835563125,7.30151409894777
23722,143.19417,-37.08556,997492.859564721,-4097215.9298839,44.90731195,16.5820491045534,121.050412385807,16.5820491045534
23725,143.16996,-37.10331,995169.646838667,-4098982.57724781,24.49489743,-1.73612053143097,124.720279434962,1.73612053143097
23727,143.1733,-37.0893,995601.790902307,-4097465.16678673,14.69693846,-11.8089653048936,125.236786476129,11.8089653048936
23732,142.05667,-37.03889,896759.464142708,-4083638.96382991,36.74234614,-0.442640443409317,165.885825020208,0.442640443409317
23736,145.48139,-36.73639,1204680.09797386,-4078470.32134541,32.65986324,5.10933164449174,40.9557544729556,5.10933164449174
23738,145.55694,-36.77694,1210930.37332764,-4083648.72490575,20.41241452,-8.94939575769253,41.5936709673615,8.94939575769253
23740,147.9721801,-35.69174966,1440628.8495145,-3989182.52675506,29,-4.00173863433809,159.82674401039,4.00173863433809
23746,142.85189,-37.05548,967349.687297615,-4091269.42268203,39.19183588,4.03189306812668,200.817312237185,4.03189306812668
23748,144.73861,-36.93639,1136329.20224656,-4093684.86138941,39.91991572,5.71359604460879,37.6270643707423,5.71359604460879
23749,142.10429,-37.00561,901287.784576981,-4080304.22925944,18.77942136,-11.6165455422269,145.736843443942,11.6165455422269
23752,145.80583,-36.72972,1233639.69094638,-4080832.14062308,32.65986324,-10.4570242375906,106.784668422775,10.4570242375906
23753,145.78444,-36.73361,1231689.40523036,-4081053.94160782,60,18.943322173351,106.784668422775,18.943322173351
23756,146.77255,-36.13806,1327214.35826752,-4025363.58470871,26.94438717,-3.28897470947216,85.4827843457423,3.28897470947216
23762,142.72944,-37.03556,956645.00309953,-4088151.93220249,37.55884272,-6.25219193083375,235.979385960633,6.25219193083375
23763,142.7681,-37.03167,960120.030056263,-4088013.1895894,38.29053,-0.456538148738183,234.526723786405,0.456538148738183
23767,148.6021705,-35.69584082,1497078.56452549,-3996876.41572177,36,2.73769526937418,146.871790443804,2.73769526937418
23768,148.6014808,-35.69581068,1497017.15594267,-3996865.01488963,19,-18.8189551017279,146.871790443804,18.8189551017279
23769,148.6419914,-35.74836415,1499891.44346488,-4003126.61429208,19,-5.7986951095105,225.702729455139,5.7986951095105
23771,148.6405647,-35.74404734,1499825.84469822,-4002634.59909529,22,-4.13771540651701,228.072507294812,4.13771540651701
23775,148.6373177,-35.74532666,1499516.39980601,-4002737.33350605,21,-2.74697547263316,225.702729455139,2.74697547263316
23787,146.9075188,-36.05800461,1340319.44449647,-4017952.11016086,32,0.67425975117408,91.6599874564497,0.67425975117408
23788,146.8884765,-36.04216557,1338819.45630191,-4016007.14409088,15,-13.3887345733165,91.7064769221809,13.3887345733165
23790,146.9594243,-36.02147401,1345438.39406418,-4014472.41885066,19,-16.3715884547918,101.772353420973,16.3715884547918
23792,143.19222,-37.20444,996169.453543997,-4110295.0264878,53,25.2410153497514,119.392316912138,25.2410153497514
23793,146.81259,-36.28247,1328942.99995658,-4041686.51804863,36.74234614,4.18159708921718,75.5681079919776,4.18159708921718
23796,148.4473809,-35.8936419,1480378.79523986,-4016849.56276948,48,13.9506974763103,97.3460973189999,13.9506974763103
23799,148.4126317,-35.79246814,1478707.24473716,-4005308.81854119,29,1.02094348087298,47.957016757331,1.02094348087298
23800,148.4071551,-35.84644417,1477449.10990161,-4011188.23610394,33,-1.31959618032135,97.955722469415,1.31959618032135
23801,148.4129934,-35.79227456,1478742.40636978,-4005291.69033319,31,3.17877472536365,47.957016757331,3.17877472536365
23802,148.4069461,-35.7944641,1478169.43616345,-4005462.79422878,19,-9.17376847300534,47.957016757331,9.17376847300534
23803,148.4116833,-35.859322,1477671.49418567,-4012658.33046753,57,20.2423951319603,97.955722469415,20.2423951319603
23804,148.4002722,-35.79501984,1477563.56543603,-4005446.7829061,16,-13.0201878805627,47.957016757331,13.0201878805627
23811,148.4086944,-35.84832836,1477560.16952659,-4011413.47262101,32,-4.236513943736,97.955722469415,4.236513943736
23813,148.4026102,-35.79456886,1477779.45697002,-4005424.16825238,11,-15.7667559139507,47.957016757331,15.7667559139507
23815,148.4047158,-35.80857221,1477769.03508902,-4006990.38336303,25,-6.34827008941567,67.8144698776287,6.34827008941567
23817,148.4191625,-35.78636895,1479379.18786647,-4004712.8520722,31,-1.68796458940001,81.1766214624582,1.68796458940001
23818,148.4065094,-35.83495719,1477554.59151568,-4009916.11823682,38,3.56818854408869,92.0088818174379,3.56818854408869
23824,148.4183717,-35.8617675,1478235.59467656,-4013004.92424775,61,27.0924856969476,97.955722469415,27.0924856969476
23826,148.4043204,-35.82759923,1477463.13131157,-4009080.71099105,22,-7.61845877634568,98.1569163165644,7.61845877634568
23829,148.404968,-35.8360751,1477400.6466834,-4010021.36950935,40,5.41366138860133,88.8427729403013,5.41366138860133
23831,148.4172451,-35.78992559,1479156.77700277,-4005082.2684351,27,-1.16396630734032,47.957016757331,1.16396630734032
23834,144.65363,-37.19725,1125920.68028025,-4121641.13487259,28.57738033,-0.539136157567693,47.4966527150488,0.539136157567693
23837,147.861875,-35.69123742,1430738.15510979,-3987886.50371466,32,1.09770736385061,172.735174670879,1.09770736385061
23838,149.0104931,-35.86927225,1531127.03901993,-4020804.73738019,18.29122676,-13.4454703173034,73.9638957100312,13.4454703173034
23846,148.9601461,-35.89354213,1526265.38995886,-4022872.3798605,32.60609988,2.38078007932016,51.5591037673709,2.38078007932016
23852,148.9757497,-35.85272139,1528261.6065431,-4018567.78129948,34.99191207,6.01951110503834,85.8194398375099,6.01951110503834
23853,148.9142232,-35.82667385,1523136.77558624,-4014966.90592866,30.22028769,5.60439154645136,78.6598384049132,5.60439154645136
23856,148.994136,-35.87946082,1529513.43165431,-4021729.71517794,29.42501696,1.176763069327,73.3446212929404,1.176763069327
23858,148.8925605,-35.83179476,1521122.47572923,-4015272.32177621,28,2.09959729888667,75.9509318310237,2.09959729888667
23860,148.9053281,-35.8250123,1522364.78470676,-4014678.0429943,10.33851947,-13.180443883579,75.9509318310237,13.180443883579
23862,147.6672,-37.0864,1394352.22881466,-4139184.66838713,36.74234614,7.23341409365253,97.8919411871563,7.23341409365253
23869,143.61167,-37.15444,1033903.56892767,-4108121.66453296,32.65986324,5.49896448187805,112.82023658843,5.49896448187805
23870,143.60667,-37.09,1034106.08259145,-4100984.8395201,37.55884272,1.09636562733206,141.190109865433,1.09636562733206
23872,143.60111,-37.17278,1032782.01178404,-4110055.64459255,36.74234614,7.75554922152319,107.550805705004,7.75554922152319
23876,148.1458281,-35.46860919,1459332.5820654,-3966560.99461878,46,14.8923691171763,127.989295378963,14.8923691171763
23886,147.8676,-35.56786,1432949.56581084,-3974352.39855803,31,1.51662163145807,118.022569889253,1.51662163145807
23888,147.8574911,-35.56540293,1432075.15319227,-3973968.19192839,39,9.8018327738954,118.022569889253,9.8018327738954
23893,146.48875,-36.40575,1298468.60615294,-4051932.14823839,36.74234614,6.02243740012206,110.526309597211,6.02243740012206
23896,148.2652,-35.78023,1465668.97973085,-4002262.25277255,41,-5.636411064432,91.9428969812628,5.636411064432
23899,148.2377652,-35.73307421,1463873.84021779,-3996754.11145951,24,-15.4740575719193,108.702602027515,15.4740575719193
23906,148.1834,-35.70284,1459423.13152188,-3992801.73376656,50,13.7642164084073,124.947301216984,13.7642164084073
23909,148.2924,-35.77799,1468138.33140042,-4002327.88104647,50,10.6534807692253,89.7468603997054,10.6534807692253
23910,148.17015,-35.71144,1458114.07809657,-3993597.8149145,26,-16.4112656315449,124.947301216984,16.4112656315449
23911,148.2830556,-35.76694444,1467456.74088485,-4001004.09589982,60,17.5361059095673,89.7468603997054,17.5361059095673
23918,148.226,-35.72949,1462869.30332736,-3996224.55897061,34,-7.03975420032995,119.833921712025,7.03975420032995
23921,146.68342,-36.32421,1316874.86741594,-4044945.54331462,30.21037349,1.68388060433355,70.9751847532681,1.68388060433355
23922,147.9742442,-35.33222562,1445795.72786997,-3949572.15475662,29,-0.017445322446811,68.8106503878961,0.017445322446811
23925,142.61694,-37.07139,946308.685628562,-4091263.21415714,35.10935298,-15.2924754331217,181.143980067782,15.2924754331217
23926,142.66539,-37.08092,950529.227943021,-4092673.22138006,12.24744871,-33.2513396898696,148.513198775495,33.2513396898696
23929,142.62173,-37.08001,946655.473308514,-4092248.75167902,31.84336666,-12.1777103859138,183.833188985114,12.1777103859138
23933,147.2000044,-35.84418648,1369309.988439,-3997490.06679567,41,12.3955579753184,64.2004704042048,12.3955579753184
23934,147.0968092,-35.79238828,1360734.9297638,-3990677.45118642,37,7.84313731570797,68.1180745394791,7.84313731570797
23935,147.0968098,-35.79238478,1360735.02940376,-3990677.07170594,37,7.84313731570797,68.1180745394791,7.84313731570797
23937,147.0780388,-35.80136957,1358933.53794855,-3991467.83246477,33,1.05217845773668,68.1180745394791,1.05217845773668
23951,148.6133315,-35.57325447,1499844.9178949,-3983506.46221825,26,-5.75720369611633,121.576069568288,5.75720369611633
23953,148.6972748,-35.57250387,1507391.06222351,-3984411.75479906,30,-5.30836433578433,125.026081740934,5.30836433578433
23957,143.942,-37.21232,1062634.35708885,-4117204.00985041,17.1464282,-14.5470432139003,121.681956514417,14.5470432139003
23960,142.30049,-37.03059,918528.412484525,-4084456.02760384,25.31139401,-19.9880884581487,181.778715222599,19.9880884581487
23967,148.0040617,-35.92380341,1440270.58426988,-4015102.74570041,43,10.101160898269,101.474736784638,10.101160898269
23970,148.0091293,-35.84345279,1441838.91132422,-4006311.28469042,29,-6.6292208093853,103.733852851503,6.6292208093853
23971,148.0175733,-35.85365609,1442453.78682267,-4007530.34475536,65,35.331587556166,103.733852851503,35.331587556166
23972,148.1074361,-35.88033205,1450131.18771514,-4011485.32743975,23,-9.41542276076401,207.041787214654,9.41542276076401
23976,148.0839125,-35.90841378,1447633.23631374,-4014310.68522879,23,-8.58131637601278,135.643910341708,8.58131637601278
23977,148.0339239,-35.90517619,1443202.67490637,-4013388.61978933,39,7.19419574935567,112.954234444612,7.19419574935567
23979,147.99376,-35.91124,1439522.44512819,-4013603.21122905,36,4.59851453622554,103.954972565287,4.59851453622554
23985,148.0306855,-35.91181247,1442820.54169194,-4014082.79393986,44,12.0421235728657,112.529082175441,12.0421235728657
23988,148.040563,-35.86716303,1444325.47607168,-4009277.59977201,33,-0.491802057841767,103.733852851503,0.491802057841767
23993,147.9777606,-35.91852994,1437989.01098154,-4014225.78196804,32,1.299243764778,101.474736784638,1.299243764778
23994,149.5156143,-35.52174269,1581587.04101217,-3988716.07087677,29.42501696,-4.24413364590026,154.315304254565,4.24413364590026
23996,144.06014,-37.19952,1073249.09133767,-4116782.77985536,17.96292478,1.05457812209369,46.7325605150818,1.05457812209369
23998,144.05941,-37.19459,1073235.6913874,-4116234.05024328,15.51343504,0.367254760648791,46.7325605150818,0.367254760648791
24000,144.05291,-37.19686,1072635.29620445,-4116429.29963585,8.164965809,-7.56394886941639,46.7325605150818,7.56394886941639
24012,145.09337,-37.09315,1166091.60586807,-4114133.62734086,32.65986324,3.87548755456099,53.339740370357,3.87548755456099
24014,145.09,-37.09583,1165762.21145794,-4114397.6977706,32.65986324,-3.60948605352369,53.339740370357,3.60948605352369
24018,148.2690192,-36.10532686,1461429.31261285,-4038092.10384836,50,2.36067117876232,371.587685234391,2.36067117876232
24019,148.2682715,-36.10466953,1461371.77074643,-4038011.22639902,54,1.76563913882366,371.587685234391,1.76563913882366
24022,148.2913889,-36.07805556,1463812.59259745,-4035347.52746993,38,-7.81059668483612,340.225725385643,7.81059668483612
24026,148.1744797,-36.0516495,1453734.35796917,-4031106.76979507,18,-9.38046218639127,366.647192775679,9.38046218639127
24027,148.3190278,-36.039,1466834.44799591,-4031366.93240977,56,23.022135680922,393.750355009716,23.022135680922
24032,148.2939722,-36.06327778,1464251.96977798,-4033751.04578028,34,-3.57439835606501,335.881108456763,3.57439835606501
24033,148.2945704,-36.06331356,1464304.93009076,-4033761.8392348,52,14.425601643935,334.225418805861,14.425601643935
24038,148.3210496,-36.03660133,1467049.09331727,-4031126.19041814,15,-15.5449996559773,393.750355009716,15.5449996559773
24047,148.2947491,-36.11958386,1463526.90661871,-4039955.25593722,64,5.99984301823168,379.759016569455,5.99984301823168
24051,148.2946642,-36.12185658,1463487.25656846,-4040204.327657,32,-26.7414492990516,379.759016569455,26.7414492990516
24053,148.2980556,-36.12111111,1463800.7174814,-4040161.16532227,44,-15.8877535051943,379.759016569455,15.8877535051943
24055,148.2667222,-36.03933333,1462153.74312322,-4030804.02267319,84,61.4494322617193,404.996246481359,61.4494322617193
24060,145.0006,-37.09068,1157885.92752837,-4113018.11199019,19.59591794,-12.3110746873717,54.0260668643199,12.3110746873717
24061,144.9375,-37.01194,1153165.69590631,-4103783.15740329,32.65986,2.67355017441853,53.9432681878626,2.67355017441853
24063,144.96139,-36.98083,1155636.35417182,-4100575.14740401,33.47635982,7.35842309395914,53.1134346295938,7.35842309395914
24065,148.1246117,-35.24744617,1460519.5892338,-3941931.78449179,38,10.4148430518008,85.7609104744621,10.4148430518008
24067,148.1414393,-35.2498042,1462002.63235753,-3942384.34123416,26,-0.537910652900539,94.3165597399741,0.537910652900539
24070,148.1176212,-35.22580819,1460192.48891398,-3939465.16996325,42,14.8751355070071,85.7609104744621,14.8751355070071
24072,148.2328494,-35.32818165,1469133.42876275,-3952076.41922017,44,10.1122609350043,101.311406193174,10.1122609350043
24090,148.2307974,-35.3851129,1468146.93111277,-3958329.83324682,18,-18.4963795287296,108.48017304532,18.4963795287296
24091,148.2234688,-35.35180935,1467956.39662248,-3954573.80296717,19,-20.0677910655066,105.238477995819,20.0677910655066
24096,148.2203884,-35.38186447,1467256.17410616,-3957852.11525954,31,-6.32439751500733,108.48017304532,6.32439751500733
24098,144.45806,-37.12944,1109304.42779152,-4112469.06151407,39.19183588,9.16222751218266,59.2777318975652,9.16222751218266
24107,148.4408576,-35.64009651,1483407.69656391,-3988855.42920145,36,4.27335893278105,83.4456799919869,4.27335893278105
24114,148.2594043,-35.64869705,1467003.46984298,-3987707.60447132,26,-4.55135554301515,102.129396718078,4.55135554301515
24116,148.4211074,-35.63182047,1481753.35482791,-3987714.60210966,33,0.240193400949991,94.0392961086279,0.240193400949991
24118,148.3986448,-35.6841244,1478993.99898073,-3993215.52847506,36,5.286243170203,88.3035518794866,5.286243170203
24119,148.2698389,-35.64498118,1467992.25450396,-3987418.09351892,28,-3.81260510366015,107.2206968033,3.81260510366015
24124,148.3544641,-35.59529939,1476290.65905458,-3982919.75571308,37,2.48563786932762,97.6622491312004,2.48563786932762
24125,148.3532419,-35.68259385,1474943.2298681,-3992522.04875352,22,-9.70076043901464,115.071328277459,9.70076043901464
24129,144.21444,-37.21278,1086798.93389225,-4119546.47532644,25.31139401,-3.27583560215254,26.2805133101198,3.27583560215254
24131,144.20972,-37.22444,1086257.24568478,-4120789.39815107,25.31139401,-1.90125881481654,26.1685386610333,1.90125881481654
24133,144.2,-37.22528,1085386.26790778,-4120799.21802453,21.2289111,-6.8170244429086,25.6582597589373,6.8170244429086
24144,146.62238,-36.35686,1311011.16344538,-4047913.22376108,12.24744871,-16.6135740127615,71.6859541554899,16.6135740127615
24145,146.62222,-36.35576,1311010.80575746,-4047790.45061224,28.57738033,-1.07078445354284,71.6859541554899,1.07078445354284
24148,146.55952,-36.38266,1305074.55009204,-4050110.66913237,23.67840085,-5.51918615516794,79.7947695030274,5.51918615516794
24150,146.58519,-36.35993,1307652.54061622,-4047870.14408203,27.76088375,-2.45791445890523,81.6301057406736,2.45791445890523
24161,148.2625213,-35.94749385,1463071.88295044,-4020647.79628126,87,41.8452539494089,348.332409061203,41.8452539494089
24163,148.2828737,-35.93149221,1465118.70787121,-4019119.59488306,45,-0.333825912460711,352.553016652454,0.333825912460711
24165,148.2884697,-35.88968214,1466209.53137904,-4014581.0779936,50,-0.66334595702768,174.410475224427,0.66334595702768
24167,148.2939812,-35.89885463,1466573.4642811,-4015654.14536127,55,3.80698754441697,201.076803489354,3.80698754441697
24171,148.29239,-35.88958,1466561.94485845,-4014614.83053196,22,-26.0684223133027,191.20036281548,26.0684223133027
24176,148.2873081,-35.90210878,1465930.17516383,-4015935.80393724,43,-2.01077384917903,200.999640269594,2.01077384917903
24181,148.3489432,-35.88208536,1471730.98252868,-4014440.08727913,28,-12.713084049573,115.520519913202,12.713084049573
24185,148.4303336,-36.00334405,1477291.5129583,-4028725.79021052,23,-12.081369537629,282.458467921814,12.081369537629
24187,148.3798518,-36.01189048,1472656.2590174,-4029083.44008937,42,8.20659197292802,358.385689559562,8.20659197292802
24191,148.4306499,-35.8839226,1479019.56457525,-4015585.91863893,28,-5.66258778040302,97.4238936810485,5.66258778040302
24192,148.4016129,-36.01044443,1474622.51340461,-4029175.32187989,13,-18.7937424061147,280.820395516105,18.7937424061147
24196,148.3809362,-35.93266405,1473877.39420263,-4020376.5389227,22,-7.35536308808267,189.383481494176,7.35536308808267
24200,148.4369599,-35.89103239,1479483.1771158,-4016441.60461657,28,-0.97951131956269,97.4238936810485,0.97951131956269
24202,148.395,-35.95324,1474843.60203623,-4022803.53401405,27,-2.58465457490349,149.21613688131,2.58465457490349
24207,148.374,-35.89568,1473781.37605791,-4016225.49986645,22,-5.62797281749832,105.410153973424,5.62797281749832
24210,148.3901242,-35.89775015,1475195.30969298,-4016639.47859694,35,3.22480261987966,105.410153973424,3.22480261987966
24212,148.344268,-36.2046443,1466746.61752071,-4049880.13758616,44,5.26269496833269,182.701015112927,5.26269496833269
24220,148.2703,-36.19115,1460334.75061444,-4047548.48606945,25,-11.799584354529,186.305759283789,11.799584354529
24221,148.2341,-36.16825,1457425.00917129,-4044615.97480653,16,-9.45479418970582,165.392490061449,9.45479418970582
24227,145.41222,-36.82722,1197468.27461036,-4087819.32349377,28.01166211,-2.88345183123278,35.5244597928694,2.88345183123278
24230,146.14464,-36.68139,1264383.51033693,-4078825.08354372,26.94438717,-2.53793748625831,122.779151548917,2.53793748625831
24238,148.4188,-35.59176,1482116.59926236,-3983274.72477947,47,18.7052392914194,93.1784041244536,18.7052392914194
24240,148.4827292,-35.59001175,1487880.44857804,-3983825.22635448,35,-4.79931597085832,99.5980989161239,4.79931597085832
24247,141.81556,-37.06778,875057.118348957,-4085152.72173719,74.52453779,-14.1529750757309,114.831696787726,14.1529750757309
24249,141.83528,-37.04139,877036.170564311,-4082377.73005542,40.12859727,-5.61191454731967,114.831696787726,5.61191454731967
24258,141.81028,-37.07278,874544.909988153,-4085667.92925715,72.61365221,5.45053507569597,114.831696787726,5.45053507569597
24259,148.2227,-36.53593,1451245.7219323,-4084913.57623542,20,-8.35217995967478,39.9651436947855,8.35217995967478
24261,143.5364,-37.22782,1026488.24444165,-4115593.93165565,44.09081537,12.8626744056059,76.0991296771067,12.8626744056059
24264,143.53722,-37.25283,1026311.69230667,-4118353.7747752,22.86190427,-4.51779217492033,76.0991296771067,4.51779217492033
24267,144.46098,-37.22698,1108513.43544609,-4123227.11890687,40.82482905,10.311454851698,49.256628554359,10.311454851698
24269,144.304,-37.0001,1097004.72637976,-4096900.83068738,26.94438717,-10.1774031076978,68.1658609185293,10.1774031076978
24273,141.7125,-36.99917,866463.517328931,-4076883.36556224,26.94438717,3.44965802461681,107.769738224251,3.44965802461681
24275,146.04246,-36.71886,1254831.50386439,-4081941.43088359,34.2928564,2.89211644234372,120.532825834421,2.89211644234372
24276,143.88644,-37.35141,1056276.58173538,-4132048.85681582,57.97125725,21.3059252296943,92.6891956865557,21.3059252296943
24284,148.3513,-35.4455,1478130.95464104,-3966375.96425793,26,-4.60591669797498,149.521305342085,4.60591669797498
24285,148.3593,-35.42657,1479118.82792564,-3964382.09906644,32,2.26861607556895,138.439348325045,2.26861607556895
24286,148.3589529,-35.426923,1479082.60718192,-3964416.98878206,50,20.1779879814089,138.439348325045,20.1779879814089
24288,147.663,-35.52797,1415108.06844506,-3967673.89180736,51,17.2832445688983,78.6775682095893,17.2832445688983
24292,143.25,-37.07889,1002519.81303116,-4096918.11911042,26.94438717,-3.60696503320953,121.050412385807,3.60696503320953
24293,144.49778,-37.39528,1109960.13769191,-4142056.86309426,27,-2.08878454521631,53.0846102090724,2.08878454521631
24294,144.5231,-37.35194,1112670.3091025,-4137511.54473576,31.02687,-0.342264077247638,41.0621164114371,0.342264077247638
24296,144.59261,-37.32962,1119068.98352113,-4135664.23212236,33.47635982,5.88157377521681,45.7941406237048,5.88157377521681
24298,145.82057,-36.90987,1232798.73403887,-4100798.30647391,35.92584956,3.59148775775672,104.4586499371,3.59148775775672
24299,145.81461,-36.90744,1232298.19424193,-4100473.48291726,29.39387691,-1.81416479237692,104.4586499371,1.81416479237692
24301,145.80065,-36.92531,1230844.58846234,-4102304.74742866,29.39387691,1.44255948752745,69.6516974887832,1.44255948752745
24304,143.87089,-37.33664,1055050.15877163,-4130295.35686239,46.54030511,13.6430349992978,105.01621424033,13.6430349992978
24309,144.29541,-37.08976,1095288.26076625,-4106698.2819302,20.41241452,-11.4154864926212,58.2074558500402,11.4154864926212
24312,144.35924,-36.99051,1102016.96827567,-4096320.2862365,53.07227776,21.2488049056978,60.2117358069656,21.2488049056978
24315,144.34,-37.11472,1098981.84766303,-4109828.6406102,23.47492709,-6.6225205426065,58.2074558500402,6.6225205426065
24328,145.92028,-36.60167,1245368.23357878,-4067845.61088163,32.65986324,3.2656701288123,153.140209425996,3.2656701288123
24334,145.85306,-36.69417,1238269.45883071,-4077375.83333754,26.94438717,-4.91575197852366,122.277635151823,4.91575197852366
24335,146.92694,-36.20972,1340095.95759627,-4034869.0205205,36.74234614,4.5337541310547,102.185273713856,4.5337541310547
24339,144.33556,-37.12639,1098463.24869419,-4111074.91516065,34.77766976,0.242268859663973,56.4280800628434,0.242268859663973
24342,144.3875,-37.15083,1102812.33206622,-4114212.16949134,36.76955262,-10.4106212454184,57.7734737503735,10.4106212454184
24344,144.31667,-37.17333,1096286.74510294,-4116078.65937018,36.74234614,5.42256568174167,44.8988552081598,5.42256568174167
24345,144.33527,-37.13207,1098376.95592667,-4111697.57470837,37.55884272,2.43119960288565,41.4062939687303,2.43119960288565
24353,144.33028,-37.185,1097370.05537779,-4117479.73149815,24.49489743,-6.80795195412788,44.7807644279187,6.80795195412788
24356,144.36583,-37.13778,1101028.61779285,-4112589.06648443,39.99432022,11.3264531392727,60.2106175643261,11.3264531392727
24364,144.82295,-37.02818,1142809.90354165,-4104541.12475076,43.27431879,10.6040127444649,51.582015333711,10.6040127444649
24368,142.64083,-37.13528,947845.329661276,-4098481.25201811,27.76088375,-17.7229785481009,166.975741982637,17.7229785481009
24370,142.60139,-37.13583,944335.203768924,-4098249.78680293,50.62278802,7.56681061153565,201.03610673123,7.56681061153565
24375,142.74722,-37.22694,956448.418699513,-4109372.45209351,50.62278802,18.2955074978434,126.329064863386,18.2955074978434
24376,142.74709,-37.22754,956431.303849105,-4109437.5691397,41.64132563,10.0266477670677,126.329064863386,10.0266477670677
24378,142.72493,-37.28805,953903.022154135,-4115936.46556917,20.41241452,-6.40945988207039,168.98826619752,6.40945988207039
24384,145.19845,-37.12391,1175066.02183061,-4118480.02923395,29.39387691,-4.56328117633039,48.9985940384516,4.56328117633039
24386,146.20278,-36.56667,1270968.85011577,-4066774.29853958,24.49489743,-6.27271853882614,141.613488872811,6.27271853882614
24387,142.88887,-37.24864,968820.018400948,-4112829.84851019,19.59591794,-12.3851962231945,149.885832438214,12.3851962231945
24392,148.9719236,-35.74280678,1529535.5342957,-4006426.65465417,8.747978016,-22.4180231900173,98.5618624195697,22.4180231900173
24395,149.0027628,-35.82613216,1531070.79764315,-4015965.64139429,19.88176822,-10.8659636318805,98.9310666782855,10.8659636318805
24403,149.0434897,-35.7307947,1536124.36682159,-4005963.29430549,30.22028769,0.389042222560811,86.2518677583164,0.389042222560811
24405,149.0202144,-35.81592413,1532783.51099868,-4015051.69780815,23.85812186,-3.58823655467399,96.8899526540636,3.58823655467399
24410,149.0601453,-35.77648429,1536941.16041493,-4011191.63141019,46.12570227,17.7759737228793,99.5971545895987,17.7759737228793
24412,149.0295058,-35.78962569,1534003.3334412,-4012269.45176164,31.81082915,7.46918683346062,99.5971545895987,7.46918683346062
24413,149.0055606,-35.80535222,1531627.41146068,-4013712.67462148,26.24393405,-1.05696563174124,100.423583511589,1.05696563174124
24414,148.9983154,-35.73696242,1531986.05299155,-4006099.65391004,15.11014385,-15.8777929442287,86.2465988258093,15.8777929442287
24424,147.6604391,-35.67652508,1412860.14469436,-3984023.23985126,45,9.58589880805474,118.62028682673,9.58589880805474
24427,143.60806,-37.21667,1032958.75878969,-4114944.01417282,42.45782221,6.42047193010684,80.5875617019916,6.42047193010684
24428,143.64778,-37.22139,1036436.00901211,-4115785.3173645,47.35680169,10.4446549278646,113.554562336039,10.4446549278646
24429,143.73194,-37.24806,1043633.3554223,-4119406.17995111,17.96292478,-15.6115017782708,123.286565274486,15.6115017782708
24432,147.77583,-36.47861,1412258.27410475,-4073604.51407617,54,9.559253222976,63.0910907020156,9.559253222976
24439,147.14028,-36.09583,1360653.33559046,-4024579.76382047,22.35784092,-11.111854245497,111.835916241267,11.111854245497
24442,148.9493628,-35.49706992,1531124.91356841,-3979101.38916013,19.88176822,-1.16989768311537,21.2880454944003,1.16989768311537
24443,148.9347566,-35.48558556,1529981.85351257,-3977661.5460327,11.92906093,-8.63686685459654,21.2880454944003,8.63686685459654
24445,148.9471154,-35.49530322,1530949.04988875,-3978879.88028666,23.06285113,-2.0732774496115,21.2880454944003,2.0732774496115
24448,148.887785,-35.45657981,1526187.76758326,-3973904.83240949,35.33603115,-5.86764852939031,37.1275716298519,5.86764852939031
24449,144.09861,-37.39306,1074639.81020499,-4138399.86477699,23.67840085,-8.96203013000798,47.9073686401311,8.96203013000798
24450,144.15861,-37.38194,1080069.90116038,-4137682.8136144,26.12789059,-4.76946951401165,31.8475919565753,4.76946951401165
24451,144.16139,-37.39111,1080219.81090289,-4138714.85461646,19.59591794,-13.987650827947,31.8475919565753,13.987650827947
24452,144.15611,-37.39889,1079670.57655387,-4139525.85941805,21.2289111,-12.266068779776,31.5560358459119,12.266068779776
24455,144.12396,-37.32331,1077615.00887122,-4130941.12352214,29.39387691,-1.33897483003398,46.8424366951744,1.33897483003398
24458,144.11945,-37.34312,1077007.99856546,-4133082.29471375,31.84336666,0.49339596936068,44.0505461520467,0.49339596936068
24463,144.1225,-37.32225,1077496.72746936,-4130812.19972386,32.65986324,8.67706108075536,46.8424366951744,8.67706108075536
24464,144.12319,-37.32183,1077562.27091381,-4130771.81552074,28.57738033,0.92930030009671,46.8424366951744,0.92930030009671
24469,148.4913889,-36.05183333,1482058.13713698,-4034768.24301803,18,-22.887459252769,189.340302720628,22.887459252769
24475,148.4921667,-36.05225,1482121.6973554,-4034823.10809238,46,4.47711168921064,189.340302720628,4.47711168921064
24478,148.5214722,-36.05027778,1484768.86283725,-4034946.41108891,46,-12.4649975244406,188.212272123378,12.4649975244406
24481,148.5117946,-36.05313952,1483863.07594488,-4035148.81267305,72,17.495953160684,201.324879627301,17.495953160684
24484,148.4807778,-36.02383333,1481509.46705502,-4031564.47986907,42,-0.354434647674992,166.105743230452,0.354434647674992
24487,149.515769,-35.7520389,1578104.93064672,-4014056.92836611,26.24393405,-1.07168195700801,116.160311366076,1.07168195700801
24492,142.08611,-37.05972,899197.496530485,-4086142.66243144,31.16252802,-8.39887688809181,174.190743829332,8.39887688809181
24493,142.11972,-37.04917,902279.97138544,-4085216.40120483,39,-2.22818868571373,193.040679051853,2.22818868571373
24494,142.10361,-37.05611,900785.950429408,-4085867.91255746,55.5217675,14.860053230133,173.427971339565,14.860053230133
24496,148.8658225,-35.69762243,1520689.80077999,-4000186.4864479,13.51960239,-11.1478578653978,22.8302185999406,11.1478578653978
24507,148.8656855,-35.78272429,1519433.64791196,-4009552.25506462,50,21.5626031253138,68.8857952582287,21.5626031253138
24518,148.8697366,-35.77052751,1519974.78540174,-4008258.04708012,22,-2.21212198329985,64.7764135127088,2.21212198329985
24519,148.8781816,-35.77026968,1520735.02573568,-4008330.16914163,30,5.27123351461219,69.3101522385455,5.27123351461219
24520,147.5797129,-35.84877771,1403286.81547045,-4002116.31184264,38,-2.05848169247035,88.6787654750547,2.05848169247035
24521,147.5507971,-35.84697528,1400719.51057886,-4001600.38956727,34,-7.57805540952633,88.6787654750547,7.57805540952633
24523,148.2234412,-36.45744222,1452413.02874425,-4076295.73534966,20,-1.18326946111571,28.0496328028053,1.18326946111571
24524,148.2481609,-36.48190428,1454270.33327817,-4079265.65320874,21,4.77403039355497,38.4240254371741,4.77403039355497
24527,148.2233973,-36.45677559,1452418.47510889,-4076221.96101771,10,-3.74840481911406,28.0496328028053,3.74840481911406
24537,148.8506787,-35.27932725,1525444.91018285,-3953931.80813625,38,8.4414044217744,121.553519389415,8.4414044217744
24545,148.8125782,-35.29635754,1521767.29922676,-3955354.29710894,20,-11.4595133468277,88.9590538016397,11.4595133468277
24551,148.8486734,-35.27575174,1525316.701565,-3953513.81276153,30,3.0879884655924,121.553519389415,3.0879884655924
24555,148.8469942,-35.27442507,1525184.95852854,-3953347.55330462,23,-5.17146648756333,121.553519389415,5.17146648756333
24562,148.826469,-35.24160475,1523816.75223493,-3949485.31355483,49,14.8859706286936,118.788841313877,14.8859706286936
24563,148.7987186,-35.26636248,1520957.27113966,-3951883.41536506,29,-7.15917443464669,117.515125286303,7.15917443464669
24566,148.8238711,-35.23600922,1523664.53789879,-3948837.57591561,34,-0.991215449237679,118.788841313877,0.991215449237679
24569,148.8352155,-35.28835295,1523921.34226536,-3954741.96681143,38,9.00270306916401,91.0883145639081,9.00270306916401
24574,148.8081131,-35.24390893,1522130.4285862,-3949520.46499546,66,30.0375375573486,118.788841313877,30.0375375573486
24576,148.8340909,-35.28724308,1523836.3447608,-3954606.23642151,24,-6.46092760352367,91.0883145639081,6.46092760352367
24583,144.30714,-37.30134,1094080.11991709,-4130081.22999672,17.1464282,-13.9832494103458,44.1160632439482,13.9832494103458
24584,144.86111,-37.20899,1144189.92574712,-4124775.90088413,15.51343504,-12.9395579288669,50.6652332998125,12.9395579288669
24586,149.0259174,-35.90957755,1531912.73320675,-4025423.63134693,31.01555842,0.182031351349661,73.3446212929404,0.182031351349661
24587,149.024213,-35.88616906,1532105.48011903,-4022828.10178392,15.90541458,-13.2151490047858,73.9638957100312,13.2151490047858
24588,149.0298413,-35.88967977,1532557.21063668,-4023281.82042305,38.96826571,9.79910682839368,73.9638957100312,9.79910682839368
24590,149.0391157,-35.90574836,1533149.72238072,-4025160.73356335,40.55880717,12.3772302102256,73.3446212929404,12.3772302102256
24592,149.0236857,-35.86544493,1532363.92322852,-4020541.84178666,34.99191207,5.56330831260239,73.9638957100312,5.56330831260239
24597,144.42043,-37.32371,1103879.80933943,-4133516.31132635,39.19183588,10.3952247861624,43.5199875668055,10.3952247861624
24598,143.9456,-37.44167,1060587.44567169,-4142467.43265158,9.797959,-8.81421402233247,68.236814028606,8.81421402233247
24601,143.9464,-37.44194,1060655.48153007,-4142503.7685237,13.88044,-4.02714470583566,68.236814028606,4.02714470583566
24604,143.9356,-37.4525,1059590.58381936,-4143575.51010587,21.22891,-1.6437243315355,68.236814028606,1.6437243315355
24606,143.9419,-37.45778,1060093.80505035,-4144208.43940724,17.14643,-1.05456716708435,68.236814028606,1.05456716708435
24607,143.9422,-37.46389,1060057.36532011,-4144882.85831644,16.32993,-2.18157425087623,68.236814028606,2.18157425087623
24609,143.9403,-37.465,1059877.75993273,-4144989.16195293,23.6784,4.97000666817244,68.236814028606,4.97000666817244
24610,143.90583,-37.47,1056775.52290841,-4145253.46872934,26.94438717,-2.49568951598666,72.1857288247765,2.49568951598666
24611,143.94,-37.4575,1059928.51791901,-4144161.88223396,18.77942,0.385389618808734,68.236814028606,0.385389618808734
24617,143.9414,-37.46194,1060006.66251076,-4144661.77631861,13.88044,-2.9881927293848,68.236814028606,2.9881927293848
24618,143.9381,-37.44083,1059932.157648,-4142312.80651891,22.8619,5.07786713672701,68.236814028606,5.07786713672701
24622,143.9403,-37.44944,1060038.15829376,-4143277.97252926,19.59592,0.736040791215988,68.236814028606,0.736040791215988
24624,143.9461,-37.43972,1060651.82081301,-4142257.12383532,19.59592,2.83673526850583,68.236814028606,2.83673526850583
24627,143.9353,-37.44778,1059612.66506002,-4143053.93204902,16.32993,-5.34744678752308,68.236814028606,5.34744678752308
24631,142.68306,-37.27306,950326.0723625,-4113973.51552762,20,-9.14427120395565,168.98826619752,9.14427120395565
24638,147.89806,-36.70306,1420058.22253031,-4099630.10276736,38.3753393,3.72591253864967,52.174738632158,3.72591253864967
24641,147.88889,-36.70611,1419201.46818438,-4099863.31355843,44.09081537,9.009511946944,52.174738632158,9.009511946944
24642,147.89333,-36.70333,1419634.19847559,-4099607.20010669,43.27431879,7.82730230540536,52.174738632158,7.82730230540536
24648,147.97667,-36.70583,1427005.0745502,-4100810.35410045,53.07227776,14.630207476534,56.2359017101367,14.630207476534
24650,147.97889,-36.69194,1427394.19165071,-4099309.1371057,40.82482905,4.54567750716836,54.9105492885707,4.54567750716836
24654,147.955,-36.69333,1425252.04066624,-4099195.13454265,37.55884272,-4.20330377537734,56.2479325592956,4.20330377537734
24655,147.90278,-36.7275,1420141.66745976,-4102367.72338866,44.90731195,6.93961391542833,53.7983830116155,6.93961391542833
24656,147.98083,-36.71083,1427305.62536254,-4101406.13095444,26.12789059,-9.05105282955963,56.2359017101367,9.05105282955963
24658,148.00389,-36.69222,1429611.88301773,-4099619.43726394,25.31139401,-8.38649511400796,56.6881741166894,8.38649511400796
24659,147.9,-36.71944,1420005.47205227,-4101451.31600898,42.45782221,6.42841355752967,59.5724075645163,6.42841355752967
24660,147.92917,-36.71694,1422631.52420602,-4101501.17867954,38.3753393,-2.56430443480598,58.7321995797298,2.56430443480598
24662,147.87778,-36.71861,1418042.66383985,-4101113.32164214,44.09081537,7.81928570833964,51.7536024058581,7.81928570833964
24663,147.91861,-36.71917,1421662.61374896,-4101628.62335536,43.27431879,1.84912173081599,55.0784959920844,1.84912173081599
24665,147.92222,-36.73889,1421711.93491221,-4103835.24192074,29.39387691,-10.2815553981654,54.1484652595462,10.2815553981654
24668,147.92583,-36.71083,1422418.89247463,-4100792.71501568,45.72380853,5.610499351738,65.4335051269432,5.610499351738
24669,147.89528,-36.71056,1419708.1305625,-4100423.23446247,39.19183588,4.23988401417768,59.5724075645163,4.23988401417768
24674,148.5889305,-35.10611064,1504377.9997422,-3931731.39037162,37,1.8675340281853,82.7272457425445,1.8675340281853
24676,148.7198563,-35.16270136,1515362.165373,-3939519.02047903,28,-1.56634016464533,119.114407535917,1.56634016464533
24686,147.6208844,-35.69858185,1409010.64656173,-3986017.57464571,20,-11.2050838791047,107.629968167887,11.2050838791047
24690,146.20069,-36.43676,1272379.21353422,-4052448.79647582,13.88044188,-16.7196141870204,136.82779630562,16.7196141870204
24691,148.2809,-36.32344,1459416.80723781,-4062218.64833692,13,-14.1954242824918,92.5393181425671,14.1954242824918
24698,146.23214,-36.6659,1272363.51140566,-4077989.02968263,54.70527092,20.9127014641622,123.007654270479,20.9127014641622
24703,143.33083,-37.10667,1009431.85710825,-4100614.80312007,32.65986324,10.3830665977349,121.647528860723,10.3830665977349
24704,143.30028,-37.06583,1007116.33759709,-4095874.79370946,42.45782221,12.2894758805034,122.775730330466,12.2894758805034
24705,143.358986,-37.080534,1012190.24160577,-4097958.58148111,39,8.36117258446401,148.60263139563,8.36117258446401
24706,143.3339,-37.0558,1010203.09029889,-4095035.24346245,39.19183588,6.84035301440437,100.219602341634,6.84035301440437
24709,143.3419,-37.0564,1010908.38179015,-4095164.62494156,43.27431879,13.636640303357,132.164277640549,13.636640303357
24711,147.76139,-36.69667,1407999.82470344,-4097415.27527617,52,12.199430263362,74.3339070880491,12.199430263362
24713,147.75833,-36.70611,1407599.25066806,-4098418.88903416,22.86190427,-17.6674808878297,76.9857335867596,17.6674808878297
24721,147.50883,-35.96107,1395424.5129548,-4013710.92975499,25.31139401,-10.9164314097994,80.1628550267798,10.9164314097994
24723,147.4595601,-35.89699218,1391871.53825363,-4006114.19951483,38,-3.49458536545335,68.2613465037577,3.49458536545335
24724,147.48806,-35.9625,1393545.68826066,-4013641.742375,24,-11.4214812787238,109.172142417338,11.4214812787238
24728,147.49139,-35.96528,1393806.52073277,-4013984.30172723,33,-2.98172738786363,109.172142417338,2.98172738786363
24731,147.7652656,-35.90348302,1419167.97921465,-4010192.50176011,24,-9.58750956796033,95.7325121950647,9.58750956796033
24735,147.7420738,-35.91675559,1416909.81474817,-4011396.97928168,35,2.77411048185026,95.7325121950647,2.77411048185026
24736,147.76466,-35.90182,1419136.45942069,-4010002.60064752,32,-1.94488694857402,95.7325121950647,1.94488694857402
24737,147.7699296,-35.90105501,1419618.87207862,-4009976.8861776,32,-2.69887436030981,96.2034514279262,2.69887436030981
24738,148.7725605,-35.26404393,1518636.29281109,-3951316.68626826,34,0.522696190936337,123.936701235326,0.522696190936337
24741,148.7641544,-35.29459442,1517435.1541856,-3954584.00162266,50,11.227763419851,99.0443822482561,11.227763419851
24744,144.33293,-37.32078,1096158.61369633,-4132440.64233951,24.49489743,-2.77486498778159,43.9019219489994,2.77486498778159
24751,144.34444,-37.33239,1097054.67200734,-4133816.41988402,26.12789059,-2.28602677528148,43.9019219489994,2.28602677528148
24757,148.8571063,-35.6076079,1521223.80406495,-3990172.17736453,15.90541458,-8.2256207400365,42.3476172039567,8.2256207400365
24758,148.8692029,-35.60561782,1522338.18362978,-3990097.13457573,24.65339259,-0.806857915608973,41.7898037578899,0.806857915608973
24760,148.8364376,-35.66922667,1518470.0990492,-3996710.84116591,25.44866332,-0.136456806236165,34.0814914075697,0.136456806236165
24767,148.8326096,-35.64674758,1518454.84686188,-3994190.3759036,16.7006853,-7.73764773921534,41.9742247861302,7.73764773921534
24771,148.8438159,-35.65378848,1519357.09089651,-3995098.83135654,28.62974624,7.19959008038466,37.6131615023857,7.19959008038466
24772,148.8310531,-35.62693827,1518604.27765012,-3991990.7232032,14.31487312,-13.9478501044376,37.9121918129464,13.9478501044376
24775,148.830052,-35.63146099,1518448.48895477,-3992476.81981805,23.85812186,-3.38577331582264,37.9121918129464,3.38577331582264
24794,148.9582082,-35.58887871,1530569.33259607,-3989317.45091364,32.60609988,4.43909797112697,28.2587848946726,4.43909797112697
24799,148.9352552,-35.55228842,1529047.10985124,-3985013.50812896,19.88176822,-5.60853712609699,29.6897199608461,5.60853712609699
24801,148.9674314,-35.55988094,1531823.44855896,-3986235.02786516,23.06285113,-4.55498381340403,28.5787784460293,4.55498381340403
24807,148.9549724,-35.54656131,1530901.06751679,-3984618.96703475,10.33851947,-14.2142580505247,28.3026137125878,14.2142580505247
24809,148.9053394,-35.59333231,1525760.29349932,-3989175.43822642,34.99191207,5.16621087429633,38.8738259038429,5.16621087429633
24811,148.9581863,-35.58797758,1530580.61601845,-3989217.96766704,27.03920478,-2.52712423142268,28.0937841931564,2.52712423142268
24815,148.8977627,-35.55288451,1525673.0459109,-3984630.91648141,28.62974624,0.75013085234832,31.4632098981959,0.75013085234832
24819,148.9484568,-35.50519804,1530924.09168529,-3979985.71135936,15.11014385,-11.894071701602,23.5529863993443,11.894071701602
24821,148.2494,-36.59998,1452721.36067463,-4092254.88244876,29,0.795383139879981,41.9483707608863,0.795383139879981
24823,146.51694,-36.65139,1297898.4368127,-4079257.1908196,45,9.26249192014789,73.0471586126591,9.26249192014789
24828,142.38861,-37.10417,925708.092703155,-4093203.31348515,76,29.5123252833285,160.838227760701,29.5123252833285
24835,142.50167,-37.07972,935982.079288198,-4091332.17309949,34.2928564,-2.16290492624741,222.453758915618,2.16290492624741
24841,144.97233,-37.30133,1153016.15846569,-4135930.15704218,24.49489743,-5.3045169884116,47.2741772618105,5.3045169884116
24847,148.7921584,-35.36765874,1518890.931152,-3962968.60372918,33,-0.309978308051633,51.486219394121,0.309978308051633
24850,148.7618262,-35.37734572,1516022.22849559,-3963675.73486679,35,2.39393860542916,102.141363911386,2.39393860542916
24851,148.7525818,-35.34434824,1515670.48453532,-3959929.8643548,46,8.47613014887131,101.880126169297,8.47613014887131
24854,148.7515208,-35.39710421,1514808.38603778,-3965730.64997119,39,0.115486300316306,103.322686596834,0.115486300316306
24856,148.7693669,-35.36979777,1516810.12919607,-3962933.52235083,38,2.31278898200701,101.880126169297,2.31278898200701
24864,146.175,-36.72417,1266561.73997528,-4083833.6882474,64.85760743,30.1333304770802,125.98929936569,30.1333304770802
24867,146.17028,-36.72861,1266087.31609832,-4084275.47743116,46,9.65117943982663,124.739013204639,9.65117943982663
24872,143.83423,-37.38449,1051312.21633763,-4135257.4470235,19.59591794,-14.2274191807015,86.9311423746454,14.2274191807015
24875,143.4365,-37.21541,1017745.82329664,-4113428.37300668,34.2928564,6.86911143141031,93.2592846146779,6.86911143141031
24881,146.77222,-36.73806,1319513.80355642,-4091406.28515045,29.60639538,2.41777321231993,56.3736506428113,2.41777321231993
24882,146.7725,-36.73833,1319535.2538274,-4091438.87076286,25.37691032,-1.81171184768007,56.3736506428113,1.81171184768007
24885,146.76556,-36.76444,1318584.76027276,-4094238.59098626,21.14742527,-7.32749546219899,69.9965638808008,7.32749546219899
24888,146.77222,-36.76861,1319123.5947089,-4094765.90629516,38.06536548,7.88616268712052,69.9965638808008,7.88616268712052
24892,146.76694,-36.73556,1319076.19774416,-4091076.81725178,16.91794022,-8.82446600751394,60.9908285881999,8.82446600751394
24893,146.7725,-36.76194,1319233.67945715,-4094035.31690011,33.83588043,4.37657072931188,69.9965638808008,4.37657072931188
24898,146.78083,-36.72944,1320389.62174137,-4090547.23592458,21.14742527,-7.77350902546148,59.191448723027,7.77350902546148
24901,146.78194,-36.72861,1320498.94569586,-4090467.42624792,33.83588043,0.75126453441635,59.191448723027,0.75126453441635
24902,146.76472,-36.73444,1318893.07619461,-4090930.72182528,29.60639538,-5.80072000620516,60.9908285882,5.80072000620516
24905,146.76278,-36.73333,1318734.72287738,-4090788.61891236,21.14742527,-11.1034676613217,60.9908285882,11.1034676613217
24906,146.76306,-36.73333,1318759.62338471,-4090791.50918658,27.49165285,-4.75924008132168,60.9908285882,4.75924008132168
24907,146.78194,-36.7275,1320513.13390458,-4090345.34961839,31.7211379,0.178488677674629,59.191448723027,0.178488677674629
24910,146.78139,-36.72917,1320442.87485237,-4090523.32956724,31.7211379,6.04228231884997,59.191448723027,6.04228231884997
24911,146.78167,-36.72917,1320467.77594113,-4090526.22358519,23.2621678,-2.41668778115002,59.191448723027,2.41668778115002
24917,146.76611,-36.73417,1319020.1352583,-4090915.3780685,48.63907812,14.2330985890487,60.9908285882,14.2330985890487
24918,146.76583,-36.73389,1318998.81008025,-4090881.69324147,46.52433559,17.6157921125726,60.9908285881999,17.6157921125726
24919,146.775,-36.73472,1319803.68768441,-4091067.67837213,25.37691032,-2.95756998328593,59.6900125279278,2.95756998328593
24920,146.76722,-36.73611,1319094.07456633,-4091140.19603584,31.7211379,4.36802287001312,60.9908285881999,4.36802287001312
24926,146.76528,-36.73528,1318932.15183213,-4091028.88487481,27.49165285,-9.51037407950287,60.9908285881999,9.51037407950287
24927,146.76583,-36.73361,1319002.38514118,-4090850.89923273,31.7211379,3.36760003981806,60.9908285882,3.36760003981806
24928,146.76611,-36.73361,1319027.28551201,-4090853.79009358,29.60639538,1.25285751981806,60.9908285882,1.25285751981806
24931,146.77361,-36.72944,1319747.52854226,-4090472.63346137,29.60639538,-0.0699572651083677,59.0001916556359,0.0699572651083677
24938,146.78139,-36.69167,1320922.21478998,-4086398.89060375,19.03268274,-9.7859529256684,64.8324277917553,9.7859529256684
24944,144.3031,-37.39667,1092709.24550356,-4140531.4419899,30.21037,0.693843997474392,43.3545273816159,0.693843997474392
24947,144.28722,-37.40083,1091259.07161712,-4140853.1692218,29.39387691,-1.3476925581746,43.3545273816159,1.3476925581746
24948,144.2875,-37.39,1091398.76271266,-4139664.60373351,34.29286,4.98356371403004,43.3545273816159,4.98356371403004
24953,147.92083,-36.85806,1419948.80025659,-4116908.97443173,41.73320371,3.30522123878832,69.1286371580005,3.30522123878832
24954,147.90972,-36.915,1418180.37259409,-4123037.94391542,21.47230968,-14.2278321402304,80.1528732297469,14.2278321402304
24955,147.91806,-36.86361,1419626.69471236,-4117487.66331994,55.64427161,17.838743025921,69.1286371580005,17.838743025921
24956,147.92083,-36.8775,1419681.38330173,-4119043.72620314,46.94985417,8.9952806377117,69.1286371580005,8.9952806377117
24957,147.8875,-36.84,1417239.44740296,-4114555.51855742,46.08041243,2.98217351490436,69.7708148548563,2.98217351490436
24962,147.83194,-36.89833,1411510.74889147,-4120346.12588216,56.51371335,9.95307526956921,70.9183292759768,9.95307526956921
24964,147.84861,-36.92333,1412647.04828243,-4123275.52695134,44.34152894,-3.13669380335204,80.496152633812,3.13669380335204
24973,147.90278,-36.87333,1418137.46404326,-4118385.34491555,38.25543673,-5.13927458290101,81.9400417163862,5.13927458290101
24983,146.46,-36.77444,1291290.66110919,-4092217.31952045,37,0.730168303440337,132.109531517452,0.730168303440337
24990,148.9775779,-35.56872973,1532603.8287917,-3987331.08103635,33.40137061,6.92907869338136,27.023499172184,6.92907869338136
24991,149.0009678,-35.53318585,1535226.74538399,-3983698.01656578,20.67703895,-3.81155452224349,20.5440820205753,3.81155452224349
24992,149.0081889,-35.55740579,1535517.80563968,-3986451.76483792,21.47230968,-6.27733218324333,24.102751794187,6.27733218324333
24995,149.0175263,-35.53381138,1536703.93663791,-3983965.9756233,22.26758041,-3.84556328143386,24.1395798552441,3.84556328143386
25001,148.9964912,-35.5305556,1534863.6486694,-3983354.58759106,22.26758041,-0.72604674500203,20.5440820205753,0.72604674500203
25003,148.9708501,-35.56433251,1532064.77212219,-3986766.20061228,25.44866332,-4.87131571131887,29.3955012235326,4.87131571131887
25009,149.0031502,-35.53224812,1535436.48110406,-3983620.98270107,16.7006853,-5.63794788960336,24.1395798552441,5.63794788960336
25010,149.0119468,-35.53120017,1536241.59939594,-3983611.33441646,19.88176822,-1.85737799510921,24.1395798552441,1.85737799510921
25012,149.0404417,-35.56768179,1538260.53503148,-3987971.2235893,23.06285113,-1.77153369719065,25.2766633321228,1.77153369719065
25014,149.0137025,-35.5573138,1536013.99068337,-3986507.91538333,27.03920478,3.41369149538914,24.102751794187,3.41369149538914
25015,149.0542036,-35.5449112,1539832.13849448,-3985629.8251933,16.7006853,-8.09016758667603,27.1123489807653,8.09016758667603
25016,148.9776182,-35.5254577,1533244.42426588,-3982566.57779573,17.49595603,-7.42224813475584,23.9859562583882,7.42224813475584
25018,149.0629775,-35.54295842,1540648.51274975,-3985520.58664082,19.88176822,-3.46790715315605,44.8250859448762,3.46790715315605
25035,149.0193471,-35.5184557,1537093.98906512,-3982296.93679736,25.44866332,-0.472110449189174,21.5812428020393,0.472110449189174
25043,149.0404482,-35.52441085,1538900.42625482,-3983206.7358131,27.83447551,2.32508023933597,24.1395798552441,2.32508023933597
25045,149.0449715,-35.5288416,1539241.01027186,-3983749.1219653,19.88176822,-2.93171986183704,59.2447561180285,2.93171986183704
25046,149.035857,-35.51727661,1538593.64568252,-3982365.8315232,27.03920478,3.15859452013031,58.2726419926476,3.15859452013031
25050,149.0000615,-35.5854868,1534374.51360165,-3989446.0281588,17.49595603,-6.04797668926618,26.0236933196947,6.04797668926618
25052,143.795,-37.27472,1048955.38680371,-4122856.84409076,21.2289111,-11.9280739256103,122.701431921931,11.9280739256103
25053,143.76083,-37.29,1045769.93173398,-4124258.30315638,40.82482905,0.0553208407605865,114.06775753819,0.0553208407605865
25056,142.35694,-37.07889,923118.634622933,-4090187.62984207,66.13622306,27.8086920154017,190.828259539654,27.8086920154017
25058,143.83861,-37.38083,1051737.62403889,-4134890.86151234,19.59591794,-13.8216911611445,86.9311423746454,13.8216911611445
25060,143.6724,-37.30016,1037826.28797637,-4124655.3186009,35.10935298,-3.41334897669016,114.610430439124,3.41334897669016
25070,148.8265615,-35.38999744,1521658.70983161,-3965839.37981488,23.67840085,-5.88841154504198,53.2863102926326,5.88841154504198
25071,148.904622,-35.42295925,1528193.40906892,-3970402.5478117,26.80664432,-3.40458802905533,39.1466295137953,3.40458802905533
25083,148.7871606,-35.41551439,1517744.59535236,-3968182.10398467,38,6.36522201596869,106.447250734233,6.36522201596869
25084,148.762158,-35.43053188,1515278.73602734,-3969539.88175427,42,5.528872317899,101.214379659848,5.528872317899
25087,148.771798,-35.43061617,1516143.94352214,-3969663.53862385,16,-19.3339762811671,102.164188225307,19.3339762811671
25090,148.7593775,-35.40397698,1515414.85853832,-3966581.10023214,45,4.69560058124434,103.322686596834,4.69560058124434
25092,148.7576615,-35.41369354,1515119.3456533,-3967631.33735284,44,4.77875019408934,101.039485215708,4.77875019408934
25099,147.80838,-36.33562,1417113.21580456,-4058238.60921636,36.74234614,0.78050042267067,68.5342360205641,0.78050042267067
25103,143.37056,-37.14528,1012582.46930347,-4105181.80069185,35.03176278,0.905765496526001,106.723500277724,0.905765496526001
25110,146.27409,-37.01883,1271742.96850732,-4117225.90885512,34.2928564,0.664151529722176,82.3963637439381,0.664151529722176
25112,147.32152,-36.14696,1376185.10435783,-4032152.18097361,40.00833247,2.83877674501952,131.143586286592,2.83877674501952
25113,147.4419,-36.2328,1385797.35190684,-4042904.07298558,70.21870596,33.1186927456004,121.234593039494,33.1186927456004
25118,148.9618462,-35.82770865,1527384.85857279,-4015649.33883163,26.24393405,0.0793586581629881,86.2232157140206,0.0793586581629881
25119,148.8895963,-35.72159145,1522469.98705577,-4003108.15734653,19.08649749,-5.50476857079265,70.0479609065219,5.50476857079265
25121,148.9322193,-35.74705707,1525915.95692117,-4006419.65688732,38.17299498,7.17354684681866,85.4902841836966,7.17354684681866
25125,149.0097347,-35.73379735,1533055.79449015,-4005888.2941213,31.02687008,0.226032072880333,85.5032232058369,0.226032072880333
25128,148.9336373,-35.80562945,1525183.54222869,-4012882.72730742,24.65339259,-4.70733728389467,84.4234839973648,4.70733728389467
25130,149.0023301,-35.7206694,1532585.81120141,-4004354.58386069,26.24393405,-6.32727689112665,89.7744897946883,6.32727689112665
25133,149.011935,-35.70698727,1533648.19283262,-4002963.93037212,42.14934862,11.754702178837,85.7145517773788,11.754702178837
25135,149.0056902,-35.72241635,1532861.15306633,-4004587.16963284,40.55880717,10.3618783176323,89.7744897946883,10.3618783176323
25137,148.9528912,-35.73320119,1527971.51116031,-4005141.69490559,22.26758041,-9.42423713781335,83.0270174003624,9.42423713781335
25139,148.8972035,-35.71606286,1523232.67880727,-4002590.27014996,18.29122676,-5.19247214025134,76.7904735866433,5.19247214025134
25140,148.9404165,-35.76585587,1526374.38079788,-4008586.57159896,23.06285113,-4.25427404079952,85.3291307805265,4.25427404079952
25146,142.51,-37.04,937083.830569608,-4087014.96157928,52.32590181,-2.15688557010149,215.52035994476,2.15688557010149
25156,142.50278,-37.03056,936527.282629412,-4085921.37910554,45.254834,-10.0678223685996,202.256681858432,10.0678223685996
25169,147.7789,-36.91333,1406601.54514394,-4121408.30328728,32.65986,-0.42268982796903,81.0781175668758,0.42268982796903
25170,147.81528,-36.89833,1410033.01096784,-4120162.15407726,53.90538812,11.5179025543957,70.9183292759768,11.5179025543957
25175,147.7675,-36.90778,1405666.06940196,-4120673.36683218,31.02687,-5.53983470270115,81.0781175668758,5.53983470270115
25179,147.26128,-36.05082,1372071.0656015,-4020915.94999196,42.45782221,3.58814061711278,120.402765869995,3.58814061711278
25184,143.34055,-37.25829,1008809.47607044,-4117388.40136354,27.76088375,-3.75757864297632,108.968256775043,3.75757864297632
25189,148.8247152,-35.59097427,1518560.31834854,-3987955.17244911,23.85812186,3.10986074358467,43.0114723934129,3.10986074358467
25193,148.7989962,-35.57603529,1516469.97058378,-3986004.51482246,20.67703895,0.33370915300269,37.8755039505762,0.33370915300269
25197,148.7802032,-35.57451133,1514805.4436402,-3985613.72879909,23.85812186,-0.441042637288195,36.2545333478397,0.441042637288195
25199,148.7969107,-35.58147549,1516203.56803485,-3986578.88226131,25.44866332,4.71461969822067,37.8755039505762,4.71461969822067
25206,142.43528,-36.92333,931489.694197126,-4073604.64039172,55.15432893,-7.06589318866629,125.990062334087,7.06589318866629
25208,142.44722,-36.90778,932693.675599396,-4071976.83106577,45.254834,0.76075612558185,120.152761323769,0.76075612558185
25211,142.43833,-36.93472,931658.483829917,-4074882.96913177,46.66904756,-2.52779287548256,126.032212072048,2.52779287548256
25212,142.43861,-36.93472,931683.419198306,-4074885.01105807,46.66904756,-2.52779287548256,126.032212072048,2.52779287548256
25230,146.48453,-36.64155,1295136.52372238,-4077845.53995571,21.2289111,-14.0644343843241,82.7487564319025,14.0644343843241
25232,146.47043,-36.61988,1294152.42826922,-4075318.0379734,25.31139401,-6.63493496372897,109.536911100588,6.63493496372897
25233,146.49,-36.68,1295141.61532209,-4082131.68902892,43,10.0022488290414,106.301110008536,10.0022488290414
25235,148.4191902,-36.23231697,1473039.92329371,-4053785.56996965,17,-4.114816590255,178.379159381481,4.114816590255
25245,147.92917,-36.84833,1420822.69354923,-4115933.17927678,29.56101929,-4.15161718742696,68.7303283985303,4.15161718742696
25262,145.78551,-37.38173,1224064.61844055,-4152330.87702839,40.82482905,7.33004966111879,61.1471571269,7.33004966111879
25267,147.81667,-36.60806,1414124.70147913,-4088287.55377706,31.02687008,3.59061621619466,44.9189065605735,3.59061621619466
25272,147.79417,-36.60917,1412108.14460999,-4088160.68366706,21.2289111,-7.43177113058103,44.9189065605735,7.43177113058103
25273,147.78861,-36.60639,1411651.53246912,-4087793.67305895,31.02687008,4.7878245403585,44.9189065605735,4.7878245403585
25278,147.87083,-36.67361,1418042.57661148,-4096091.73433279,24.49489743,-3.56358123766673,61.4226823207332,3.56358123766673
25279,147.79889,-36.62611,1412296.56013204,-4090074.75950107,12.24744871,-15.1718715217604,46.9365989846341,15.1718715217604
25281,147.80222,-36.62167,1412653.3867279,-4089623.58026079,13.88044188,-13.9646252730652,44.9189065605735,13.9646252730652
25282,147.78861,-36.62167,1411442.91192978,-4089473.15280562,15.51343504,-13.1741928172677,48.4171615484449,13.1741928172677
25287,147.81889,-36.61611,1414212.05176366,-4089196.91226585,16.32993162,-12.7781601469507,44.9189065605735,12.7781601469507
25288,147.87222,-36.61222,1419008.64143792,-4089360.71800484,19.59591794,-7.66045444894163,42.9291583682218,7.66045444894163
25289,147.84333,-36.60056,1416598.83187962,-4087758.56729556,31.02687008,-0.109709814191959,45.6540170391246,0.109709814191959
25293,147.87222,-36.62306,1418859.86292924,-4090552.0710588,26.94438717,-2.20744572247446,44.0258366987115,2.20744572247446
25295,147.79,-36.62972,1411456.62564969,-4090373.28169266,33.47635982,3.0837099233193,52.5698191018143,3.0837099233193
25297,147.78306,-36.62528,1410900.02046083,-4089808.62595519,30.21037349,-1.04247548963972,52.5698191018143,1.04247548963972
25304,147.83528,-36.61972,1415620.3811688,-4089775.20270459,31.84336666,2.88705638545369,45.6540170391246,2.88705638545369
25305,147.83389,-36.64417,1415162.00262786,-4092446.92210213,39.19183588,11.7586573368923,42.8232088381745,11.7586573368923
25307,147.85889,-36.60722,1417891.61167318,-4088663.18328844,23.67840085,-3.68328069646235,47.2196986079057,3.68328069646235
25320,147.85639,-36.65111,1417067.47460807,-4093459.00383182,26.94438717,-2.96451113236798,45.5502877020443,2.96451113236798
25323,147.84556,-36.625,1416462.31697262,-4090469.44558413,22.86190427,-4.56582084710669,45.6540170391246,4.56582084710669
25325,147.85306,-36.59528,1417536.73639466,-4087286.15372341,20.41241452,-6.41489796007199,45.6540170391246,6.41489796007199
25331,147.86,-36.61306,1417910.24863663,-4089317.36141652,16.32993162,-7.19627984241796,49.0557122262845,7.19627984241796
25333,147.84333,-36.63139,1416176.45559949,-4091147.00257072,18.77942136,-5.8429070005923,44.496528755609,5.8429070005923
25334,147.80278,-36.65694,1412221.25281657,-4093506.07010154,31.02687008,-1.99060749896068,66.6337981453618,1.99060749896068
25336,147.79667,-36.68611,1411279.62165748,-4096644.12879215,22.86190427,-16.6703506328253,75.5347731666695,16.6703506328253
25340,147.85,-36.63667,1416697.23750727,-4091801.22858307,18.77942136,-7.89825505553232,47.3962809160339,7.89825505553232
25341,147.78278,-36.685,1410060.15288079,-4096368.77939549,27.76088375,-10.0879304043837,72.4515468365747,10.0879304043837
25342,147.79694,-36.67056,1411515.99668932,-4094938.30787369,37.55884272,-2.56252218649299,68.5459490498968,2.56252218649299
25345,147.80639,-36.6725,1412329.56596963,-4095255.93862635,20.41241452,-14.9153386461151,69.3758825358742,14.9153386461151
25347,147.84167,-36.67833,1415385.89371019,-4096287.03101617,19.59591794,-9.94382502855165,67.0987109354611,9.94382502855165
25355,145.78252,-37.07884,1227405.1966694,-4119015.39275359,22.04540769,-8.39734419179953,71.7694504622576,8.39734419179953
25357,145.76351,-37.11421,1225298.22990164,-4122721.73723797,39.19183588,9.95677718904088,66.414392378427,9.95677718904088
25362,148.2551066,-35.65640532,1466509.16959516,-3988507.46193646,21,-15.9593847742244,119.102217014999,15.9593847742244
25363,148.1738,-35.60764,1459897.03794797,-3982203.37856861,53,15.97521120073,110.634459398459,15.97521120073
25372,145.58669,-37.06872,1210150.59580326,-4116034.36320962,25.31139401,-7.13360868950586,57.1036321363699,7.13360868950586
25379,148.3025802,-36.39342029,1460362.51163209,-4070160.29126694,26,-1.76743025380165,74.631127341891,1.76743025380165
25386,148.2950821,-36.38072905,1459873.41669614,-4068679.40116313,11,-7.11036150771216,75.7998126207952,7.11036150771216
25388,148.2763886,-36.36297591,1458457.76381658,-4066514.11113096,23,-1.34319830963933,73.4587061735939,1.34319830963933
25392,148.3923674,-35.78528486,1476993.60449712,-4004283.45161656,21,-11.0035846126424,47.9765972769557,11.0035846126424
25395,148.3977547,-35.79027999,1477405.35907905,-4004895.76491434,29,7.63598060716833,47.957016757331,7.63598060716833
25396,148.3944609,-35.78668503,1477161.30344249,-4004461.83204055,33,-0.978665426202006,47.9765972769557,0.978665426202006
25401,148.3933143,-35.79135929,1476992.15243352,-4004963.26438303,27,-4.61896538026067,47.9765972769557,4.61896538026067
25404,148.3931332,-35.79556257,1476916.20962835,-4005423.99418139,30,-1.80744547012601,47.9765972769557,1.80744547012601
25408,148.3644675,-35.85067186,1473566.25606553,-4011160.66229063,47,6.21499012252431,94.9299364852706,6.21499012252431
25409,148.3846504,-35.81410907,1475892.8138978,-4007368.0645873,48,9.04704052882868,67.8628894041005,9.04704052882868
25412,147.85417,-36.93722,1412949.84882358,-4124862.10574122,33.03878627,-4.50026449697732,80.496152633812,4.50026449697732
25416,147.85417,-36.94972,1412778.65621621,-4126234.51793376,47.81929591,3.80073652216301,71.0856467158436,3.80073652216301
25418,147.85694,-36.93167,1413271.47183202,-4124283.37698473,35.6471115,-9.560749346762,80.496152633812,9.560749346762
25421,147.83611,-36.96917,1410911.50976152,-4128170.31729172,54.77482987,8.06765472320868,69.0985102008271,8.06765472320868
25424,147.92639,-36.68556,1422816.57018776,-4098022.52916797,44.90731195,12.835559533112,47.8738342125177,12.835559533112
25425,147.9703,-36.65271,1427172.49767717,-4094902.81884489,23.67840085,-12.171298415274,49.0422478471599,12.171298415274
25429,147.90861,-36.65722,1421626.16850674,-4094710.58754939,21.2289111,-10.0467063664033,41.2494414897095,10.0467063664033
25432,147.93861,-36.62333,1424760.16181374,-4091320.60617963,19.59591794,-5.35131827729201,31.4706329395516,5.35131827729201
25433,147.89472,-36.63361,1420715.81874918,-4091961.55042208,31.84336666,2.83889125173765,40.6375245651721,2.83889125173765
25438,147.94778,-36.62306,1425579.33490092,-4091393.23006252,31.02687008,3.49668720439768,41.782606477558,3.49668720439768
25446,147.89194,-36.665,1420037.30067574,-4095380.10325193,34.2928564,3.40199769585132,43.8055246495472,3.40199769585132
25448,147.89833,-36.61694,1421265.98780423,-4090169.70001221,36.74234614,6.76773568900273,35.7102097681444,6.76773568900273
25454,147.94611,-36.6775,1424680.25754457,-4097356.70337298,35.92584956,-0.739258646265661,50.1071439136911,0.739258646265661
25463,147.95556,-36.6275,1426209.918239,-4091967.98512675,26.12789059,-0.809201975462162,52.6520796608199,0.809201975462162
25470,147.7937614,-35.89844758,1421788.9793294,-4009954.71305249,36,2.94587714730461,95.3440317727153,2.94587714730461
25471,147.9308441,-35.94501215,1433422.95687952,-4016614.65494189,41,-4.59176841054959,100.894248595701,4.59176841054959
25473,147.8865885,-35.89576073,1430139.47574594,-4010694.88904767,32,-7.20458656396568,132.640282803563,7.20458656396568
25475,147.91222,-35.93212,1431933.62195097,-4014986.14965947,39,-2.20880960039669,97.7177542999313,2.20880960039669
25476,147.8987508,-35.92285273,1430855.46355256,-4013814.7027129,36,-4.27473510075302,100.055930259166,4.27473510075302
25477,147.9307427,-35.89283018,1434134.17698709,-4010867.1070632,35,-2.604736746858,133.513934667007,2.604736746858
25478,147.9676562,-35.95886654,1436526.3218157,-4018553.64646462,42,8.23795309947631,102.744101287482,8.23795309947631
25483,147.9392399,-35.94805714,1434132.4193925,-4017044.17401197,44,4.90436229019002,99.1956617689064,4.90436229019002
25485,147.9917493,-35.94349666,1438895.47567009,-4017132.44453722,30,-6.29777104030602,101.474736784638,6.29777104030602
25487,147.9384407,-35.91420961,1434528.30965169,-4013307.98266723,23,-17.830103492894,98.932198916094,17.830103492894
25489,147.9915215,-35.92703604,1439103.15293821,-4015317.38494502,31,-3.69111270905533,101.474736784638,3.69111270905533
25490,147.9722044,-35.97709534,1436681.12676904,-4020611.83888361,25,-8.81038782146329,102.744101287482,8.81038782146329
25491,147.9499378,-35.95532971,1434989.45957057,-4017965.08944657,42,6.50653598291101,102.744101287482,6.50653598291101
25493,147.8963678,-35.9287578,1430560.77199003,-4014438.30590584,45,7.02201136256402,100.055930259166,7.02201136256402
25497,146.34167,-37.00833,1277868.83596319,-4116746.03161385,32.65986324,0.0179435250665705,73.3244664324613,0.0179435250665705
25500,146.3178,-37.0322,1275455.59843049,-4119131.32200486,36.74234614,2.2662256541138,73.8158967672335,2.2662256541138
25504,146.34311,-37.19254,1275714.319959,-4137003.51795894,39.19183588,4.79748524093615,66.0816433932566,4.79748524093615
25515,148.0925,-36.77806,1436291.55566945,-4110042.36189798,32.65986324,-15.727682191365,79.0168199403261,15.727682191365
25519,147.6986014,-35.87498577,1413584.94921882,-4006314.36545754,3.976353644,-26.3443711931294,88.9031757360048,26.3443711931294
25522,147.703534,-35.89265373,1413786.42425636,-4008315.21331954,36,5.28327878577451,83.6555719569545,5.28327878577451
25523,147.6090534,-35.88662783,1405404.36322469,-4006608.94130358,22,-13.3719490140143,88.0320805989942,13.3719490140143
25528,147.74173,-36.26772,1412094.01213906,-4050030.36439397,32.65986324,0.0148373302323463,110.908838824406,0.0148373302323463
25530,147.97498,-36.22119,1433552.53060485,-4047508.48210679,26.94438717,-4.776695790416,41.3347798411843,4.776695790416
25537,148.1346001,-36.5429614,1443308.45121336,-4084688.26530142,38,4.95839842348432,38.2608503634231,4.95839842348432
25539,148.1935976,-36.52474399,1448812.9194263,-4083353.96300597,33,0.65584490660433,39.1788583530583,0.65584490660433
25542,148.155856,-36.54044052,1445234.96392914,-4084651.51895509,28,-7.13055287559742,36.0776746467482,7.13055287559742
25547,146.68944,-36.88889,1310236.85930312,-4107138.75103897,45,7.23352599358051,67.0833081072465,7.23352599358051
25552,147.19861,-36.87444,1355631.65188247,-4110862.96637158,36.51655324,-11.5322150078592,70.4330057338155,11.5322150078592
25553,147.19167,-36.88806,1354836.7534669,-4112285.96682466,14.80319769,-25.4683350853192,93.7529141969749,25.4683350853192
25560,147.2,-36.8525,1356043.25907069,-4108466.7363959,18.25827662,-8.23591098851315,46.5670064279186,8.23591098851315
25562,147.20583,-36.88833,1356090.06893939,-4112465.86954312,21.7360436,-6.66765886868432,99.5615751797518,6.66765886868432
25564,147.18806,-36.83444,1355220.14920642,-4106355.2946757,23.47492709,3.23989482332622,56.6653633438514,3.23989482332622
25565,147.19806,-36.83583,1356089.97162506,-4106614.16908918,13.9110679,-5.27711354376498,61.6227368184404,5.27711354376498
25578,147.37112,-36.40117,1377235.81731199,-4060668.18307394,39.19183588,1.649605561412,125.922973588228,1.649605561412
25583,148.9760142,-35.59489838,1532078.36218368,-3990193.67619395,32.60609988,6.34154414124348,29.052960149678,6.34154414124348
25586,148.9740069,-35.60304461,1531778.39807499,-3991066.52388013,21.47230968,-8.48208693338835,28.8734299704142,8.48208693338835
25591,148.87713,-35.66138711,1522233.46426466,-3996331.99395123,26.24393405,3.48412838110201,31.1730445331953,3.48412838110201
25592,148.8840342,-35.62612115,1523368.70899192,-3992531.51456887,21.47230968,-3.42284501992501,43.2950526270613,3.42284501992501
25596,148.8933518,-35.59983175,1524589.50084147,-3989747.99110908,33.40137061,3.50444121014335,39.6237542340027,3.50444121014335
25598,148.8879602,-35.65220289,1523339.0457903,-3995449.94139916,31.81082915,2.38257894481501,38.5474413631316,2.38257894481501
25603,148.8818267,-35.62615566,1523170.1920845,-3992508.99361407,19.88176822,-4.64555046354233,42.3429796219606,4.64555046354233
25606,148.9721132,-35.66077013,1530759.2388196,-3997398.98253163,26.24393405,-6.90519349937766,61.1428965753148,6.90519349937766
25608,148.8804638,-35.66223658,1522519.97520995,-3996465.24263534,24.65339259,5.59305547799435,31.1730445331953,5.59305547799435
25611,148.9611843,-35.62038218,1530373.13705526,-3992821.70620379,36.58245352,3.81804508205242,30.2041134309764,3.81804508205242
25614,148.9727519,-35.64182871,1531095.17275563,-3995321.43185684,36.58245352,5.43199522494801,32.426439810599,5.43199522494801
25621,147.77611,-36.67806,1409561.93525563,-4095532.52628482,39.19183588,4.16841099986666,71.7725481853181,4.16841099986666
25625,148.3412,-35.47747,1476769.74899923,-3969782.67824242,27,-4.80069431828089,112.655531898543,4.80069431828089
25626,147.46833,-36.53222,1384149.34245967,-4076134.49845881,13.9110679,-4.08169779983163,60.9130129282253,4.08169779983163
25627,147.47361,-36.53194,1384623.2473333,-4076160.92063719,18.25827662,-1.85317356410476,65.7649431956958,1.85317356410476
25636,147.49333,-36.53722,1386308.43168217,-4076955.4322847,12.17218441,-8.32159921958235,58.9939031855351,8.32159921958235
25638,147.49139,-36.53611,1386150.57115968,-4076812.31431452,20.86660185,1.16057010600898,77.2064132901359,1.16057010600898
25639,147.47528,-36.52944,1384805.41961698,-4075904.08428355,13.04162616,-5.51429917306506,65.7649431956958,5.51429917306506
25641,147.46917,-36.52944,1384261.34145993,-4075837.86810427,19.12771837,0.783712224440862,64.6415491110755,0.783712224440862
25650,146.3875,-36.89222,1283378.81125541,-4104439.9765819,68,29.2534696310818,100.549175419706,29.2534696310818
25651,146.39224,-36.88614,1283875.47108586,-4103819.03397843,36.74234614,0.260390942024387,111.135433221537,0.260390942024387
25656,146.41114,-36.9251,1285069.03064549,-4108292.89949492,40.82482905,3.97063597404979,66.8500748665941,3.97063597404979
25657,146.40417,-36.905,1284700.37501167,-4106012.78461989,35,-2.06456824761678,92.8115413647694,2.06456824761678
25658,146.35624,-36.86077,1280992.4382616,-4100667.75070165,22.04540769,-9.65873693695799,118.619052988033,9.65873693695799
25659,146.3793,-36.84995,1283175.86728137,-4099709.22984133,36.74234614,1.4932967969837,116.406150721966,1.4932967969837
25661,146.48637,-36.87503,1292375.65495622,-4103546.46476737,42.45782221,10.1014323058047,69.5930705855906,10.1014323058047
25664,147.46861,-36.05806,1390523.56713657,-4023955.02294374,40,-2.08034938970567,130.669880840139,2.08034938970567
25671,146.78583,-36.47194,1324127.8465415,-4062268.31783333,44.09081537,9.64270736120626,53.3133497512339,9.64270736120626
25674,146.97842,-36.73784,1337851.37654468,-4093526.60950048,32.65986324,2.65275007807706,86.1479709577441,2.65275007807706
25676,147.00768,-36.77521,1339967.92981974,-4097942.0137139,34.2928564,4.64790175148622,97.112820547001,4.64790175148622
25678,147.03362,-36.76674,1342383.38926705,-4097283.13817133,24.49489743,-6.3503092972197,79.8993906325791,6.3503092972197
25679,147.00149,-36.73354,1339958.25912401,-4093295.57941268,35.10935298,5.09539555119481,71.3538504700143,5.09539555119481
25681,146.986385,-36.710148,1338918.37548301,-4090565.03548701,37,4.93008743805127,72.6087701459169,4.93008743805127
25684,147.72421,-36.29197,1410200.27179054,-4052505.07044559,22.86190427,-10.0161571609191,108.540138059552,10.0161571609191
25685,146.1625,-36.82972,1264156.76324143,-4095322.72294454,56,23.0119982691254,117.819860206271,23.0119982691254
25686,149.5273342,-36.09520326,1573931.67010086,-4051927.24654295,24.65339259,-5.44340094940166,110.339940182108,5.44340094940166
25687,149.4970412,-36.0784433,1571482.27915482,-4049712.56189211,25.44866332,-4.41988429276934,110.339940182108,4.41988429276934
25690,146.39738,-37.24311,1279892.16702827,-4143101.24717638,19.59591794,-13.2448945116546,65.2422235468408,13.2448945116546
25692,146.36566,-37.24303,1277085.23624537,-4142775.02914433,30.21037349,-3.59694505972698,65.2422235468408,3.59694505972698
25698,146.25482,-36.7428,1273434.58960626,-4086677.07504234,40.82482905,5.70032718485599,135.629660482984,5.70032718485599
25701,142.64083,-37.34167,945947.358057093,-4121215.93089107,18,-21.2657681543915,204.810656834131,21.2657681543915
25704,142.6276,-37.30199,945138.299843965,-4116748.30065641,38.3753393,1.94761838204114,204.810656834131,1.94761838204114
25710,145.73444,-37.47778,1218408.9819078,-4162391.47086136,22.60548534,0.381269765969193,70.3533988868536,0.381269765969193
25711,145.7625,-37.49417,1220693.98672799,-4164459.04899866,31.01555842,0.894206511612246,61.8932860786514,0.894206511612246
25714,148.02649,-36.25154,1437729.60813824,-4051426.28009638,31.84336666,-1.03114510448692,28.4984745524147,1.03114510448692
25718,143.21333,-37.27694,997341.048068747,-4118442.82701703,23,-7.84557829940827,115.524583085798,7.84557829940827
25719,143.20716,-37.27219,996839.676645577,-4117871.7033659,23.67840085,-9.8665204891553,116.44545992645,9.8665204891553
25722,143.21111,-37.28028,997111.750513275,-4118793.22254189,30.21037349,0.0415659142325744,115.524583085798,0.0415659142325744
25723,143.18778,-37.25944,995243.552656529,-4116316.79612942,46,6.4372177676017,116.44545992645,6.4372177676017
25724,143.19716,-37.21678,996488.606190969,-4111692.47417773,17.96292478,-16.4095557530617,119.392316912138,16.4095557530617
25725,143.20417,-37.28028,996496.093380791,-4118739.07376073,22.86190427,-10.2779086730899,115.524583085798,10.2779086730899
25728,143.20113,-37.21784,996830.749260185,-4111840.17309048,18.77942136,-14.964229262881,119.392316912138,14.964229262881
25737,147.84722,-36.73972,1415038.20025339,-4103093.75833474,34.2928564,1.43999402827232,76.7649945014503,1.43999402827232
25739,147.83972,-36.72194,1414615.38948409,-4101057.24696642,37.55884272,2.7560909947333,81.5495727821564,2.7560909947333
25744,147.81917,-36.73444,1412618.57038178,-4102203.2413037,31.84336666,0.629790190086013,81.0155597178063,0.629790190086013
25747,147.87,-36.69806,1417633.34099353,-4098769.10059575,33.47635982,-0.404398495330646,60.3894959826712,0.404398495330646
25757,147.84917,-36.72556,1415405.4220159,-4101559.64477313,17.96292478,-17.7884360976554,67.2874439088378,17.7884360976554
25758,147.79722,-36.69528,1411203.27024288,-4097657.86528059,17.96292478,-12.9892201933887,76.8028857139744,12.9892201933887
25762,147.82972,-36.72778,1413646.97128565,-4101588.20325765,26.12789059,-8.99445255202168,81.5495727821564,8.99445255202168
25764,147.875,-36.69944,1418058.74055662,-4098976.21975624,37.55884272,3.24490767205799,51.3593882777818,3.24490767205799
25767,147.54917,-36.27611,1394793.60737162,-4048838.27305726,58,19.4637393705111,111.469198738554,19.4637393705111
25769,147.780778,-36.066704,1418325.76526918,-4028338.49850659,37,5.7220422583186,60.6086609669244,5.7220422583186
25777,147.8246,-36.06037,1422331.02748864,-4028128.37205177,27.76088375,-7.24098290988483,43.6675838034196,7.24098290988483
25779,147.3489556,-35.89308186,1382013.62743977,-4004482.59269115,36,1.0058212932398,79.9154800918537,1.0058212932398
25782,147.3539467,-35.92326345,1382059.24346574,-4007862.21299915,28,-2.7072519124589,82.523042464823,2.7072519124589
25784,147.3722904,-35.90716697,1383916.88892211,-4006287.21502212,34,2.54931947136894,82.523042464823,2.54931947136894
25785,147.36209,-35.90579,1383021.34465604,-4006025.03168743,36,4.9804582438951,82.523042464823,4.9804582438951
25792,146.56222,-36.75333,1300645.37716527,-4090932.28759356,35,-6.59873289910968,66.2739511572091,6.59873289910968
25793,145.41972,-37.47417,1190635.33459995,-4159027.71854173,45.21097068,14.0943684431791,58.4642509380107,14.0943684431791
25794,147.50278,-36.54,1387112.56265278,-4077363.72203373,17.38883488,-9.75323357289744,67.9665563476053,9.75323357289744
25795,147.51833,-36.54139,1388478.39520933,-4077685.49490893,14.78050965,-9.81305881508018,60.6974673673661,9.81305881508018
25796,146.96862,-36.57561,1339080.24899877,-4075581.24065616,32.65986324,-4.51659527086254,83.7565244220354,4.51659527086254
25798,147.40278,-37.02222,1371788.21404917,-4129275.91708073,19.59591794,-13.8032357512886,250.509329502962,13.8032357512886
25801,147.20361,-36.12472,1365937.48588848,-4028437.59313458,42,10.4640211556567,129.670401770043,10.4640211556567
25802,147.1889,-36.1258,1364607.92286561,-4028399.33998959,43.27431879,11.1443741585146,129.670401770043,11.1443741585146
25810,146.5008,-37.13028,1290459.39849528,-4131747.25099033,33.31167,10.2591320670942,60.035148112632,10.2591320670942
25812,146.5022,-37.13389,1290538.23646631,-4132158.00383028,22.04541,-2.69150838927553,60.035148112632,2.69150838927553
25813,146.4992,-37.13417,1290268.91008787,-4132158.46407896,22.8619,-2.54347587940469,60.035148112632,2.54347587940469
25820,146.4975,-37.145,1289982.67892375,-4133331.10393527,24.4949,-0.81295676181843,60.035148112632,0.81295676181843
25824,147.71944,-36.41944,1408040.50732218,-4066474.98200881,37,3.44296614197157,87.6080906123296,3.44296614197157
25827,147.97639,-36.88306,1424533.18777073,-4120272.70541033,34.77766976,-4.70374474166763,77.6648228596953,4.70374474166763
25833,148.0794,-36.85917,1434001.5541623,-4118802.01685541,49.49747,13.2923872321457,89.5044345986138,13.2923872321457
25835,148.0778,-36.85889,1433863.5058235,-4118753.31490584,24.04163,-11.2544116853026,89.5044345986138,11.2544116853026
25840,148.0694,-36.85806,1433129.8499208,-4118567.92863615,29.69848,-9.04149944357274,89.5044345986138,9.04149944357274
25845,147.3356,-37.05389,1365414.43113732,-4132033.94574665,14.78051,-22.2556770350855,245.946672673074,22.2556770350855
25846,147.3436,-37.0525,1366141.70888805,-4131966.83647932,25.21381,-7.63707292008935,245.946672673074,7.63707292008935
25848,147.3369,-37.05444,1365522.33556945,-4132108.23487943,19.12772,-14.5922810100931,245.946672673074,14.5922810100931
25852,147.2611,-37.02278,1359223.01477812,-4127823.08272311,40.86376,11.377938866145,251.903091597304,11.377938866145
25853,147.2969,-37.0917,1361485.75459337,-4135772.60657432,39.19183588,1.03980530048801,245.946672673074,1.03980530048801
25863,147.39722,-37.04139,1371040.49614917,-4131321.28400818,13.06394529,-17.9049487885217,251.184914500846,17.9049487885217
25864,147.30972,-37.11083,1362368.41074987,-4138009.6487778,65.55701833,28.0386237782226,245.946672673074,28.0386237782226
25867,147.3119,-37.0928,1362799.87430697,-4136053.31563997,48.98979486,12.4519623887096,245.946672673075,12.4519623887096
25869,147.39056,-37.04861,1370354.35873421,-4132042.62511894,46.54030511,6.99409733048825,251.184914500846,6.99409733048825
25874,148.1914204,-36.78257742,1445010.03671038,-4111653.94495656,23,-7.95705829780461,68.3255079124546,7.95705829780461
25875,145.9564,-36.9586,1244278.95989966,-4107475.12737327,32.65986324,-2.91079621764433,101.321063372917,2.91079621764433
25877,142.565,-37.19361,940573.414832058,-4104347.83344914,36,-4.96782730358014,204.776080798737,4.96782730358014
25886,147.2533,-36.87639,1360460.83294279,-4111658.593703,28.69158,3.47103265793392,46.9618939825386,3.47103265793392
25889,147.25417,-36.87694,1360530.8098949,-4111728.29226105,35.95062296,9.23269565770387,50.4556653257647,9.23269565770387
25894,147.2444,-36.87528,1359685.42623079,-4111441.87813607,21.73604,0.711861723152836,38.1973072833327,0.711861723152836
25898,147.24639,-36.86806,1359957.20620489,-4110669.71026454,8.694417439,-13.9494741217285,41.9504703557285,13.9494741217285
25902,147.2411,-36.87444,1359403.55282381,-4111314.46005798,21.22891,-5.4250610003867,38.1973072833327,5.4250610003867
25907,147.2389,-36.87528,1359197.19694162,-4111383.35297335,17.38883,-10.0004637896826,38.1973072833327,10.0004637896826
25908,147.2439,-36.87667,1359622.73051054,-4111589.29113762,6.955534,-8.45574410063298,38.1973072833327,8.45574410063298
25912,147.2381,-36.87556,1359122.49433672,-4111405.60882463,19.12772,-8.7751430513305,36.067359709683,8.7751430513305
25915,147.24694,-36.85222,1360214.75450477,-4108934.9703704,22.60548534,1.11719614618764,87.1904688198923,1.11719614618764
25924,147.24528,-36.83778,1360257.62874926,-4107330.46441565,16.51939313,-11.608192339807,72.9502022166797,11.608192339807
25931,147.22916,-36.85868,1358551.05909897,-4109455.66285564,33.90822801,5.93797419814562,39.1873399017753,5.93797419814562
25933,147.23515,-36.84134,1359311.19447216,-4107613.86675093,29.56101929,1.27982031535579,40.8327359129727,1.27982031535579
25935,147.22917,-36.83778,1358827.03520678,-4107159.0261547,23.47492709,-4.59606100255584,35.4821714202754,4.59606100255584
25937,147.65222,-36.35111,1402975.16202123,-4058219.11570724,55,17.322408062524,116.154321488345,17.322408062524
25939,147.29965,-36.45225,1370186.60119722,-4065519.71039883,28.57738033,-5.46785497015766,136.498369639556,5.46785497015766
25941,148.2689782,-35.73643646,1466625.14004322,-3997482.42693115,64,13.0481212557692,97.1308850666797,13.0481212557692
25944,148.2701881,-35.7353328,1466749.1856609,-3997374.75874921,55,4.19037820037433,97.1308850666797,4.19037820037433
25946,148.3873607,-35.78178164,1476594.71949675,-4003839.82501095,25,-6.64377346309766,81.2244679308774,6.64377346309766
25947,148.4458103,-35.69528731,1483065.22432164,-3994991.76230498,44,7.77092853462738,74.9234379690599,7.77092853462738
25956,148.3838877,-35.77673696,1476355.13219145,-4003244.19156275,27,-9.42246014604735,81.2244679308774,9.42246014604735
25961,148.386563,-35.76196588,1476804.66300413,-4001648.54706935,31,0.373755585741321,81.2244679308774,0.373755585741321
25965,148.4155094,-35.72548875,1479918.04014636,-3997966.49474823,63,27.726210640636,88.2958015427335,27.726210640636
25966,148.3810747,-35.75865725,1476359.73102254,-4001220.76412202,37,0.224535647092011,85.414821672656,0.224535647092011
25968,148.3828163,-35.75575229,1476557.08199617,-4000920.99086546,40,3.998189393793,85.4148216726559,3.998189393793
25972,148.3829764,-35.77203237,1476340.26566619,-4002715.60563981,41,13.2006188587208,81.2244679308774,13.2006188587208
25976,148.1778917,-36.40951226,1449027.84738798,-4070509.59887474,22,-8.23130955824167,28.8631123716843,8.23130955824167
25977,148.1236,-36.40617,1444237.54120109,-4069527.37244994,23,-4.39486890304033,27.3903950645233,4.39486890304033
25978,148.1639281,-36.44908868,1447230.40287805,-4074702.10778733,22,-5.98532462963848,31.7310555061754,5.98532462963848
25983,146.12422,-37.21272,1256079.52608973,-4137051.67273619,30.21037349,0.390859510138416,40.3183930123825,0.390859510138416
25984,146.64569,-36.69001,1308869.9807787,-4084819.63271421,32.65986324,-0.970834357129753,61.7761369087246,0.970834357129753
25991,147.2125,-36.9325,1356101.47854003,-4117389.73108895,54.9833057,6.20812465679458,224.123310535977,6.20812465679458
25994,147.2564,-36.88583,1360611.55184524,-4112728.85451721,18.25828,-2.4858208611996,96.1913337722485,2.4858208611996
26005,147.22917,-36.9275,1357646.25912497,-4117017.45922281,52.86856317,11.1533349731401,200.022694951865,11.1533349731401
26010,147.2127722,-36.91621944,1356339.63386087,-4115603.92298604,18.78297101,-26.4316363773687,130.538077844801,26.4316363773687
26011,147.21944,-36.91972,1356885.27167434,-4116059.32993415,57.09804823,9.13905966875495,194.788647886999,9.13905966875495
26013,147.255,-36.88194,1360538.57090303,-4112286.52387836,17.38883,-2.74374894106194,50.4556653257647,2.74374894106194
26021,147.23056,-36.92472,1357806.17186031,-4116726.8076045,59.21279075,16.2609434939493,195.219605994863,16.2609434939493
26022,147.23056,-36.90528,1358062.01232841,-4114590.96339996,52.86856317,17.4528619518161,123.140672497394,17.4528619518161
26023,147.29111,-36.93306,1363068.27302135,-4118287.82529603,42.29485054,0.332343949035874,116.889805249445,0.332343949035874
26025,147.23944,-36.91917,1358667.1492183,-4116211.46114206,46.52433559,1.99221221741745,210.495580266647,1.99221221741745
26030,147.23389,-36.90667,1358339.23203667,-4114779.0868056,50.75382065,9.8193305500094,144.714767496336,9.8193305500094
26041,147.25056,-36.89556,1359964.97072262,-4113735.7534052,21.14742527,-10.8286562745756,103.909718877737,10.8286562745756
26043,147.2553,-36.88,1360590.77499012,-4112076.55564474,9.563859,-7.56548343522747,50.4556653257647,7.56548343522747
26044,147.21944,-36.88944,1357283.49582965,-4112732.3655501,23.47492709,-8.35150964047882,93.1789755162699,8.35150964047882
26048,147.27861,-36.93222,1361970.41608822,-4118062.23274733,44.40959306,5.24323648035098,154.261389719135,5.24323648035098
26049,147.2494,-36.88556,1359993.7972379,-4112624.65409718,20.8666,5.00068429596738,48.3616031913101,5.00068429596738
26053,147.2519,-36.88,1360288.97770833,-4112040.34987816,15.64995,-0.27384803093555,45.128308770917,0.27384803093555
26061,147.2494,-36.87917,1360078.00523997,-4111922.53355233,8.694417,-6.56287724306813,32.0363014379369,6.56287724306813
26062,147.25417,-37.01778,1358674.61584231,-4127200.22503603,80.36021602,51.3411758941888,251.903091597304,51.3411758941888
26063,147.2464,-36.88111,1359786.14928203,-4112103.76437893,13.04163,-0.377140631525119,28.5030408305707,0.377140631525119
26066,147.28972,-36.94,1362853.2781316,-4119035.38830356,27.49165285,-8.80321435484824,116.833266065938,8.80321435484824
26067,147.245,-36.88194,1359650.94552409,-4112180.06334345,8.694417,-6.1387342618755,28.5030408305707,6.1387342618755
26068,147.245,-36.88167,1359654.50259326,-4112150.39610277,9,-5.8331512618755,28.5030408305707,5.8331512618755
26069,147.24722,-36.87806,1359899.1231811,-4111777.36078647,20.18151397,9.21177032846804,38.1973072833328,9.21177032846804
26071,147.2408,-36.88139,1359285.38427861,-4112074.93710414,17.38883,-3.68605873238465,33.8395235894431,3.68605873238465
26072,147.2425,-36.88139,1359436.2825798,-4112093.02562899,11,-2.88945648306515,33.839523589443,2.88945648306515
26073,147.2414,-36.87944,1359364.32654997,-4111867.05598403,14.78051,1.40829124715457,33.8395235894431,1.40829124715457
26075,147.2436,-36.88361,1359504.6782533,-4112348.66146525,19.12772,3.26668841482345,28.5030408305707,3.26668841482345
26076,147.2417,-36.88083,1359372.64769638,-4112022.98075055,19.99716,5.18467092109874,33.839523589443,5.18467092109874
26077,147.2417,-36.88056,1359376.20401179,-4111993.31331325,16.51939,1.70690092109874,33.839523589443,1.70690092109874
26083,145.74306,-37.52889,1218564.70333921,-4168085.57521814,11.92906093,-18.5721490957523,63.9211718631689,18.5721490957523
26085,145.77917,-37.53444,1221688.10969119,-4169039.76267207,40.55880717,9.46812360451515,59.4938902611171,9.46812360451515
26088,146.26676,-37.38183,1266620.52746864,-4157033.01161529,40.82482905,5.23188522169296,38.6502891457457,5.23188522169296
26090,147.53472,-37.14861,1381785.72934867,-4144573.31289931,32.65986324,-1.15528842028048,247.432657366976,1.15528842028048
26099,148.00944,-36.68028,1430270.31204447,-4098369.76140302,47.35680169,13.561484376531,54.4769609188426,13.561484376531
26101,147.99833,-36.64111,1429824.73299157,-4093941.61114849,33.47635982,0.497362628934354,55.4530252756181,0.497362628934354
26102,147.98111,-36.6275,1428481.82542292,-4092253.44140954,28.57738033,3.1266425961912,51.918268283687,3.1266425961912
26106,148.11056,-36.61556,1440157.96728103,-4092394.77525076,27.76088375,-8.18421164803135,66.6072320014436,8.18421164803135
26112,147.72917,-36.39306,1409266.69540025,-4063680.73886253,23,-11.5115779367716,86.2425833497055,11.5115779367716
26113,147.1975,-36.34111,1362543.55848998,-4052197.05588355,49,16.3450807683668,100.398996563376,16.3450807683668
26116,146.78167,-36.68722,1321004.01137169,-4085912.32046685,46.52433559,16.329227936463,58.3654814827939,16.329227936463
26123,145.40833,-37.52611,1189027.56820168,-4164626.27308583,24.65339259,-5.17645103544256,58.8557853739659,5.17645103544256
26124,145.41583,-37.52611,1189690.2094164,-4164696.09530744,31.84336666,2.33720124212311,58.8557853739659,2.33720124212311
26125,147.11364,-36.64651,1351066.49843462,-4084906.55619674,26.94438717,-8.22599683618706,72.6677924732379,8.22599683618706
26127,147.0775,-36.65222,1347776.37903351,-4085152.77911878,45,7.81315990138534,71.143907710917,7.81315990138534
26128,147.14789,-36.65958,1353942.67323342,-4086706.44650354,22.04540769,-7.54569465438523,81.553724955765,7.54569465438523
26129,147.07417,-36.64583,1347563.39924744,-4084414.90364532,60,23.0755508517448,71.143907710917,23.0755508517448
26131,147.07083,-36.65306,1347171.96876506,-4085174.80797776,17.97531148,-18.3620890801732,71.143907710917,18.3620890801732
26132,147.08673,-36.62269,1348982.92288625,-4082002.50146568,37.55884272,4.18934203242009,70.2882865427023,4.18934203242009
26136,147.50944,-36.99417,1381616.68511399,-4127345.05737325,13.06394529,-20.1192028127144,125.689782333028,20.1192028127144
26139,146.58281,-36.82287,1301599.62847065,-4098789.92980544,41.64132563,3.774590167128,82.4244376776919,3.774590167128
26141,146.60096,-36.83651,1303040.39664963,-4100474.83966137,40.00833247,1.43362109365534,54.1519091538038,1.43362109365534
26142,146.98223,-36.55659,1340538.72328723,-4073631.4981861,35.10935298,-0.386696385794004,85.8420461529664,0.386696385794004
26148,147.52667,-37.21806,1380142.35721026,-4152107.84753946,29.39387691,-7.02816531802418,145.735952165085,7.02816531802418
26149,146.00937,-36.80162,1250883.77224984,-4090723.96971965,26.94438717,-6.38665768433086,112.769977071774,6.38665768433086
26154,147.51917,-37.02167,1382110.56093146,-4130469.97272922,21.2289111,-9.78331821537249,134.087347873042,9.78331821537249
26155,147.59141,-37.02933,1388409.08378075,-4132094.30826833,18.77942136,-11.7516763082534,99.3241443230906,11.7516763082534
26156,147.57,-37.06889,1385980.040348,-4136204.91307106,31.02687008,0.306469409994065,125.88026967694,0.306469409994065
26157,147.32118,-36.56586,1370599.59079509,-4078247.65625923,22.04540769,-10.5512143077712,42.3921780357005,10.5512143077712
26161,147.60889,-36.72389,1394077.52874029,-4098734.13624937,31.84336666,-2.69322971233832,71.3723300399004,2.69322971233832
26172,147.85056,-36.58333,1417478.14637376,-4085944.9289096,36.74234614,2.59803010782952,45.807899650255,2.59803010782952
26173,147.8875,-36.47694,1422226.56335043,-4074659.68695048,21,-13.471464631674,41.9080568348235,13.471464631674
26179,146.89917,-37.01472,1327239.68532965,-4123132.35776534,31,-5.52824824131983,266.134799236322,5.52824824131983
26180,146.85417,-36.965,1323887.2187208,-4117202.30679905,31,-4.13621586717012,213.060178635546,4.13621586717012
26184,146.83612,-36.60953,1326845.14604889,-4077930.41621463,29.39387691,-5.17304260021682,47.0969660375517,5.17304260021682
26187,147.2767,-36.87139,1362603.96839083,-4111358.57782128,17.38883,-20.1041512166326,145.668123608697,20.1041512166326
26192,147.3489,-36.86444,1369105.08671725,-4111366.83619042,44.40959,4.75204935997206,178.242065698438,4.75204935997206
26195,147.32972,-36.85667,1367505.41337058,-4110307.67314595,44.40959306,-3.88292499898635,178.340710430953,3.88292499898635
26199,147.3425,-36.85944,1368603.25645109,-4110748.88671402,46.52433559,3.73061682064428,178.340710430953,3.73061682064428
26202,147.3200528,-36.86216944,1366574.36694434,-4110808.49877815,7.602631123,-31.1126984347469,178.94784680671,31.1126984347469
26203,147.27889,-36.87111,1362802.07024072,-4111351.17127765,26.16255653,-4.14294353250381,145.668123608697,4.14294353250381
26204,147.3397,-36.85667,1368391.40975012,-4110414.53426994,65.55702,19.3619811552587,178.340710430953,19.3619811552587
26207,147.32139,-36.84611,1366905.72117193,-4109058.18503802,40.18010801,-1.63176309507888,182.577145840213,1.63176309507888
26210,147.26528,-36.87472,1361546.28675192,-4111602.720082,19.03268274,-13.2595587256802,105.167523386709,13.2595587256802
26211,147.3353,-36.85889,1367971.36946728,-4110611.34114464,33.83588,-4.41293612178102,178.340710430953,4.41293612178102
26216,147.3425,-36.86639,1368511.10654799,-4111512.51919657,48.63907812,6.64040653779997,178.340710430953,6.64040653779997
26220,147.31306,-36.87611,1365769.10726589,-4112265.44916007,42.29485054,5.23773403259563,82.1209241840264,5.23773403259563
26221,147.33694,-36.84972,1368238.50504343,-4109621.31453725,52.86856317,7.1728449537759,181.448208162983,7.1728449537759
26228,147.32861,-36.84417,1367572.46464209,-4108922.27992324,16.91794022,-30.6287651824746,182.577145840213,30.6287651824746
26231,147.3403,-36.85528,1368463.10355577,-4110268.23081584,33.83588,-10.9261286585199,178.340710430953,10.9261286585199
26232,147.3383,-36.86444,1368164.12721389,-4111253.27946522,52.86856,11.8753776216682,178.340710430953,11.8753776216682
26234,147.3483,-36.86528,1369040.68344657,-4111452.7004403,54.98331,17.1089461631153,178.340710430953,17.1089461631153
26237,147.34,-36.85306,1368465.90115239,-4110021.08714473,69.7865,26.7864481157244,178.340710430953,26.7864481157244
26238,147.3469,-36.865,1368920.12080475,-4111406.93390871,57.09805,18.2415888887956,178.340710430953,18.2415888887956
26241,147.3372,-36.8575,1368158.46618036,-4110478.95749441,50.75382,8.19824280355184,178.340710430953,8.19824280355184
26242,147.28389,-36.87417,1363205.4994324,-4111740.74242447,18.38477631,-17.2525874264443,142.146230239554,17.2525874264443
26245,147.3425,-36.86361,1368547.96626533,-4111207.06822471,27.49165285,-10.9355012630746,178.340710430953,10.9355012630746
26248,147.28306,-36.8725,1363153.8796879,-4111548.39047311,24.04163056,0.0924340521911233,142.146230239554,0.0924340521911233
26250,147.35556,-36.87139,1369604.06202569,-4112201.83496924,40.18010801,-1.13557660969407,178.242065698438,1.13557660969407
26252,147.3383,-36.8575,1368256.12002643,-4110490.73800362,35.95062,-10.9969186487714,178.340710430953,10.9969186487714
26256,147.3361,-36.8525,1368127.08126952,-4109917.78482614,40.18011,-2.28290438961039,178.340710430953,2.28290438961039
26259,147.285,-36.87611,1363278.40459357,-4111965.7481226,28.28427125,6.68634535755692,142.847822049438,6.68634535755692
26260,147.285,-36.87583,1363282.10310726,-4111934.98268083,22.627417,1.02949110755693,142.847822049438,1.02949110755693
26261,147.32139,-36.86861,1366607.79740163,-4111530.46933769,33.83588043,-1.99107117487038,178.340710430953,1.99107117487038
26267,147.2853,-36.86556,1363444.39368754,-4110809.73296407,10.4333,-12.6504652861246,142.146230239554,12.6504652861246
26268,147.28222,-36.87139,1363093.97412193,-4111417.46303903,14.14213562,-6.99773089502142,142.146230239554,6.99773089502142
26272,147.32167,-36.86639,1366662.04718365,-4111289.54039484,27.49165285,-7.46910569523769,178.340710430953,7.46910569523769
26273,147.2831,-36.86556,1363249.09138789,-4110786.25564607,27.82214,7.50254967996078,142.146230239554,7.50254967996078
26278,147.2858,-36.86444,1363503.57585837,-4110692.00322432,17.38883,-3.86960734517718,142.146230239554,3.86960734517718
26282,147.2817,-36.86583,1363121.24212183,-4110800.98502216,11.30274,-7.78051700776892,142.146230239554,7.78051700776892
26283,147.2758,-36.875,1362476.41964607,-4111745.64035478,17.38883,4.37536956900446,145.668123608697,4.37536956900446
26284,147.39639,-36.86944,1373254.12125887,-4112425.89100884,35.95062296,-1.09718202880998,178.242065698438,1.09718202880998
26287,147.275,-36.86583,1362526.45612825,-4110729.51333985,12,-9.08610397198147,145.668123608697,9.08610397198147
26288,147.27944,-36.86583,1362920.61323547,-4110776.87317734,26,4.52512719118933,142.146230239554,4.52512719118933
26289,147.2806,-36.865,1363034.55162512,-4110698.04773018,25.21381,2.9892391971707,142.146230239554,2.9892391971707
26297,147.27722,-36.86361,1362752.84501046,-4110509.25504121,13.04162616,-4.40698056501391,142.146230239554,4.40698056501391
26298,147.2775,-36.86361,1362777.70229633,-4110512.24178911,19.99716011,2.54855338498609,142.146230239554,2.54855338498609
26299,147.27917,-36.86306,1362933.22058667,-4110469.62186382,52,31.5340916569703,142.146230239554,31.5340916569703
26302,147.27778,-36.86444,1362791.60086253,-4110606.43023078,20,-1.42364335656752,142.146230239554,1.42364335656752
26306,147.30056,-36.86361,1364824.854859,-4110758.40881251,35.95062296,-1.78819342736633,126.003971838519,1.78819342736633
26309,147.3389,-36.85806,1368301.96230264,-4110558.69540124,46.52434,-1.71378135336567,178.340710430953,1.71378135336567
26316,147.4667,-36.80194,1380396.96956558,-4105767.03456305,23.71708,-4.23649130942531,114.310541262392,4.23649130942531
26317,147.4644,-36.80111,1380203.79320851,-4105650.98142463,34.78505,3.79310057043632,153.246121554151,3.79310057043632
26319,147.4747,-36.81917,1380877.0228272,-4107746.72193178,23.6784,-8.70697259720263,114.310541262392,8.70697259720263
26320,147.4769,-36.82,1381061.27505816,-4107861.70008338,47.43416,14.3683951423154,114.310541262392,14.3683951423154
26323,147.46,-36.80028,1379824.10152818,-4105512.24877742,26.87936,-5.5514635535263,153.246121554151,5.5514635535263
26327,147.4644,-36.81,1380084.9673738,-4106627.83598008,30.04164,-2.06537001072429,114.310541262392,2.06537001072429
26343,146.925,-36.92889,1330636.99897647,-4113969.96274977,76.29446516,42.6046947142699,222.842839703723,42.6046947142699
26347,146.93861,-36.90194,1332192.77269103,-4111150.02600583,23,-11.7475651895439,207.889425924741,11.7475651895439
26353,147.2472,-37.02444,1357969.04107555,-4127857.5796494,37.38599,4.89535693480099,259.567965813765,4.89535693480099
26354,147.2489,-37.02389,1358126.97377758,-4127815.24522474,39.99432,13.6203659391393,259.567965813765,13.6203659391393
26355,147.2542,-37.02528,1358578.45271589,-4128024.25745217,39.99432,10.8581278634678,274.945211448372,10.8581278634678
26356,147.2528,-37.02417,1358468.98236611,-4127887.46179649,33.90823,7.77681212382367,259.567965813765,7.77681212382367
26357,147.24583,-37.02556,1357832.85460222,-4127966.02544941,23.47492709,-9.68998617698112,259.793957744874,9.68998617698112
26359,147.2569,-37.02417,1358832.40569052,-4127931.06427218,24.34437,-6.26417429992933,251.903091597304,6.26417429992933
26361,147.2561,-37.02306,1358776.12137471,-4127800.64701855,26.95269,-0.680608088524579,251.903091597304,0.680608088524579
26365,147.23778,-37.02083,1357181.56175509,-4127360.99595553,18,-9.26466606742301,256.102851531835,9.26466606742301
26366,147.23861,-37.02139,1357247.7651012,-4127431.31840769,27,-4.36406673572702,256.102851531835,4.36406673572702
26374,147.23861,-37.02333,1357222.229087,-4127644.38814394,35.35533906,2.70692087812183,259.451310443406,2.70692087812183
26375,147.2575,-37.0275,1358841.70345472,-4128303.1686019,33.03878627,2.74424769369929,274.945211448372,2.74424769369929
26377,147.25306,-37.0275,1358448.15545554,-4128255.95051149,16.51939313,-11.9111966672677,274.945211448372,11.9111966672677
26378,147.25056,-37.02667,1358237.49595291,-4128138.2134839,21.7360436,-6.90776253508234,284.016174535172,6.90776253508234
26379,147.23917,-37.03306,1357143.79132249,-4128718.96025723,51.11544834,19.3795235778101,272.924307307853,19.3795235778101
26381,146.13472,-37.515,1253321.79370928,-4170349.8314508,31.81082915,7.45145094076399,51.906907647907,7.45145094076399
26384,147.13972,-36.42778,1356251.85816171,-4061120.70584444,44.44985562,8.80047769254142,79.7242832317025,8.80047769254142
26385,146.35021,-36.86676,1280382.34603123,-4101266.04877702,39.19183588,3.49882761472666,122.681064415428,3.49882761472666
26388,147.03454,-36.83252,1341610.23676666,-4104523.92153026,36.74234614,2.54415862354317,172.366633691106,2.54415862354317
26391,147.0331,-36.8414,1341366.9457917,-4105484.85439592,29.39387691,-1.72099848539672,174.884041821031,1.72099848539672
26397,148.1275,-36.62889,1441478.3445021,-4094050.45880004,22.86190427,-11.8024336389374,66.2274201757782,11.8024336389374
26399,147.06056,-36.63056,1346551.27112109,-4082591.99376303,42,10.8195433326681,66.9208184671057,10.8195433326681
26408,147.20833,-36.93583,1355687.748163,-4117711.320821,33.83588043,-11.0916464209724,224.123310535977,11.0916464209724
26410,147.20333,-36.92833,1355342.67169915,-4116834.28173561,35.95062296,-9.82000964491867,181.120170957859,9.82000964491867
26411,147.15611,-36.95528,1350799.99264394,-4119295.0148089,59.21279075,17.6043062498643,225.131653526118,17.6043062498643
26416,147.1458,-36.96694,1349732.8372365,-4120467.02029222,40,16.4803947849733,214.663300500799,16.4803947849733
26419,147.1436,-36.97056,1349490.33905925,-4120841.46696853,29.56102,4.56088898314895,214.663300500799,4.56088898314895
26420,147.1547,-36.94472,1350813.18594801,-4118119.94318879,19.12772,-7.89523041275129,226.632080806363,7.89523041275129
26421,147.145,-36.96556,1349679.93574177,-4120306.96276504,42.29485054,12.8068105849585,214.663300500799,12.8068105849585
26426,147.12556,-36.9575,1348060.9351441,-4119216.22426278,61.32753328,18.9338768795312,231.230514565703,18.9338768795312
26427,147.19028,-37.015,1353047.37056401,-4126216.82861089,76.13073097,39.4940514965203,230.585597722806,39.4940514965203
26429,147.1544,-36.93944,1350855.70671379,-4117536.67431992,21.73604,-4.1879549981105,226.632080806363,4.1879549981105
26436,147.1392,-36.96944,1349114.72876016,-4120671.9547142,27.82214,0.293485208493983,214.663300500799,0.293485208493983
26440,147.1575,-36.94111,1351108.87013164,-4117752.93437909,16.51939,-12.0738258740516,226.632080806363,12.0738258740516
26448,147.02389,-36.92444,1339470.75371562,-4114514.35483161,48,13.1928402958387,265.428891794004,13.1928402958387
26449,146.99306,-37.015,1335561.60433294,-4124141.58939372,74.01598844,43.5649146528885,270.941448882573,43.5649146528885
26450,147.03056,-36.88222,1340611.0739862,-4109944.61650127,35.93818114,4.12514794247124,262.049432334002,4.12514794247124
26451,147.02389,-36.92556,1339456.21348148,-4114637.42733374,54,21.1521545741949,265.428891794004,21.1521545741949
26454,146.93863,-36.47534,1337705.6194757,-4064234.33005543,38.3753393,3.27628335699364,92.9128537365796,3.27628335699364
26456,147.2578,-36.88556,1360739.37388345,-4112714.09881926,19.99716,-3.82780711998911,105.753378826608,3.82780711998911
26457,147.28,-36.92278,1362218.36418293,-4117039.98252686,33.90822801,-8.87124085406123,154.523439354497,8.87124085406123
26460,147.2586,-36.88583,1360806.82069302,-4112752.28641555,24.34437,2.52865344873273,105.753378826608,2.52865344873273
26461,147.2814,-36.91389,1362459.96341202,-4116078.2367703,46.52434,0.907297284743144,155.098539461397,0.907297284743144
26463,147.26528,-36.90167,1361190.77572267,-4114563.83356273,69.78650339,28.9873252762699,209.17387251394,28.9873252762699
26464,147.2808,-36.91528,1362388.37073288,-4116224.54840834,44.40959,2.12553363018845,155.623597733763,2.12553363018845
26467,147.27917,-36.90972,1362317.14410004,-4115596.32098282,26.08325232,-12.7220853666376,170.07873201546,12.7220853666376
26468,147.2689,-36.91583,1361325.20598883,-4116158.12131616,52.86856,6.56812419496696,168.110613952711,6.56812419496696
26473,147.26611,-36.89639,1361334.08596508,-4113992.56110085,25.37691032,-10.473432713521,166.703639085601,10.473432713521
26476,147.2725,-36.88111,1362102.84958946,-4112381.79997466,22.60548534,-6.51365320573096,131.272144322111,6.51365320573096
26477,147.27056,-36.87944,1361952.69031467,-4112177.6235799,16.51939313,-12.1457304452101,129.677383404901,12.1457304452101
26478,147.29444,-36.90056,1363793.19370806,-4114752.86581831,38.06536548,-5.22449497909437,159.375800611538,5.22449497909437
26484,147.2875,-36.89361,1363269.12771822,-4113915.20893404,25.37691032,-9.716609092555,156.923980675651,9.716609092555
26488,147.2844,-36.91333,1362733.55621304,-4116048.71005819,54.98331,5.3745361545767,155.098539461397,5.3745361545767
26493,147.2844,-36.915,1362711.50076712,-4116232.18171378,23.26217,-19.4082375009564,155.098539461397,19.4082375009564
26495,147.2675,-36.92056,1361138.58249102,-4116662.85885722,67.67176086,26.2048238830041,155.437470511504,26.2048238830041
26496,147.2625,-36.90889,1360848.84604717,-4115327.46799049,21.14742527,-16.0883017443417,177.434412095556,16.0883017443417
26497,147.29167,-36.91917,1363301.47651554,-4116767.86819729,46.52433559,0.528347846401665,118.046640472244,0.528347846401665
26500,147.2856,-36.91361,1362836.3371442,-4116092.27235674,57.09805,10.7063992604156,155.098539461397,10.7063992604156
26502,147.2903,-36.91306,1363260.6447614,-4116081.99271774,48.63908,1.29780518917863,155.098539461397,1.29780518917863
26505,147.2603,-36.88472,1360972.34793225,-4112648.4329616,6.086092,-16.2250919961685,105.753378826608,16.2250919961685
26506,147.2606,-36.88611,1360980.6449569,-4112804.35622822,9.563859,-16.703051864653,105.753378826608,16.703051864653
26510,147.2822,-36.92056,1362442.8731037,-4116819.55098749,57.09805,12.9465168529504,154.523439354497,12.9465168529504
26511,147.2781,-36.91722,1362123.18531239,-4116408.89270316,50.75382,6.2416260582643,155.623597733763,6.2416260582643
26516,147.2881,-36.92111,1362959.09345727,-4116942.90652948,35.95062,-8.60608501436111,154.523439354497,8.60608501436111
26517,147.2875,-36.92111,1362905.85803805,-4116936.50557016,33.83588,-12.8112265239094,154.523439354497,12.8112265239094
26523,147.2906,-36.91639,1363243.26798234,-4116451.0358885,46.52434,-2.59263987292367,118.046640472244,2.59263987292367
26525,147.33806,-36.94,1367141.38778455,-4119551.87356271,40.18010801,-4.95665080169102,96.3993908844163,4.95665080169102
26527,147.26444,-36.89278,1361233.49315976,-4113578.12834537,40.18010801,17.0210163121527,164.677716575532,17.0210163121527
26530,147.27222,-36.90833,1361718.76866618,-4115369.51258966,28.69157755,-17.2929839206344,170.07873201546,17.2929839206344
26537,147.31806,-36.94194,1365341.59074838,-4119551.09791894,44.40959306,1.83658816856067,109.50925131601,1.83658816856067
26539,147.2786,-36.91917,1362141.80692131,-4116628.4555359,31.72114,-14.9821329011228,154.523439354497,14.9821329011228
26541,147.275,-36.87806,1362365.013454,-4112073.33371256,26.95269,13.2165359279873,119.450348638982,13.2165359279873
26543,147.27167,-36.88333,1361999.8797228,-4112616.87515611,41.73320371,27.6733531018052,129.505677424893,27.6733531018052
26547,147.2606,-36.87944,1361068.60695954,-4112071.47850253,24.34437,8.90787878189126,106.053542228354,8.90787878189126
26553,147.29722,-36.88861,1364197.86192697,-4113469.61280133,29.60639538,-5.13157231545198,107.354846052327,5.13157231545198
26554,147.26528,-36.91833,1360971.02054497,-4116394.21283535,31.7211379,-14.3432064883392,155.437470511504,14.3432064883392
26558,145.53472,-37.54278,1199999.19428695,-4167638.59990581,24.65339259,-3.85689256593331,58.8557853739659,3.85689256593331
26559,145.54306,-37.50944,1201125.41359748,-4164055.90709858,17.49595603,-7.90996428786725,58.4642509380107,7.90996428786725
26560,145.51806,-37.52889,1198689.6182929,-4165956.97326189,25.44866332,-1.25063310332027,58.8557853739659,1.25063310332027
26563,145.54583,-37.52333,1201207.82655065,-4165607.25623976,23.06285113,1.80693759162836,58.4642509380107,1.80693759162836
26567,145.69861,-37.60139,1213781.86874842,-4175621.37135445,13.04162616,-13.9235781591733,63.9778675158253,13.9235781591733
26573,145.695,-37.63306,1213089.16296699,-4179063.2083617,26.95269406,2.3934184307498,63.9778675158253,2.3934184307498
26580,145.72639,-37.60944,1216138.57790291,-4176769.15905826,19.08649749,-6.50812302875418,63.9211718631689,6.50812302875418
26581,145.72111,-37.60528,1215721.80785403,-4176262.29571657,21.7360436,-3.08706506566545,63.9211718631689,3.08706506566545
26582,145.8668,-37.503,1229803.23406833,-4166428.83351643,27.35176,-0.0832352450377378,55.0829619615214,0.0832352450377378
26588,145.8792,-37.47667,1231213.92039713,-4163657.42207753,17.96292,-12.7012711061943,50.641579039784,12.7012711061943
26593,145.8769,-37.47833,1230990.81640082,-4163817.52142249,28.57738,-1.88674371982335,49.8377604821005,1.88674371982335
26600,145.99489,-37.57021,1240306.49172854,-4175044.7418048,26.24393405,-5.70332580421897,50.4111196260167,5.70332580421897
26601,146.09583,-37.54833,1249482.18510048,-4173626.9980723,27.03920478,2.28414481732298,53.3593204473417,2.28414481732298
26602,145.97639,-37.57611,1238602.3436265,-4175512.78830049,31.01555842,0.344621732597382,50.4111196260167,0.344621732597382
26603,146.07639,-37.57611,1247428.68545807,-4176485.75068031,17.49595603,-7.8099759131951,51.6456721428159,7.8099759131951
26610,147.5272,-36.80083,1385784.906953,-4106300.0435906,17.39253,-16.1120015019786,113.299619150112,16.1120015019786
26611,146.84507,-36.78834,1325346.46670725,-4097689.37226662,32.65986324,0.637408021475672,47.9095185338376,0.637408021475672
26615,146.1375,-37.615,1252347.92791226,-4181351.0390126,27.83447551,-6.174768241167,57.5827778703975,6.174768241167
26616,146.15556,-37.60111,1254110.7554427,-4180004.16041217,30.22028769,2.41916323935034,57.5827778703975,2.41916323935034
26624,147.3175,-36.82472,1366843.51189978,-4106666.07952571,29.60639538,-10.2246719776735,171.703559452054,10.2246719776735
26630,147.3,-36.79556,1365675.02238007,-4103274.33217574,46.52433559,7.03049889843398,65.4459382045142,7.03049889843398
26631,147.26278,-36.77667,1362617.84008271,-4100800.74053956,24.34436883,0.909480026758327,41.4230861718889,0.909480026758327
26633,147.25778,-36.77389,1362210.24644562,-4100441.85836303,20.86660185,-5.52846439999938,41.4230861718889,5.52846439999938
26639,147.26778,-36.78972,1362889.86480025,-4102288.41122181,28.69157755,4.18020666787229,45.0388199536691,4.18020666787229
26640,147.25917,-36.79417,1362066.24934512,-4102685.67866079,13.04162616,-13.7907316994816,51.6439681596678,13.7907316994816
26642,147.26472,-36.80222,1362453.07692866,-4103629.60154624,19.99716011,-5.23130596890518,42.5425793397081,5.23130596890518
26644,147.4431,-36.80194,1378300.95563611,-4105512.23091962,25.26191,-3.88245018322919,153.246121554151,3.88245018322919
26646,147.4464,-36.80028,1378616.20772127,-4105365.42649179,25.26191,-5.25902937338474,153.246121554151,5.25902937338474
26647,147.26611,-36.76222,1363104.41594742,-4099247.98272092,18.25827662,-8.23918233482529,42.0706845668105,8.23918233482529
26650,146.41498,-37.52636,1277926.60738975,-4174372.93482557,41.64132563,10.8786019518307,42.5549433150177,10.8786019518307
26660,145.9375,-37.53444,1235670.53926026,-4170562.48702871,41.3540779,6.86328682073035,46.9904227961343,6.86328682073035
26662,145.69361,-37.53889,1214078.78806408,-4168712.68334445,33.90822801,3.35884316775094,64.3038695216858,3.35884316775094
26663,145.6725,-37.56861,1211863.79236994,-4171775.10417921,30.43046104,-3.54164701636528,64.3038695216858,3.54164701636528
26664,145.72639,-37.5275,1217108.76952442,-4167774.05802573,38.96826571,10.3479762004335,63.9211718631689,10.3479762004335
26665,145.66194,-37.57861,1210813.53063582,-4172772.77975336,29.56101929,-1.31280893822396,64.2108004111961,1.31280893822396
26667,145.65694,-37.57361,1210430.98776323,-4172176.49955978,43.47208719,13.373890841926,65.3896782601333,13.373890841926
26681,145.695,-37.55778,1213978.38467281,-4170799.77451989,33.90822801,0.0543297038216863,64.3038695216858,0.0543297038216863
26688,145.67917,-37.54833,1212692.03432354,-4169611.95271908,23.06285113,-9.92183117246832,64.3038695216858,9.92183117246832
26692,145.69111,-37.53194,1213940.07528162,-4167925.86973159,39.12487848,8.87223092041731,64.3038695216858,8.87223092041731
26694,145.66306,-37.56528,1211069.51739989,-4171320.01134775,36.51655324,5.6393330151277,64.2108004111961,5.6393330151277
26695,145.71472,-37.54472,1215874.23948247,-4169553.51179262,26.08325232,-3.93249305869051,63.9211718631689,3.93249305869051
26696,145.69889,-37.56861,1214193.91055796,-4172025.67471359,27.8221358,-5.1819908983053,64.3038695216858,5.1819908983053
26701,145.67083,-37.56472,1211762.2103686,-4171332.20989124,21.7360436,-6.86667643159347,64.3038695216858,6.86667643159347
26704,145.70139,-37.57472,1214342.43462224,-4172720.17922773,37.38599499,5.8186340629174,64.3038695216858,5.8186340629174
26706,145.65833,-37.58139,1210462.05600126,-4173043.75473372,21.7360436,-5.89482760075833,65.3896782601333,5.89482760075833
26708,145.63806,-37.57806,1208711.64626239,-4172486.27295996,13.9110679,-14.0302256525318,59.836507520288,14.0302256525318
26712,145.60417,-37.50111,1206622.54204803,-4163717.00485539,15.90541458,-10.4153552005868,59.017690018166,10.4153552005868
26724,146.8025,-36.72278,1322402.01297752,-4090038.91403092,42.29485054,11.692008159943,60.9260118758808,11.692008159943
26727,146.80167,-36.72528,1322296.19756365,-4090305.26880286,25.37691032,-7.67415956754205,57.464048882495,7.67415956754205
26730,146.78667,-36.7675,1320422.37156785,-4094793.11947485,40.18010801,9.31281408461563,67.5151649807,9.31281408461563
26736,146.79306,-36.76806,1320983.27235712,-4094920.7575948,29.60639538,-4.86185765201899,67.5151649807,4.86185765201899
26738,146.79417,-36.76917,1321067.75104906,-4095054.29511542,19.03268274,-16.4182651521544,67.5151649807,16.4182651521544
26741,146.79,-36.7675,1320718.4049547,-4094827.54061607,29.60639538,-3.47326402510048,67.5151649807,3.47326402510048
26748,146.79556,-36.75861,1321326.40620516,-4093907.43598965,29.60639538,5.86097180803113,67.6367158017801,5.86097180803113
26749,146.78667,-36.68917,1321423.9169149,-4086178.51414675,25.37691032,-3.29876107838626,62.2742971071642,3.29876107838626
26751,146.80306,-36.72056,1322480.23461695,-4089800.55728529,29.60639538,2.34134824962563,57.9932953611352,2.34134824962563
26757,146.79139,-36.69222,1321804.82283408,-4086562.81444653,16.91794022,-11.4708289200902,70.4367443044085,11.4708289200902
26760,146.80278,-36.71917,1322473.12454484,-4089644.78712067,25.37691032,-3.84331233021736,45.0748281645663,3.84331233021736
26765,146.80306,-36.71833,1322508.78016577,-4089555.30237142,23.2621678,-6.71543003321682,57.843344505547,6.71543003321682
26768,146.78528,-36.68972,1321293.22081015,-4086224.63304998,23.2621678,-6.52934744727299,62.2742971071642,6.52934744727299
26770,146.78611,-36.69028,1321359.90178794,-4086294.81269601,31.7211379,-0.509391103694302,62.2742971071642,0.509391103694302
26772,146.78972,-36.75083,1320906.6829894,-4092991.48822041,25.37691032,-6.28423806019322,65.8293499021838,6.28423806019322
26774,146.83255,-36.71033,1325234.19721654,-4088981.05258544,13.06394529,-7.73588463941524,49.8311184437702,7.73588463941524
26782,146.79028,-36.73889,1321109.1711637,-4091684.2085895,14.80319769,-15.1006491398567,56.2672127838468,15.1006491398567
26783,146.7825,-36.68833,1321063.66473016,-4086042.99482875,35.95062296,5.31358823976899,62.2742971071642,5.31358823976899
26786,145.92968,-37.32562,1237490.13575224,-4147556.3727483,24.49489743,-6.07601742803008,53.9769895153464,6.07601742803008
26788,145.96043,-37.41608,1239121.04755878,-4157789.69876187,17.1464282,-6.87147276565662,48.9252247749007,6.87147276565662
